"field_1","Mun_Code","typhoon","rain_total","wind_max","track_min_dist","ls_risk_pct","ss_risk_pct","blue_ss_frac","blue_ls_frac","red_ls_frac","orange_ls_frac","yellow_ss_frac","red_ss_frac","orange_ss_frac","yellow_ls_frac","slope_mean","elev_mean","ruggedness_sd","ruggedness_mean","slope_sd","has_coast","coast_length","roof_strong_wall_strong","roof_strong_wall_light","roof_strong_wall_salv","roof_light_wall_strong","roof_light_wall_light","roof_light_wall_salv","roof_salv_wall_strong","roof_salv_wall_light","roof_salv_wall_salv","damage_perc","Mun_Code_2","Municipality","region","island_groups","wind_blue_ss","wind_yellow_ss","wind_orange_ss","wind_red_ss","rain_blue_ss","rain_yellow_ss","rain_orange_ss","rain_red_ss","adj_M15_preds","unadj_M15_preds","ass_M15_preds","adj_M15_dec","unadj_M15_dec","ass_M15_dec"
"1","PH175101000","melor2015","287.239285714286","51.2559064897042","7.07256951120562","2.64","6.18","6.18","2.64","1.17","0.03","1.43","6.12","0","0.06","16.48","479.57","47.2","82.19","9.73","1","37836","46.1099512874043","8.21155184411969","0.0974251913709116","2.5330549756437","41.892832289492","1.00208768267223","0","0.0278357689631176","0.0835073068893528","0.69589422407794","175101000","Abra De Ilog","MIMAROPA Region","Luzon","316.761502106372","73.295946280277","0","313.68614771699","135.315593132819","3.07535438938225","1.53767719469113","59.9694105929539","5.53221845626831","5.04628229141235","0.655761659145355",5.532,5.05,0.656
"2","PH030801000","melor2015","164.5375","31.2608318313426","48.2913119146565","0.78","40.87","40.8","0.78","0","0","0.78","40.83","0.05","0","6.5","232.23","37.28","33.53","7.5","1","6116","89.8012100259291","7.43301642178047","0.118841832324978","0.248487467588591","2.18236819360415","0","0","0.0108038029386343","0.0108038029386343","NA","30801000","Abucay","Central Luzon","Luzon","1275.44193871878","24.3834488284472","1.56304159156713","1276.37976367372","24.3834488284472","0","0","0","2.811607837677","1.61914932727814","-0.665876030921936",2.812,1.62,-0.666
"3","PH083701000","melor2015","26.06875","11.8470106499943","207.695542958154","0.06","0","0","0.06","0.06","0","0","0","0","0","8.73","182.19","36.8","43.56","7.71","1","38796","49.4433579058222","33.6392357454491","0.850007522190462","1.21859485482172","13.6452534978186","0.549119903715962","0.0300887618474499","0.0902662855423499","0.112832856927937","NA","83701000","Abuyog","Eastern Visayas","Visayas","0","0","0","0","0.710820638999658","0","0","0.710820638999658","0.639433085918427","0.312395066022873","-0.757680952548981",0.639,0.31,-0.758
"4","PH045601000","melor2015","288.766666666667","25.5618028950024","99.9861449179155","3.53","2.77","2.77","3.53","0","0","3.53","2.67","0.1","0","3.23","38.78","13.06","17.71","2.82","1","10378","68.5678073510773","12.3574144486692","0.697084917617237","1.7743979721166","15.0823827629911","0.443599493029151","0","0","0.0950570342205323","NA","45601000","Agdangan","CALABARZON","Luzon","70.8061940191566","90.2331642193585","2.55618028950024","68.2500137296564","90.2331642193585","0","0","0","1.00334882736206","1.40030884742737","0.48297056555748",1.003,1.40,0.483
"5","PH025701000","melor2015","516.65","11.6473001797519","247.345779044497","0.34","0.07","0.07","0.34","0.27","0","0.07","0","0","0.07","8.75","335.6","34.98","43.73","7.67","0","0","64.1743119266055","29.388379204893","0.0305810397553516","0.122324159021407","6.08562691131498","0","0","0.0458715596330275","0.0305810397553516","NA","25701000","Aglipay","Cagayan Valley","Luzon","0.815311012582633","0.815311012582633","0","0","3.96008206111565","0.815311012582633","0","3.14477104853301","0.0716867670416832","0.198926389217377","4.4767050743103",0.072,0.20,4.477
"6","PH015501000","melor2015","166.258333333333","13.4782296835485","191.340317785167","1.52","1.28","1.28","1.52","0.02","0","1.5","1.28","0","0","4.58","60.23","16.51","24.32","3.73","1","36607","59.5631730623388","22.9637494312149","0.197178826027605","0.667374488093432","15.5922948581829","0.0758380100106173","0","0.0151676020021234","0.0758380100106173","NA","15501000","Agno","Ilocos Region","Luzon","17.2521339949421","20.2173445253228","0","17.2521339949421","20.4869091189937","0","0","0.26956459367097","0.0543342120945454","0.0781736075878143","-0.336256057024002",0.054,0.08,-0.336
"7","PH041001000","melor2015","212.7","42.7061960878341","35.3006979193672","0.44","0.02","0.02","0.44","0","0","0.44","0","0","0.02","5.87","123.65","18.01","31.63","3.8","1","13209","88.3423007942608","7.5582884960287","0.0256213169356904","0.281834486292595","3.26671790930054","0.0384319754035357","0.0128106584678452","0.0384319754035357","0.0256213169356904","NA","41001000","Agoncillo","CALABARZON","Luzon","0.854123921756682","18.790726278647","0","0","18.790726278647","0.854123921756682","0","0","0.862833678722382","0.739460349082947","2.78429746627808",0.863,0.74,2.784
"8","PH013301000","melor2015","188.7125","12.2253740090228","221.759744475339","0","0","0","0","0","0","0","0","0","0","4.93","51.48","28.4","25.64","5.98","1","10118","84.5195464040585","13.4139062966279","0.223813786929275","0.164130110414801","1.14891077290361","0.0074604595643091","0","0.0149209191286183","0.0447627573858549","NA","13301000","Agoo","Ilocos Region","Luzon","0","0","0","0","0","0","0","0","0.101445682346821","0.092560313642025","0.0246874149888754",0.101,0.09,0.025
"9","PH015502000","melor2015","222.34","15.985373546587","159.821487681608","0","0","0","0","0","0","0","0","0","0","8.77","208.29","33.22","42.57","7.38","0","0","75.1833313933186","16.1797229658945","0.279362123152136","0.675125130950995","7.10045396345012","0.0232801769293446","0.0116400884646723","0","0.128040973111396","NA","15502000","Aguilar","Ilocos Region","Luzon","0","0","0","0","0","0","0","0","0.125622555613518","0.105512790381908","0.739814341068268",0.126,0.11,0.740
"10","PH175302000","melor2015","73.09375","11.4953993236736","217.747021963764","5.52","0.36","0.36","5.52","0","0","5.52","0.36","0","0","9.83","56.21","36.95","47.61","7.6","1","311","36.0381077529566","32.5229960578187","0.0657030223390276","0.821287779237845","30.3547963206308","0","0","0.0328515111695138","0","NA","175302000","Agutaya","MIMAROPA Region","Luzon","4.1383437565225","63.4546042666783","0","4.1383437565225","63.4546042666783","0","0","0","0.175486534833908","0.219335570931435","4.48327445983887",0.175,0.22,4.483
"11","PH063001000","melor2015","37.73125","12.3549006517692","184.969554643486","0.23","0","0","0.23","0.23","0","0","0","0","0","6.71","96.24","29.13","34.13","6.47","1","66445","43.339911198816","38.6942937016938","0.904456503864496","0.748232198651538","15.0633119552705","0.197335964479526","0.0657786548265088","0.164446637066272","0.402894260812366","NA","63001000","Ajuy","Western Visayas","Visayas","0","0","0","0","2.84162714990692","0","0","2.84162714990692","0.672476232051849","0.572141110897064","0.300713151693344",0.672,0.57,0.301
"12","PH045602000","melor2015","205.433333333333","20.6626900504827","125.237227460935","3.78","15.33","15.3","3.78","0","0","3.78","15.33","0","0","6.96","63.79","31.62","36.11","6.8","1","36794","61.4862955637186","17.7733823113874","0.113026278609777","1.4693416219271","17.6886126024301","0","0","0.0282565696524441","0.0282565696524441","NA","45602000","Alabat","CALABARZON","Luzon","316.139157772385","78.1049683908246","0","316.7590384739","78.1049683908246","0","0","0","0.467857867479324","0.276631295681","1.21184873580933",0.468,0.28,1.212
"13","PH043401000","melor2015","243.425","30.5938701347671","65.4931667873324","0","0","0","0","0","0","0","0","0","0","6.2","214.69","35.81","31.5","7.5","0","0","83.2925170068027","12.4263038548753","0.408163265306122","0.208616780045351","3.24716553287982","0.0453514739229024","0.0181405895691609","0.0362811791383219","0.199546485260771","NA","43401000","Alaminos","CALABARZON","Luzon","0","0","0","0","0","0","0","0","0.367913901805878","0.332821637392044","0.615800201892853",0.368,0.33,0.616
"14","PH083702000","melor2015","63.58","16.0892964437989","157.101649221295","0","0","0","0","0","0","0","0","0","0","2.01","36.56","18.9","11.82","3.75","0","0","38.6576441891573","48.8630104650248","2.56511133842159","0.613738295695963","6.9163584861122","0.771107089464159","0.0786843968840978","0.598001416319144","0.676685813203242","NA","83702000","Alangalang","Eastern Visayas","Visayas","0","0","0","0","0","0","0","0","0.879318594932556","0.61240953207016","-0.413855791091919",0.879,0.61,-0.414
"15","PH083703000","melor2015","39.625","13.2425228557766","189.056077350297","0.07","0","0","0.07","0.07","0","0","0","0","0","8.76","125.03","35.96","45.11","7.49","1","17360","48.2150967390317","33.4726133163775","5.0413298210555","0.563175583613407","7.31219910981924","0.590426015078572","0.245253883186484","0.862930329730221","2.8431283495322","NA","83703000","Albuera","Eastern Visayas","Visayas","0","0","0","0","0.926976599904362","0","0","0.926976599904362","0.2286366969347","0.256577134132385","0.39888921380043",0.229,0.26,0.399
"16","PH015504000","melor2015","254.35","15.6998967817351","169.216372963217","0","0","0","0","0","0","0","0","0","0","0.54","22.02","2.1","3.95","0.37","0","0","76.6829074276623","16.8738192303868","0.357959630108382","0.228696430347022","4.43472208412051","0.059659938351397","0","0.0795465844685293","0.0497166152928308","NA","15504000","Alcala","Ilocos Region","Luzon","0","0","0","0","0","0","0","0","0.150744989514351","0.157553449273109","0.208112314343452",0.151,0.16,0.208
"17","PH175901000","melor2015","178.85","30.7077918778737","68.2300554257277","0.18","0","0","0.18","0.09","0.09","0","0","0","0","10.8","172.67","30.76","55.08","6.84","1","27047","53.355155482815","8.5379159847245","0.409165302782324","4.63720676486634","30.0054555373704","0.436442989634479","0.245499181669394","0.709219858156028","1.30932896890344","NA","175901000","Alcantara","MIMAROPA Region","Luzon","0","0","0","0","5.52740253801727","0","2.76370126900863","2.76370126900863","2.89981985092163","2.17346930503845","-2.84787392616272",2.900,2.17,-2.848
"18","PH042101000","melor2015","238.716666666667","42.3223559922443","38.8903932901777","0","0.02","0.02","0","0","0","0","0","0","0.02","2.98","437.9","11.28","15.76","2.25","0","0","90.6988607379697","6.61452133990818","0.238054752593096","0.178541064444822","1.95544975344329","0.0255058663492603","0.0510117326985206","0.0255058663492603","0.0425097772487672","NA","42101000","Alfonso","CALABARZON","Luzon","0.846447119844886","0","0","0","0","0.846447119844886","0","0","0.360765278339386","0.709700405597687","1.15975058078766",0.361,0.71,1.160
"19","PH025015000","melor2015","515.825","14.6709795340132","196.143755123686","1.4","0.07","0.07","1.4","1.33","0","0.07","0","0","0.07","20.82","845.85","46.25","105.99","9.67","0","0","49.5793606281548","33.7633202467751","0.112170499158721","0.448681996634885","15.8721256309591","0.0560852495793606","0","0.112170499158721","0","NA","25015000","Alfonso Castaneda","Cagayan Valley","Luzon","1.02696856738092","1.02696856738092","0","0","20.5393713476185","1.02696856738092","0","19.5124027802376","0.152589797973633","0.112590491771698","7.63006162643433",0.153,0.11,7.630
"20","PH034901000","melor2015","375.833333333333","18.5035954107891","142.518990472765","0","0","0","0","0","0","0","0","0","0","0.51","28.1","1.75","3.87","0.31","0","0","85.2008608321377","8.08464849354376","0.186513629842181","0.416068866571019","5.52367288378766","0.0358680057388809","0.0143472022955523","0.121951219512195","0.1506456241033","NA","34901000","Aliaga","Central Luzon","Luzon","0","0","0","0","0","0","0","0","0.264717251062393","0.214548587799072","-0.902402758598328",0.265,0.21,-0.902
"21","PH012901000","melor2015","166.575","7.66283989969194","284.252548258944","4.76","0.05","0.05","4.76","4.76","0","0","0","0","0.05","21.7","566.71","60.66","110.88","11.35","0","0","83.1186440677966","15.0508474576271","0.0677966101694915","0","0.949152542372881","0","0","0","0","NA","12901000","Alilem","Ilocos Region","Luzon","0.383141994984597","0","0","0","36.4751179225336","0.383141994984597","0","36.4751179225336","0.0540961064398289","0.102429144084454","-0.210518509149551",0.054,0.10,-0.211
"22","PH063002000","melor2015","54.2416666666667","10.0796695375049","226.397659009965","0.53","0","0","0.53","0.53","0","0","0","0","0","9.59","255.57","36.05","48.5","7.59","0","0","41.2808737743577","55.2687104381283","0.0496462703239419","0.0248231351619709","2.2216705969964","0","0.0124115675809854","0.0372347027429564","0.0248231351619709","NA","63002000","Alimodian","Western Visayas","Visayas","0","0","0","0","5.3422248548776","0","0","5.3422248548776","0.237743228673935","0.092947207391262","0.53400993347168",0.238,0.09,0.534
"23","PH041002000","melor2015","276.1","41.5109167201297","38.4521547308409","0","0","0","0","0","0","0","0","0","0","3.89","200.8","36.89","20.46","7.23","1","6750","84.771074867361","9.90371389270976","0.31440361564158","0.255452937708784","4.26409903713893","0.0393004519551974","0","0.0393004519551974","0.117901355865592","NA","41002000","Alitagtag","CALABARZON","Luzon","0","0","0","0","0","0","0","0","0.634750127792358","0.816163182258606","0.682146370410919",0.635,0.82,0.682
"24","PH084801000","melor2015","273.65","56.0122292733051","19.4297307998461","1.99","1.57","1.57","1.99","0","0","1.99","1.57","0","0","7.06","77.24","18.44","36.07","4.42","1","20472","42.0279339742427","6.89279883910756","0.126972610194087","7.69091238889896","42.2274623616905","0.326500997641937","0.0725557772537638","0.126972610194087","0.344639941955378","45.3473607836024","84801000","Allen","Eastern Visayas","Visayas","87.939199959089","111.464336253877","0","87.939199959089","111.464336253877","0","0","0","43.5719795227051","41.7154998779297","45.026969909668",43.572,41.72,45.027
"25","PH086001000","melor2015","70.175","25.5094427030302","84.044854470009","2.24","0","0","2.26","2.01","0.23","0","0","0","0","17.97","147.58","29.46","87.46","6.75","1","39711","45.9149546106068","6.54562828475872","1.81557572861921","6.49784997611085","35.3559483994267","1.52890587673196","0.812231247013856","0.191113234591495","0.573339703774486","NA","86001000","Almagro","Eastern Visayas","Visayas","0","0","0","0","57.6513405088482","0","5.86717182169695","51.2739798330907","1.48390781879425","3.10656833648682","-0.765572130680084",1.484,3.11,-0.766
"26","PH087801000","melor2015","90.7875","18.4496488340996","122.729179233626","0","0","0","0","0","0","0","0","0","0","11.35","292.51","37.63","57.07","7.68","1","12395","54.8562933597621","36.6204162537166","0.396432111000991","0.396432111000991","7.21010901883053","0.0991080277502477","0.0991080277502477","0.12388503468781","0.0991080277502477","NA","87801000","Almeria","Eastern Visayas","Visayas","0","0","0","0","0","0","0","0","0.98762458562851","1.21469962596893","0.613228261470795",0.988,1.21,0.613
"27","PH072204000","melor2015","9.425","6.8764091501215","284.962669349897","0.1","0.05","0.05","0.1","0.1","0","0","0","0","0.05","6.55","114.01","21.61","35.9","4.63","1","12331","51.0601219866396","40.0668022073773","0.53732210281731","0.1161777519605","6.78187627069416","0.246877722916061","0","0.0871333139703746","0.71158873075806","NA","72204000","Aloguinsan","Central Visayas","Visayas","0.343820457506075","0","0","0","0.68764091501215","0.343820457506075","0","0.68764091501215","0.374923348426819","0.288738518953323","0.0525980815291405",0.375,0.29,0.053
"28","PH060401000","melor2015","83.8","15.3354709095657","153.059328144573","0","0","0","0","0","0","0","0","0","0","6.63","63.59","25.89","34.59","5.7","1","6","44.7226890756302","29.9327731092437","0.554621848739496","2.53781512605042","20.9579831932773","0.218487394957983","0.0168067226890756","0.0672268907563025","0.756302521008403","NA","60401000","Altavas","Western Visayas","Visayas","0","0","0","0","0","0","0","0","1.20206689834595","0.673747539520264","0.886104047298431",1.202,0.67,0.886
"29","PH042102000","melor2015","219.733333333333","37.1922898520685","55.1734908766173","0","0","0","0","0","0","0","0","0","0","2.2","413.45","6.18","11.22","1.29","0","0","89.9783129779706","7.55621504394476","0.456568884830499","0.114142221207625","1.01586576874786","0.0342426663622874","0.0114142221207624","0.114142221207625","0.148384887569912","NA","42102000","Amadeo","CALABARZON","Luzon","0","0","0","0","0","0","0","0","0.557725250720978","0.932495653629303","3.62401032447815",0.558,0.93,3.624
"30","PH025001000","melor2015","386.735714285714","10.7872746427799","258.771180175216","4.27","0.19","0.19","4.27","4.17","0.1","0","0","0","0.19","20.6","932.73","45.09","103.05","9.39","0","0","7.60961810466761","72.1923620933522","0.0282885431400282","0.0282885431400282","19.8868458274399","0.0282885431400282","0","0.198019801980198","0","NA","25001000","Ambaguio","Cagayan Valley","Luzon","2.04958218212818","0","0","0","46.0616627246702","2.04958218212818","1.07872746427799","44.9829352603922","0.037044383585453","0.0573184080421925","-0.955950319766998",0.037,0.06,-0.956
"31","PH086401000","melor2015","20.4666666666667","9.19057709558541","252.532872458878","5.15","0","0","5.15","0.14","0","5.01","0","0","0","10.91","287.8","41.99","54.37","8.13","1","7940","61.6213151927438","21.0884353741497","1.47392290249433","0.90702947845805","12.0748299319728","0.623582766439909","0.736961451247165","0.680272108843537","0.793650793650794","NA","86401000","Anahawan","Eastern Visayas","Visayas","0","46.0447912488829","0","0","47.3314720422649","0","0","1.28668079338196","0.893900275230408","0.282093018293381","-0.403904467821121",0.894,0.28,-0.404
"32","PH036901000","melor2015","308.966666666667","16.4836799541299","160.778929164681","0","0","0","0","0","0","0","0","0","0","0.63","21.34","2.25","4.53","0.41","0","0","83.3147113594041","12.8864059590317","0.0372439478584729","0.0744878957169459","3.05400372439479","0","0","0.0372439478584729","0","NA","36901000","Anao","Central Luzon","Luzon","0","0","0","0","0","0","0","0","0.144282504916191","0.125981688499451","0.60568642616272",0.144,0.13,0.606
"33","PH015505000","melor2015","153.0625","12.2612785725894","216.073248355461","3.48","6.6","6.6","3.48","0","0","3.48","6.6","0","0","1.76","15.86","6.23","10.23","1.35","1","8568","58.0624396523978","35.0713442763652","0.375496191395773","0.171655401780925","5.24621821692951","0.171655401780925","0","0.0965561635017702","0.203840789614848","NA","15505000","Anda","Ilocos Region","Luzon","80.92443857909","42.6692494326111","0","80.92443857909","42.6692494326111","0","0","0","0.0921033099293709","0.19599911570549","0.0865100398659706",0.092,0.20,0.087
"34","PH031401000","melor2015","252.975","24.3945263788228","102.107424538839","0","0","0","0","0","0","0","0","0","0","2.12","47.95","8.27","11.85","1.76","1","8764","88.0349040139616","8.80977312390925","0.237347294938918","0.195462478184991","2.06631762652705","0.0069808027923211","0.0139616055846422","0.0698080279232111","0.160558464223386","NA","31401000","Angat","Central Luzon","Luzon","0","0","0","0","0","0","0","0","0.302767962217331","0.330224186182022","0.410884290933609",0.303,0.33,0.411
"35","PH035401000","melor2015","225.15","22.8046705352102","97.5022577617724","0","0","0","0","0","0","0","0","0","0","2.47","177.84","16.88","13.79","3.32","0","0","95.0288382312552","3.59579997042233","0.021126909344432","0.110916274058268","0.82500580990007","0.0063380728033296","0.0179578729427672","0.05281727336108","0.194367565968774","NA","35401000","","Central Luzon","Luzon","0","0","0","0","0","0","0","0","0.398656874895096","1.5093719959259","2.32131385803223",0.399,1.51,2.321
"36","PH045801000","melor2015","138.5","27.2177378320747","98.6965282359583","0.1","0","0","0.1","0.1","0","0","0","0","0","5.39","106.52","21.87","27.24","4.7","1","3709","85.6064863129164","12.3304166332183","1.17203178935538","0.0280966524845468","0.188648952396243","0","0.0080276149955848","0.0441518824757164","0.0762623424580557","NA","45801000","Angono","CALABARZON","Luzon","0","0","0","0","2.72177378320747","0","0","2.72177378320747","0.306596547365189","0.411623448133469","1.17866396903992",0.307,0.41,1.179
"37","PH063003000","melor2015","35.35","11.1148005798239","204.788952844059","0.34","0","0","0.34","0.34","0","0","0","0","0","5.52","74.7","28.03","28.68","5.85","1","7787","41.0047626363497","51.6822860654478","0.26117683207866","0.0921800583807036","6.3450606852051","0.076816715317253","0.0153633430634506","0.0614533722538024","0.107543401444154","NA","63003000","Anilao","Western Visayas","Visayas","0","0","0","0","3.77903219714013","0","0","3.77903219714013","0.327557235956192","0.201426759362221","0.469032168388367",0.328,0.20,0.469
"38","PH060601000","melor2015","43.125","8.27874776246707","273.816760280209","1.42","0","0","1.42","0","0","1.42","0","0","0","8.83","100.99","26.19","43.61","5.8","1","26475","37.714161787031","31.3381045326393","0.0433745391455215","2.25547603556712","28.3669486011711","0.130123617436565","0","0.0216872695727607","0.108436347863804","NA","60601000","Anini-Y","Western Visayas","Visayas","0","11.7558218227032","0","0","11.7558218227032","0","0","0","0.091767854988575","0.143999308347702","-0.737360894680023",0.092,0.14,-0.737
"39","PH035402000","melor2015","241.75","25.0251637213277","91.5136190034479","0","0","0","0","0","0","0","0","0","0","0.54","7.74","2.03","4.09","0.34","0","0","95.4782684969957","2.94723915617736","0.0350861804306828","0.280689443445463","1.08767159335117","0.013157317661506","0.0175430902153414","0.013157317661506","0.0263146353230121","NA","35402000","Apalit","Central Luzon","Luzon","0","0","0","0","0","0","0","0","0.437253713607788","2.15134453773499","0.985474288463593",0.437,2.15,0.985
"40","PH035403000","melor2015","250.716666666667","22.8036907546142","105.288735321741","0","0","0","0","0","0","0","0","0","0","3.84","79.89","31.66","18.99","6.8","0","0","88.5903838442751","5.64283891663325","0.0911311194546713","1.39248350526738","3.67805198119054","0.0145809791127474","0.0656144060073633","0.26610286880764","0.156745525462035","0","35403000","Arayat","Central Luzon","Luzon","0","0","0","0","0","0","0","0","0.387134283781052","0.310566663742065","-0.416731774806976",0.387,0.31,-0.417
"41","PH013302000","melor2015","185.5125","11.935082583865","227.289105506481","0.07","0.02","0.02","0.07","0.02","0","0.05","0","0","0.02","9.06","152.41","33.47","44.65","7.35","1","7853","73.9007626400527","23.3217211185387","0.376612371716411","0.122399020807834","1.43112701252236","0.0282459278787308","0.0188306185858205","0.0753224743432821","0.291874588080218","NA","13302000","Aringay","Ilocos Region","Luzon","0.2387016516773","0.59675412919325","0","0","0.83545578087055","0.2387016516773","0","0.2387016516773","0.0956971570849419","0.0848226100206375","0.137242689728737",0.096,0.08,0.137
"42","PH025002000","melor2015","420.625","12.8973469058369","219.604111465537","0.48","0.05","0.05","0.48","0.46","0.01","0","0","0","0.05","13.67","682.82","39.01","66.87","8.47","0","0","68.8271968003764","24.0559934125397","0.0705799317727326","0.388189624750029","5.45818139042466","0.0352899658863663","0","0.0117633219621221","0","NA","25002000","Aritao","Cagayan Valley","Luzon","0.644867345291845","0","0","0","6.19072651480171","0.644867345291845","0.128973469058369","5.93277957668497","0.0987344011664391","0.0801141113042831","1.78090786933899",0.099,0.08,1.781
"43","PH054101000","melor2015","286.94","48.496590270639","27.6014137526097","3.1","3.37","3.37","3.1","0.27","0.02","2.8","3.37","0","0","6.48","81.54","27.33","34.03","5.87","1","168360","38.6994541933212","21.3451493632255","0.0762955572510123","2.15388227008627","36.9681319326252","0.064557779212395","0","0.0939022243089383","0.0234755560772345","NA","54101000","Aroroy","Bicol Region","Luzon","163.433509212053","135.790452757789","0","163.433509212053","150.339429838981","0","0.96993180541278","13.0940793730725","4.08675575256348","3.91202616691589","19.7947978973389",4.087,3.91,19.795
"44","PH082601000","melor2015","199.9","50.4116204547289","32.6298720897536","0","0","0","0","0","0","0","0","0","0","4.36","36.95","16.1","23.31","3.44","1","56752","23.6119061247853","18.8895248998283","0.028620492272467","2.0034344590727","53.1196336576989","0.48654836863194","0.028620492272467","0.20034344590727","1.31654264453349","0.543789353176875","82601000","Arteche","Eastern Visayas","Visayas","0","0","0","0","0","0","0","0","30.012414932251","33.3287391662598","2.96237397193909",30.012,33.33,2.962
"45","PH015506000","melor2015","292.4625","14.1187843962525","193.15956042948","0","0","0","0","0","0","0","0","0","0","0.58","40.97","1.96","4.1","0.38","0","0","82.5321494182486","12.4311083894672","0.114819350887936","0.443968156766687","3.8426209430496","0.0153092467850581","0","0.0153092467850581","0.0612369871402327","NA","15506000","Asingan","Ilocos Region","Luzon","0","0","0","0","0","0","0","0","0.118203394114971","0.100729875266552","-0.266491323709488",0.118,0.10,-0.266
"46","PH142711000","melor2015","372.83125","10.3100866203075","269.272565002942","0.4","0","0","0.4","0.4","0","0","0","0","0","20.82","1079.83","46.15","105.45","9.66","0","0","27.9250618593142","64.757864969954","0","0.0353481795687522","6.85754683633793","0","0","0","0","NA","142711000","Asipulo","Cordillera Administrative Region","Luzon","0","0","0","0","4.124034648123","0","0","4.124034648123","-0.00306810298934579","0.0550297424197197","-0.74229508638382",-0.003,0.06,-0.742
"47","PH072206000","melor2015","20.4625","8.70692801285751","239.222046371233","0.24","0.03","0.03","0.24","0.18","0.05","0","0","0","0.03","9.14","136.53","33.03","49.14","7.26","1","21223","44.7556556654588","37.8709235138576","0.284007442953677","0.910782489472138","15.1209479972579","0.195867202037019","0.0489668005092547","0.0783468808148075","0.244834002546274","NA","72206000","Asturias","Central Visayas","Visayas","0.261207840385725","0","0","0","2.0896627230858","0.261207840385725","0.435346400642876","1.56724704231435","0.338176250457764","0.332021713256836","-0.512037396430969",0.338,0.33,-0.512
"48","PH045603000","melor2015","251.214285714286","24.2077782901557","105.309642719162","2.98","3.48","3.48","2.98","0.37","0","2.61","3.48","0","0","9.93","128.37","32.36","51.05","7.07","1","24775","68.8462071834697","16.87699348218","0.44376646789627","1.24809319095826","11.537928165303","0.284287893496048","0.0554708084870337","0.152544723339343","0.159478574400222","NA","45603000","Atimonan","CALABARZON","Luzon","84.2430684497418","63.1823013373064","0","84.2430684497418","72.139179304664","0","0","8.95687796735761","0.659452855587006","0.724459111690521","0.4499631524086",0.659,0.72,0.450
"49","PH141101000","melor2015","241.69","11.0634887166481","248.65122769556","3.23","0.01","0.01","3.23","3.2","0.03","0","0","0","0.01","23.87","1485.29","47.43","121.97","9.57","0","0","94.1135734072022","5.30932594644506","0.0692520775623268","0.0461680517082179","0.392428439519852","0","0","0","0","NA","141101000","Atok","Cordillera Administrative Region","Luzon","0.110634887166481","0","0","0","35.7350685547734","0.110634887166481","0.331904661499443","35.4031638932739","0.10502266138792","0.135121062397957","-1.00022888183594",0.105,0.14,-1.000
"50","PH051701000","melor2015","216.5625","30.5247839486884","72.497219207783","0","0.05","0.05","0","0","0","0","0","0","0.05","5.29","84.79","27.24","27.16","5.78","1","5759","61.6154521510097","12.5021949078139","0.184372256365233","3.10798946444249","21.8525021949078","0.166812993854258","0.0175592625109745","0.0526777875329236","0.210711150131694","NA","51701000","Baao","Bicol Region","Luzon","1.52623919743442","0","0","0","0","1.52623919743442","0","0","2.03108358383179","1.77567112445831","-2.54232621192932",2.031,1.78,-2.542
"51","PH083705000","melor2015","63.7625","18.53261085068","135.49332322762","0","0","0","0","0","0","0","0","0","0","8.77","98.85","44.64","45.62","9.05","1","82216","36.9604762692244","30.0148834132628","2.26558624111129","2.05060360509344","21.3659665950058","1.5544898296676","0.231519761865388","0.909541921614024","4.33272697205226","NA","83705000","Babatngon","Eastern Visayas","Visayas","0","0","0","0","0","0","0","0","2.47141861915588","0.958057761192322","0.442526519298553",2.471,0.96,0.443
"52","PH050501000","melor2015","157.185714285714","38.0335827907535","54.0221279384621","0.61","0","0","0.61","0","0","0.61","0","0","0","7.39","84.66","28.02","37.37","6.06","1","38195","55.1435740172846","5.66629495400056","0.0278784499581823","13.6395316420407","25.4251463618623","0.0696961248954558","0","0.0069696124895455","0.0069696124895455","NA","50501000","Bacacay","Bicol Region","Luzon","0","23.2004855023596","0","0","23.2004855023596","0","0","0","3.39577841758728","3.19699668884277","7.7189884185791",3.396,3.20,7.719
"53","PH013303000","melor2015","151.033333333333","10.0272252254723","266.018702288232","2.46","8.35","8.35","2.46","0.06","0","2.4","8.29","0.04","0.01","6.78","77.88","30.33","34.01","6.53","1","12581","82.1811803549319","15.4560462236896","0.226991333058192","0.103177878662815","1.78497730086669","0","0","0","0","NA","13303000","Bacnotan","Ilocos Region","Luzon","83.7273306326937","24.0653405411335","0.401089009018892","83.1256971191654","24.6669740546619","0.100272252254723","0","0.601633513528338","0.0840569511055946","0.0848041102290154","-0.368516117334366",0.084,0.08,-0.369
"54","PH175201000","melor2015","287.813636363636","54.6175952071036","2.99211476100364","2.58","7.27","7.27","2.58","2.04","0.02","0.52","7.21","0.02","0.04","19.08","866.57","62.02","95.15","12.37","1","9174","58.1838021338506","12.9122211445199","0.07274490785645","2.98254122211445","24.7090203685742","0.07274490785645","0.0484966052376333","0.181862269641125","0.21823472356935","29.7284190106693","175201000","Baco","MIMAROPA Region","Luzon","397.069917155643","28.4011495076939","1.09235190414207","393.792861443217","140.913395634327","2.18470380828414","1.09235190414207","111.419894222491","27.95969581604","26.5429649353027","30.6907062530518",27.960,26.54,30.691
"55","PH035404000","melor2015","224.61","25.5144437179776","85.5588373495654","0","0","0","0","0","0","0","0","0","0","0.68","33.09","2.23","4.6","0.45","0","0","91.776","4.928","0.0746666666666666","0.298666666666667","2.24","0","0.0213333333333333","0.064","0.330666666666667","NA","35404000","Bacolor","Central Luzon","Luzon","0","0","0","0","0","0","0","0","0.331715434789658","0.373410820960999","1.91289007663727",0.332,0.37,1.913
"56","PH042103000","melor2015","201.2125","32.74161404162","72.9527048489876","1.27","0.31","0.31","1.27","0","0","1.27","0.29","0.02","0","1.03","29.66","3.24","6.55","0.69","1","5541","83.4783389884387","13.7367231716503","0.112641406428162","0.131299798903992","1.52791502829856","0.0131299798903992","0.0704872604642484","0.154104500818896","0.187274976331484","NA","42103000","","CALABARZON","Luzon","10.1499003529022","41.5818498328574","0.6548322808324","9.4950680720698","41.5818498328574","0","0","0","0.332154959440231","0.401869207620621","0.483933001756668",0.332,0.40,0.484
"57","PH063004000","melor2015","60.325","11.0653569177924","208.835167106812","0.07","0","0","0.07","0.07","0","0","0","0","0","3.39","75.14","10.66","21.61","2.11","0","0","41.8339571282749","52.9772031303164","0.102075535896563","0.136100714528751","4.72949982987411","0","0","0.0510377679482817","0.0170125893160939","NA","63004000","Badiangan","Western Visayas","Visayas","0","0","0","0","0.774574984245468","0","0","0.774574984245468","0.123870775103569","0.109391331672668","0.729187726974487",0.124,0.11,0.729
"58","PH025003000","melor2015","397.433333333333","10.3068295728049","272.018315547459","0","0.02","0.02","0","0","0","0","0","0","0.02","4.74","279.53","24.21","24.15","5.35","0","0","81.35902405655","13.5446357313875","0.273629004674495","0.17101812792156","4.15003990422985","0.0228024170562079","0","0.0570060426405198","0.0228024170562079","NA","25003000","Bagabag","Cagayan Valley","Luzon","0.206136591456098","0","0","0","0","0.206136591456098","0","0","0.0985500290989876","0.0843072161078453","4.34685134887695",0.099,0.08,4.347
"59","PH030802000","melor2015","182.925","36.880412630211","25.9405142433172","2.2","0.8","0.8","2.19","0.04","0.03","2.14","0.75","0","0.05","9.89","272.91","34.13","49.42","7.07","1","34911","85.436085219707","8.55525965379494","0.0166444740346205","0.466045272969374","5.40945406125166","0","0","0","0","NA","30802000","Bagac","Central Luzon","Luzon","29.5043301041688","78.9240830286515","0","27.6603094726582","80.7681036601621","1.84402063151055","1.10641237890633","1.47521650520844","1.02950429916382","0.862376570701599","-0.675530314445496",1.030,0.86,-0.676
"60","PH052001000","melor2015","119.2","17.6470342217654","135.568240454865","4.26","5.86","5.86","4.26","1.42","0","2.84","5.86","0","0","9.85","108.13","28.72","50.57","6.53","1","16622","42.2757475083056","7.55813953488372","0.0415282392026578","7.51661129568106","40.6976744186046","0.166112956810631","0.0415282392026578","0.622923588039867","0.290697674418605","NA","52001000","Bagamanoc","Bicol Region","Luzon","103.411620539545","50.1175771898137","0","103.411620539545","75.1763657847206","0","0","25.0587885949069","2.20821690559387","3.03936839103699","6.3924822807312",2.208,3.04,6.392
"61","PH141102000","melor2015","218.9625","11.9175813982712","230.243428279825","0.2","0.09","0.09","0.2","0.19","0.01","0","0","0","0.09","11.45","1374.7","32.06","57.24","7.01","0","0","94.8912015137181","4.8215568043223","0.0581322451584958","0.0068390876657053","0.0307758944956742","0.0022796958885684","0.0091187835542738","0.0125383273871265","0.0661111807684854","NA","141102000","","Cordillera Administrative Region","Luzon","1.07258232584441","0","0","0","2.38351627965424","1.07258232584441","0.119175813982712","2.26434046567153","0.113465391099453","0.0979629456996918","1.14256703853607",0.113,0.10,1.143
"62","PH013304000","melor2015","178.0875","10.8599822855262","250.521136279287","1.93","0.07","0.07","1.93","1.72","0.04","0.18","0","0","0.07","17.22","446.45","42.74","85.11","8.85","0","0","80.074173971679","18.509777478085","0","0.0337154416722859","0.337154416722859","0","0","0","0","NA","13304000","Bagulin","Ilocos Region","Luzon","0.760198759986834","1.95479681139472","0","0","20.9597658110656","0.760198759986834","0.434399291421048","18.6791695311051","0.0795437097549438","0.0883579552173615","-0.231194913387299",0.080,0.09,-0.231
"63","PH141103000","melor2015","205.138888888889","8.82700386607829","274.927952670189","1.05","0.01","0.01","1.05","1.05","0","0","0","0","0.01","24.54","1418.9","60.09","127.86","10.81","0","0","88.1685091126382","10.7260233044517","0.209142515685689","0","0.746937556020317","0.0298775022408126","0","0","0.0298775022408126","NA","141103000","Bakun","Cordillera Administrative Region","Luzon","0.0882700386607829","0","0","0","9.2683540593822","0.0882700386607829","0","9.2683540593822","0.0880414471030235","0.193904429674149","1.88967454433441",0.088,0.19,1.890
"64","PH031402000","melor2015","223.925","26.2942784979291","90.6225184289366","0","0","0","0","0","0","0","0","0","0","0.63","6.81","3.45","4.85","0.52","0","0","92.6258359732488","5.50275724510149","0.0058664789393406","0.187727326058899","1.34929015604834","0.0058664789393406","0.0058664789393406","0.0351988736360436","0.058664789393406","NA","31402000","Balagtas","Central Luzon","Luzon","0","0","0","0","0","0","0","0","0.328715652227402","0.346855044364929","1.47574687004089",0.329,0.35,1.476
"65","PH072208000","melor2015","18.58","8.43440245918797","249.949344343897","0.68","0.01","0.01","0.68","0.68","0","0","0","0","0.01","13.33","283.55","42.52","68.58","9.21","1","20283","50.3908045977011","41.0472541507024","0.378033205619413","0.194125159642401","7.0242656449553","0.0561941251596423","0.0051085568326947","0.127713920817369","0.137931034482759","NA","72208000","Balamban","Central Visayas","Visayas","0.0843440245918797","0","0","0","5.73539367224782","0.0843440245918797","0","5.73539367224782","0.245945274829865","0.220228970050812","-0.439782083034515",0.246,0.22,-0.440
"66","PH082602000","melor2015","52.975","17.4207649253586","141.366062628062","0","0","0","0","0","0","0","0","0","0","7.75","173.85","24.58","38.83","5.6","1","27640","32.8144078144078","53.8766788766789","3.14407814407814","0.366300366300366","7.17338217338217","0.885225885225885","0.061050061050061","0.457875457875458","1.03785103785104","NA","82602000","Balangiga","Eastern Visayas","Visayas","0","0","0","0","0","0","0","0","1.31068086624146","0.680637300014496","0.892277598381042",1.311,0.68,0.892
"67","PH082603000","melor2015","60.5642857142857","19.7367422024164","122.17370373826","0","0","0","0","0","0","0","0","0","0","8.5","192.49","28.68","43.82","6.39","1","17833","42.2914911541702","53.5383319292334","0.46335299073294","0.04212299915754","3.24347093513058","0.08424599831508","0","0.08424599831508","0.04212299915754","NA","82603000","Balangkayan","Eastern Visayas","Visayas","0","0","0","0","0","0","0","0","1.03069162368774","0.683868229389191","1.73878693580627",1.031,0.68,1.739
"68","PH013305000","melor2015","149.15","9.18134830422332","272.005993270941","0.13","0.85","0.85","0.13","0","0","0.13","0.83","0","0.02","4.21","61.92","22.02","21.68","4.78","1","5010","80.9934460158675","16.2469817178337","0.356444751063585","0.103483959986202","1.31079682649189","0.0229964355524893","0","0","0.0459928711049787","NA","13305000","Balaoan","Ilocos Region","Luzon","7.80414605858982","1.19357527954903","0","7.62051909250536","1.19357527954903","0.183626966084466","0","0","0.096625454723835","0.0911120399832726","-0.218314006924629",0.097,0.09,-0.218
"69","PH063005000","melor2015","69.7666666666666","15.1593131144477","151.231195353955","0.05","0","0","0.05","0.05","0","0","0","0","0","3.88","42.36","35.28","20.51","7.28","1","6997","43.0038352096994","20.3142397624644","1.16293455400223","1.17530619819374","31.0775702090808","0.767041939873809","0.0371149325745391","0.420635902511444","1.64542867747124","NA","63005000","Balasan","Western Visayas","Visayas","0","0","0","0","0.757965655722385","0","0","0.757965655722385","1.14140617847443","0.573521435260773","1.75612425804138",1.141,0.57,1.756
"70","PH051702000","melor2015","338.2","34.9907480047699","60.2295083386325","5.18","0.71","0.71","5.18","0","0","5.18","0.57","0","0.14","9.55","148.45","28.39","47.91","6.32","1","9791","30.4085502499569","6.36097224616446","0.0689536286847095","20.2378900189622","41.5617996897087","0.275814514738838","0.0344768143423547","0.0344768143423547","0.0689536286847095","NA","51702000","Balatan","Bicol Region","Luzon","24.8434310833866","181.252074664708","0","19.9447263627188","181.252074664708","4.89870472066779","0","0","2.30179572105408","2.61951804161072","6.861656665802",2.302,2.62,6.862
"71","PH041003000","melor2015","231.05","49.202437416982","16.0287537776","1.32","10.1","10.1","1.32","0.01","0","1.31","10.07","0","0.03","3.67","100.41","26.82","19.39","5.4","1","12424","89.3063583815029","5.97629078083668","0.171450965024003","0.45556970706378","3.34084451846772","0.0195943960027432","0.0097971980013716","0.132262173018517","0.142059371019888","NA","41003000","Balayan","CALABARZON","Luzon","496.944617911518","64.4551930162464","0","495.468544789009","64.9472173904162","1.47607312250946","0","0.49202437416982","0.73955625295639","0.146009489893913","-0.737354695796967",0.740,0.15,-0.737
"72","PH054102000","melor2015","233.16","43.0557950912944","36.5118173424997","1.65","0.38","0.38","1.65","0","0","1.65","0.38","0","0","9.99","169.98","28.46","50.15","6.47","1","23683","33.8513387006179","15.0346377082943","0.037446171129002","4.34375585096424","46.33963677214","0","0","0.056169256693503","0.018723085564501","NA","54102000","Baleno","Bicol Region","Luzon","16.3612021346919","71.0420619006358","0","16.3612021346919","71.0420619006358","0","0","0","2.64619779586792","4.84194326400757","-2.55610680580139",2.646,4.84,-2.556
"73","PH037701000","melor2015","558.275","13.9520471341394","212.197700674077","3.88","14.58","14.5","3.88","0.21","0","3.67","14.49","0.09","0","10.01","135.71","50.49","49.86","10.51","1","43482","65.7077625570776","21.4954337899543","0.102739726027397","0.627853881278539","10.9817351598174","0.102739726027397","0.045662100456621","0.205479452054795","0.045662100456621","NA","37701000","Baler","Central Luzon","Luzon","202.304683445021","51.2040129822916","1.25568424207255","202.16516297368","54.1339428804609","0","0","2.92992989816927","0.117426440119743","0.154647067189217","6.83648300170898",0.117,0.15,6.836
"74","PH041004000","melor2015","226.65","33.3281355682257","58.3160579122036","0","0","0","0","0","0","0","0","0","0","6.12","135","21.24","32","4.4","1","7098","87.3362445414847","8.05676855895197","0.458515283842795","0.262008733624454","2.44541484716157","0","0.0436681222707423","0.0436681222707423","1.24454148471616","NA","41004000","Balete","CALABARZON","Luzon","0","0","0","0","0","0","0","0","0.556995451450348","0.647050380706787","0.328443199396133",0.557,0.65,0.328
"75","PH060402000","melor2015","93.7","15.8177920063665","148.935131558074","0","0","0","0","0","0","0","0","0","0","6.58","61.04","25.92","34.33","5.78","0","0","28.7353025523373","33.9546888442787","0.143389733295096","3.36965873243476","32.9509607112131","0.071694866647548","0.172067679954115","0.344135359908231","0.100372813306567","NA","60402000","Balete","Western Visayas","Visayas","0","0","0","0","0","0","0","0","1.54649603366852","0.634133577346802","-0.388884633779526",1.546,0.63,-0.389
"76","PH031403000","melor2015","246.1","25.1631762481086","94.2266328139548","0","0","0","0","0","0","0","0","0","0","0.64","15.89","2.77","4.54","0.56","0","0","94.2600315599639","4.66918394950406","0.0563570784490532","0.109896302975654","0.673467087466186","0","0.0056357078449053","0.0676284941388638","0.0394499549143372","NA","31403000","","Central Luzon","Luzon","0","0","0","0","0","0","0","0","0.335287183523178","0.325499892234802","-0.288850724697113",0.335,0.33,-0.289
"77","PH054103000","melor2015","86.625","26.5923569598201","77.7770246526793","0","0","0","0","0","0","0","0","0","0","4.24","40.71","22.72","21.63","4.79","1","78452","38.7224276424837","20.6298610225679","0.178503123804667","1.82328190743338","35.6751243146755","0.229504016320286","0.153002677546857","1.51727655233967","0.663011602703047","0.459008032640571","54103000","Balud","Bicol Region","Luzon","0","0","0","0","0","0","0","0","1.59832954406738","1.96468842029572","0.891552627086639",1.598,1.96,0.892
"78","PH015507000","melor2015","305.1125","15.1946008027196","178.298014020285","0","0","0","0","0","0","0","0","0","0","1.91","60.94","15.52","10.91","3.02","0","0","76.2008416775504","17.7768103323175","0.159628500943259","0.261210274270788","4.96299521114497","0.0290233638078653","0","0.043535045711798","0.0580467276157306","NA","15507000","Balungao","Ilocos Region","Luzon","0","0","0","0","0","0","0","0","0.107731558382511","0.0849012956023216","0.194766163825989",0.108,0.08,0.195
"79","PH036902000","melor2015","234.5125","22.8003253128131","95.2493589999167","0.06","0","0","0.06","0.06","0","0","0","0","0","10.96","337.79","45.08","56.86","9.11","0","0","90.9016893954814","3.69088811995386","0.142479136983513","0.576701268742791","4.22009634303548","0.0610624872786484","0.047493045661171","0.0882013705136033","0.189972182644684","NA","36902000","Bamban","Central Luzon","Luzon","0","0","0","0","1.36801951876879","0","0","1.36801951876879","0.339043140411377","0.265180915594101","0.513997495174408",0.339,0.27,0.514
"80","PH025004000","melor2015","398.964285714286","11.5534618003318","243.118850211763","0.53","0.07","0.07","0.53","0.51","0.02","0","0","0","0.07","11.48","523.33","45.23","56.83","9.47","0","0","77.6974080771549","18.0907172995781","0.0904159132007233","0.135623869801085","3.25497287522604","0.037673297166968","0.0075346594333936","0.0150693188667872","0.0075346594333936","NA","25004000","Bambang","Cagayan Valley","Luzon","0.808742326023226","0","0","0","6.12333475417585","0.808742326023226","0.231069236006636","5.89226551816922","0.0979999229311943","0.0866015776991844","0.681136965751648",0.098,0.09,0.681
"81","PH063006000","melor2015","34.43","11.4653425453743","199.291383965519","0.04","0","0","0.03","0.04","0","0","0","0","0","3.28","35.16","23","17.45","4.84","1","18819","44.7807933194154","44.6894572025052","0.260960334029228","0.313152400835073","9.04227557411273","0.0652400835073069","0.0130480167014613","0.0782881002087682","0.169624217118998","NA","63006000","Banate","Western Visayas","Visayas","0","0","0","0","0.343960276361229","0","0","0.458613701814972","0.27443939447403","0.212393000721931","0.0677843540906906",0.274,0.21,0.068
"82","PH060403000","melor2015","95","16.3853105794866","143.778944263083","0","0","0","0","0","0","0","0","0","0","3.44","41.03","18.59","19","3.99","0","0","55.1444336254463","21.2485123877529","0.400302931948502","4.92264416315049","17.8729849615926","0.216379963215406","0.0108189981607703","0.0324569944823109","0.0108189981607703","NA","60403000","Banga","Western Visayas","Visayas","0","0","0","0","0","0","0","0","1.66386473178864","1.10868358612061","-0.226001143455505",1.664,1.11,-0.226
"83","PH013306000","melor2015","143.983333333333","7.82249205008297","283.061233304118","2.4","10.87","10.8","2.4","0","0","2.4","10.64","0.2","0.02","2.33","26.69","17.94","12.7","3.79","1","5005","79.8767697954903","16.7540639748296","0.498164656528579","0.10487676979549","1.92711064499213","0.0131095962244362","0","0.0131095962244362","0.0393287886733088","NA","13306000","Bangar","Ilocos Region","Luzon","84.4829141408961","18.7739809201991","1.56449841001659","83.2313154128828","18.7739809201991","0.156449841001659","0","0","0.169801265001297","0.0989255085587502","-0.18229067325592",0.170,0.10,-0.182
"84","PH015508000","melor2015","161.2","12.7218732989951","206.200403493831","0.97","3.62","3.62","0.97","0","0.01","0.96","3.52","0.1","0","2.54","70.57","15.65","14.14","3.36","1","15579","64.9325153374233","23.0265848670757","0.384458077709611","0.417177914110429","10.4703476482618","0.106339468302658","0.0408997955010225","0.0490797546012269","0.220858895705521","NA","15508000","Bani","Ilocos Region","Luzon","46.0531813423623","12.2129983670353","1.27218732989951","44.7809940124627","12.3402171000252","0","0.127218732989951","0","0.0736536011099815","0.0918638929724693","-0.643975079059601",0.074,0.09,-0.644
"85","PH175202000","melor2015","216.191666666667","57.25738093499","21.789154642274","1.11","2.26","2.26","1.11","0.3","0","0.81","2.2","0.04","0.02","13.33","403.03","51.15","67.34","10.59","1","11035","56.6491688538933","21.5988626421697","0.207786526684164","1.22484689413823","19.7725284339458","0.131233595800525","0.0218722659667541","0.0546806649168853","0.0874890638670166","9.02230971128609","175202000","Bansud","MIMAROPA Region","Luzon","129.401680913077","46.3784785573419","2.2902952373996","125.966238056978","63.5556928378389","1.1451476186998","0","17.177214280497","5.04788017272949","7.24695587158203","14.6093053817749",5.048,7.25,14.609
"86","PH072209000","melor2015","21.175","12.4332077782211","173.129699236617","0.36","0.31","0.31","0.36","0","0","0.36","0.27","0.04","0","1.24","17.93","5.74","7.53","1.1","1","46697","51.0842323199303","33.3714721586575","1.42203334423014","0.4631143075079","9.9433366023755","0.80636373542552","0.17979731938542","0.5720823798627","1.72714394682358","NA","72209000","Bantayan","Central Visayas","Visayas","3.85429441124854","4.4759548001596","0.497328311128844","3.3569661001197","4.4759548001596","0","0","0","0.413588762283325","0.432966887950897","-0.0671208426356316",0.414,0.43,-0.067
"87","PH175902000","melor2015","423.65","59.0181011846985","4.58241122519332","9.77","0","0","9.77","5.08","0","4.7","0","0","0","17.23","198.89","41.71","86.08","8.56","1","31575","63.2135306553911","16.4200140944327","0","3.87596899224806","16.2085976039464","0","0","0","0.211416490486258","18.0408738548273","175902000","Banton","MIMAROPA Region","Luzon","0","277.385075568083","0","0","576.606848574504","0","0","299.811954018268","18.0221500396729","16.8461666107178","22.5077781677246",18.022,16.85,22.508
"88","PH045803000","melor2015","184.825","25.714394730811","109.373243884064","0.11","0.06","0.06","0.11","0.11","0","0","0","0","0.06","5.46","159.8","22.95","28.17","4.86","1","1304","88.8051402446559","9.14370443593229","0.0926726800939083","0.648708760657358","0.617817867292722","0.0123563573458544","0","0.0370690720375633","0.0247127146917088","NA","45803000","Baras","CALABARZON","Luzon","1.54286368384866","0","0","0","2.82858342038921","1.54286368384866","0","2.82858342038921","0.319963693618774","0.416755318641663","1.65417182445526",0.320,0.42,1.654
"89","PH052002000","melor2015","102.1875","23.0676284169786","103.249622495896","5.76","1.26","1.26","5.76","1.44","0","4.32","1.26","0","0","11.9","189.2","29.07","60.5","6.6","1","42961","51.107934238742","10.650464617584","0.250178699070765","5.61115082201573","31.4867762687634","0.321658327376698","0.0357398141529664","0.0714796283059328","0.178699070764832","0.607576840600429","52002000","Baras","Bicol Region","Luzon","29.065211805393","99.6521547613476","0","29.065211805393","132.869539681797","0","0","33.2173849204492","3.31152486801147","2.73506164550781","1.75433421134949",3.312,2.74,1.754
"90","PH060602000","melor2015","88.1214285714286","13.4022270721736","178.081832048204","0","0","0","0","0","0","0","0","0","0","21.21","559.16","68.97","111.17","13.02","1","10233","47.839676411105","39.3086964515536","0.128700128700129","0.753815039529325","11.5094686523258","0.0183857326714469","0","0","0.0183857326714469","NA","60602000","Barbaza","Western Visayas","Visayas","0","0","0","0","0","0","0","0","0.45736375451088","0.282243490219116","1.88465869426727",0.457,0.28,1.885
"91","PH056202000","melor2015","229.1875","65.0604922804183","7.24941706968516","1.93","12.92","12.9","1.93","0","0","1.93","12.92","0","0","4.19","90.73","14.36","22.86","3.2","1","12701","58.8554720133668","8.64661654135338","0","8.79281537176274","23.3709273182957","0.0835421888053467","0.0208855472013366","0.0417710944026733","0.0208855472013366","31.6416040100251","56202000","Barcelona","Bicol Region","Luzon","839.280350417396","125.566750101207","0","840.581560263004","125.566750101207","0","0","0","26.7613410949707","34.0348587036133","32.360034942627",26.761,34.03,32.360
"92","PH072210000","melor2015","7.73999999999999","6.71129754686006","290.800597697441","0","0","0","0","0","0","0","0","0","0","8.37","178.62","27.95","43.04","6.07","1","19272","43.5359397920786","46.986414949933","0.969449582243766","0.25511831111678","7.18795841571529","0.382677466675171","0.0063779577779195","0.102047324446712","0.191338733337585","NA","72210000","Barili","Central Visayas","Visayas","0","0","0","0","0","0","0","0","0.21262688934803","0.283021152019501","-0.421595305204391",0.213,0.28,-0.422
"93","PH063007000","melor2015","27","10.4547562878716","215.792143450856","0","0","0","0","0","0","0","0","0","0","1.02","12.87","8.71","6.12","1.74","1","18991","50.4985337243402","38.1231671554252","0.167574361122748","0.377042312526183","10.0293255131965","0.0167574361122748","0.0251361541684122","0.0502723083368244","0.0335148722245496","NA","63007000","Barotac Nuevo","Western Visayas","Visayas","0","0","0","0","0","0","0","0","0.14219106733799","0.145352020859718","0.137634843587875",0.142,0.15,0.138
"94","PH063008000","melor2015","36.8583333333333","11.9404608278817","191.753717090602","0.26","0","0","0.26","0.26","0","0","0","0","0","6.72","92.08","28.78","34.09","6.34","1","28786","39.0213073311665","52.1758757674251","0.659082701336222","0.144456482484652","6.96099674972914","0.0993138317081979","0.0180570603105814","0.171542072950524","0.189599133261105","NA","63008000","Barotac Viejo","Western Visayas","Visayas","0","0","0","0","3.10451981524924","0","0","3.10451981524924","0.484263896942139","0.252992957830429","-0.062859408557415",0.484,0.25,-0.063
"95","PH083706000","melor2015","63.45","16.9179832530386","148.755999861673","0","0","0","0","0","0","0","0","0","0","1.95","28.08","9.84","11.67","2.01","1","17365","65.8611151550444","23.7443587130587","0.232930557577522","1.1937691075848","7.36642888338914","0.0873489590915708","0.232930557577522","0.305721356820498","0.786140631824137","NA","83706000","Barugo","Eastern Visayas","Visayas","0","0","0","0","0","0","0","0","0.613064885139465","0.288909167051315","0.893519639968872",0.613,0.29,0.894
"96","PH086002000","melor2015","58.103125","20.8598373832913","117.436462806924","0.09","0","0","0.09","0.06","0","0.03","0","0","0","6.13","177.26","25.43","32.34","5.44","1","37211","28.0678127228076","56.8882199160263","1.37843618791096","0.522855105759328","11.4948902796483","0.522855105759328","0.0475322823417571","0.253505505822705","0.32480392933534","NA","86002000","Basey","Eastern Visayas","Visayas","0","0.625795121498739","0","0","1.87738536449622","0","0","1.25159024299748","2.42466855049133","1.66547238826752","3.43874144554138",2.425,1.67,3.439
"97","PH168501000","melor2015","50.10625","8.47877322803587","264.176272704324","3.07","0.09","0.09","3.07","0.28","0","2.79","0.09","0","0","10.15","90.64","25.22","51.09","5.83","1","784","34.0212480156307","47.8690926853096","0.170961045304677","0.329710587373306","16.5954328977897","0.476248626205886","0.0122115032360483","0.0488460129441934","0.122115032360484","NA","168501000","Basilisa","Caraga","Mindanao","0.763089590523228","23.6557773062201","0","0.763089590523228","26.0298338100701","0","0","2.37405650385004","0.0248785968869925","0.142894595861435","-0.56052178144455",0.025,0.14,-0.561
"98","PH015509000","melor2015","236.525","15.3060058593774","172.055311921057","0","0","0","0","0","0","0","0","0","0","0.83","14.5","2.53","5.68","0.5","0","0","77.7487291212781","15.9331880900508","0.145243282498184","0.827886710239651","4.28467683369644","0.0145243282498184","0","0","0.130718954248366","NA","15509000","Basista","Ilocos Region","Luzon","0","0","0","0","0","0","0","0","0.103430189192295","0.100783310830593","1.02794635295868",0.103,0.10,1.028
"99","PH051601000","melor2015","361.94375","20.7719701642722","116.654847792966","0","0","0","0","0","0","0","0","0","0","6.51","182.04","35.3","34.19","7.24","1","5240","53.4699272967614","8.61423220973783","0.0991407799074686","8.12954395241243","29.0262172284644","0.242344128662701","0.0110156422119409","0.0220312844238819","0.0220312844238819","NA","51601000","Basud","Bicol Region","Luzon","0","0","0","0","0","0","0","0","1.6401515007019","1.83035922050476","7.62062549591064",1.640,1.83,7.621
"100","PH063009000","melor2015","60.6","14.633314562371","156.162034986771","0.1","0","0","0.1","0.1","0","0","0","0","0","6.65","68.35","29.6","33.91","6.35","1","12343","42.7571456348435","42.2321602177717","0.758312269103636","0.311102469375851","11.9774450709703","0.213882947695897","0.0388878086719813","0.0777756173439626","0.544429321407739","NA","63009000","Batad","Western Visayas","Visayas","0","0","0","0","1.4633314562371","0","0","1.4633314562371","0.57819652557373","0.493900090456009","1.42648768424988",0.578,0.49,1.426
"101","PH060404000","melor2015","105.59","15.889237694753","147.541989458059","0","0","0","0","0","0","0","0","0","0","3.95","24.54","22.28","20.76","4.72","1","38778","47.1686215159541","19.119687224114","0.176567032412662","5.49880186656577","27.2291587842099","0.277462479505612","0.0504477235464749","0.163955101526044","0.2017908941859","NA","60404000","Batan","Western Visayas","Visayas","0","0","0","0","0","0","0","0","1.10215747356415","0.591723382472992","-1.23280715942383",1.102,0.59,-1.233
"102","PH041005000","melor2015","294.114285714286","55.0029129308363","20.4758849954818","0","0","0","0","0","0","0","0","0","0","8.28","165.41","37.95","41.56","8.04","1","51342","87.2080545803802","9.14353845134795","0.0940584222030867","0.247731337351792","2.58859376034974","0.0198714976485394","0.0158971981188315","0.119228985891237","0.0861098231436709","0.0052990660396105","41005000","","CALABARZON","Luzon","0","0","0","0","0","0","0","0","0.686111927032471","0.501096129417419","1.00919628143311",0.686,0.50,1.009
"103","PH051703000","melor2015","294.1","39.8075746041861","49.8716818990752","0.97","0.03","0.03","0.97","0","0","0.97","0","0","0.03","5.11","75.47","24","26.25","5.2","1","5312","42.3251028806584","7.04732510288066","0.0102880658436214","9.52674897119342","40.843621399177","0.0411522633744856","0.0205761316872428","0","0.0102880658436214","NA","51703000","Bato","Bicol Region","Luzon","1.19422723812558","38.6133473660605","0","0","38.6133473660605","1.19422723812558","0","0","3.82380032539368","3.99177622795105","28.0981788635254",3.824,3.99,28.098
"104","PH052003000","melor2015","93.975","25.6231051311545","91.8831902088625","6.14","2.5","2.5","6.14","1.14","0","5","2.5","0","0","11.81","149.84","34.17","57.59","7.76","1","41152","55.4793004206332","18.7292450741643","0.420633163604162","4.25060881115785","19.2162940004428","0.420633163604162","0.0664157626743413","0.0885543502324551","0.221385875581138","NA","52003000","Bato","Bicol Region","Luzon","64.0577628278863","128.115525655773","0","64.0577628278863","157.325865505289","0","0","29.2103398495161","3.27677750587463","2.9434449672699","0.188634172081947",3.277,2.94,0.189
"105","PH083707000","melor2015","24.6625","9.2762289109191","254.571299171243","0","0","0","0","0","0","0","0","0","0","4.25","74.8","16.49","23.34","3.68","1","4056","42.8789479863802","44.5931666079605","0.305271809322531","0.692732182693437","10.4731713044499","0.211342021838676","0","0.105671010919338","0.0939297874838558","NA","83707000","Bato","Eastern Visayas","Visayas","0","0","0","0","0","0","0","0","0.37611323595047","0.359228789806366","-0.0101984199136496",0.376,0.36,-0.010
"106","PH054104000","melor2015","264.866666666667","41.7569184543974","39.8157223789356","3.52","1.32","1.32","3.52","0","0","3.52","1.32","0","0","6.64","60.26","21.82","34.07","4.75","1","35991","23.7524393643713","5.07387789238918","0","7.52718148870923","63.0889322553666","0.195149149707276","0.0278784499581823","0","0","0.585447449121829","54104000","Batuan","Bicol Region","Luzon","55.1191323598046","146.984352959479","0","55.1191323598046","146.984352959479","0","0","0","3.47671222686768","4.38861799240112","2.91996145248413",3.477,4.39,2.920
"107","PH041006000","melor2015","275.5","51.497400267415","22.8920013411401","0","0","0","0","0","0","0","0","0","0","5.76","106.75","28.39","29.27","5.92","1","20278","91.6555506150882","6.63998814287832","0.138333086309965","0.138333086309965","1.22029543994862","0.0247023368410651","0.004940467368213","0.0197618694728521","0.0197618694728521","NA","41006000","Bauan","CALABARZON","Luzon","0","0","0","0","0","0","0","0","0.555724143981934","0.54770040512085","1.72771370410919",0.556,0.55,1.728
"108","PH013307000","melor2015","173.4","11.3802432058271","238.350705697032","2.79","23.31","23.3","2.79","0.02","0","2.76","23.29","0","0.02","6.03","63.32","25.21","31.17","5.53","1","16710","79.7068227061591","16.4203414369307","0.92899800928998","0.223200820413826","1.46588646920432","0.0603245460577909","0.0241298184231163","0.0844543644809072","0.108584182904024","NA","13307000","Bauang","Ilocos Region","Luzon","265.159666695771","31.4094712480828","0","265.045864263713","31.7508785442576","0.227604864116542","0","0.227604864116542","0.119406037032604","0.0935280621051788","-0.870403587818146",0.119,0.09,-0.870
"109","PH144402000","melor2015","270.18","5.8538658216397","291.33896934753","3.01","0.15","0.15","3.01","3","0.01","0","0","0","0.15","17.21","1665.61","46.29","86.72","9.17","0","0","85.0957290132548","10.5743740795287","0.0736377025036818","0.0294550810014727","0.412371134020619","0.0441826215022091","0","0","0.0147275405007363","NA","144402000","Bauko","Cordillera Administrative Region","Luzon","0.878079873245955","0","0","0","17.6201361231355","0.878079873245955","0.058538658216397","17.5615974649191","0.113026179373264","0.102655522525311","0.0349143892526627",0.113,0.10,0.035
"110","PH015510000","melor2015","263.775","15.6998967817351","169.216372963217","0","0","0","0","0","0","0","0","0","0","0.55","19.23","2.41","4.12","0.41","0","0","75.67055393586","20.0145772594752","0.145772594752187","0.379008746355685","2.4198250728863","0.0728862973760933","0.0437317784256559","0.160349854227405","0.0437317784256559","NA","15510000","Bautista","Ilocos Region","Luzon","0","0","0","0","0","0","0","0","0.115699581801891","0.106681875884533","0.633867681026459",0.116,0.11,0.634
"111","PH043402000","melor2015","237.683333333333","28.6262272360241","81.7977167195529","0.04","0","0","0.04","0.04","0","0","0","0","0","3.82","96.04","27.44","19.37","6","1","5696","83.572429438847","13.1247080803363","0.493761259758457","0.313605124441182","1.74818175752319","0.0333622472809768","0.0266897978247814","0.280242877160206","0.140121438580103","NA","43402000","Bay","CALABARZON","Luzon","0","0","0","0","1.14504908944096","0","0","1.14504908944096","0.343724966049194","0.298150300979614","1.70767712593079",0.344,0.30,1.708
"112","PH015511000","melor2015","251.68","16.1387358137212","161.791057020909","0.3","0","0","0.3","0","0","0.3","0","0","0","0.85","17.99","3.42","5.74","0.68","0","0","73.1682930731083","20.1167813149896","0.379939209726444","0.539913613821788","4.66725323948168","0.0359942409214525","0.0799872020476723","0.0479923212286034","0.131978883378659","NA","15511000","Bayambang","Ilocos Region","Luzon","0","4.84162074411636","0","0","4.84162074411636","0","0","0","0.131246373057365","0.103533484041691","-0.070581242442131",0.131,0.10,-0.071
"113","PH025005000","melor2015","392.72","10.9761753413562","255.464949223042","0.18","0.01","0.01","0.18","0.18","0","0","0","0","0.01","9.96","501.06","44.38","48.23","9.36","0","0","83.3223640910886","14.5847044886139","0.434381992891931","0.0723969988153218","1.17809661708569","0.0723969988153218","0.0131630906936948","0.0131630906936948","0.0921416348558641","NA","25005000","Bayombong","Cagayan Valley","Luzon","0.109761753413562","0","0","0","1.97571156144412","0.109761753413562","0","1.97571156144412","0.08993149548769","0.085636205971241","0.998723924160004",0.090,0.09,0.999
"114","PH060603000","melor2015","52.8","10.0439280772342","235.099557542959","0","0","0","0","0","0","0","0","0","0","5.73","74.67","29.8","29.54","6.33","1","5919","65.0934119960669","19.2068174369059","0.0327761389708292","1.37659783677483","13.8315306456899","0.0327761389708292","0","0.0327761389708292","0","NA","60603000","Belison","Western Visayas","Visayas","0","0","0","0","0","0","0","0","0.103085711598396","0.0581707805395126","0.697426080703735",0.103,0.06,0.697
"115","PH071248000","melor2015","13.975","8.0267786328556","282.748626293255","0","0","0","0","0","0","0","0","0","0","0.87","6.45","2.63","5.6","0.54","1","7157","52.7123483226267","17.0949321912919","0.374732334047109","1.71306209850107","26.8558172733762","0.356887937187723","0.0356887937187723","0.0713775874375446","0.142755174875089","NA","71248000","Bien Unido","Central Visayas","Visayas","0","0","0","0","0","0","0","0","0.447255522012711","0.218740358948708","-0.50697249174118",0.447,0.22,-0.507
"116","PH087802000","melor2015","74.6375","17.6446339945006","132.98559981534","0","0","0","0","0","0","0","0","0","0","9.79","250.7","42.87","49.02","8.78","1","30612","49.6732026143791","40.4444444444444","1.17647058823529","0.235294117647059","7.58169934640523","0.313725490196078","0.0261437908496732","0.0522875816993464","0.235294117647059","NA","87802000","Biliran","Eastern Visayas","Visayas","0","0","0","0","0","0","0","0","1.10944283008575","1.12874603271484","-0.369267791509628",1.109,1.13,-0.369
"117","PH015512000","melor2015","247.5125","14.1467836969914","192.054826562775","0","0","0","0","0","0","0","0","0","0","0.95","45.96","5.96","5.75","1.28","0","0","83.8561833267483","11.2682734097195","0.434610825760569","0.252864480442513","3.35835638087712","0.0474120900829711","0.0079020150138285","0.015804030027657","0.181746345318056","NA","15512000","Binalonan","Ilocos Region","Luzon","0","0","0","0","0","0","0","0","0.135975733399391","0.0969191119074821","0.37684765458107",0.136,0.10,0.377
"118","PH045804000","melor2015","173.091666666667","28.4234262322466","90.4622194963695","0.28","0.01","0.01","0.28","0.28","0","0","0","0","0.01","7.31","68.35","30.38","36.88","6.51","1","21773","87.4501753229239","10.069829472233","0.194803248718794","0.208289627476249","1.45203344621932","0.0119878922288488","0.0074924326430305","0.0599394611442443","0.148350166332005","NA","45804000","Binangonan","CALABARZON","Luzon","0.284234262322466","0","0","0","7.95855934502905","0.284234262322466","0","7.95855934502905","0.264915525913239","0.302997142076492","0.30605161190033",0.265,0.30,0.306
"119","PH063010000","melor2015","62.45","12.5404474396715","185.571723344848","0","0","0","0","0","0","0","0","0","0","4.03","84.94","17.4","22.46","3.83","0","0","39.0492855059784","58.6468358121901","0.670749489647127","0","1.19568387284923","0.0291630212890055","0","0","0.0874890638670166","NA","63010000","Bingawan","Western Visayas","Visayas","0","0","0","0","0","0","0","0","0.744614243507385","0.277575701475143","0.983002126216888",0.745,0.28,0.983
"120","PH015513000","melor2015","216.5125","14.4989870896335","182.251014791506","0.88","44.55","44.5","0.88","0","0","0.88","41.76","2.79","0","0.76","5.44","2.79","5.86","0.48","1","6832","70.6657877389585","17.8587123709075","0.703142166556801","1.14809931883103","8.80575697648868","0.170292243462975","0.0439463854098","0.049439683586025","0.225225225225225","NA","15513000","Binmaley","Ilocos Region","Luzon","645.204925488691","12.7591086388775","40.4521739800775","605.477700863095","12.7591086388775","0","0","0","0.397080689668655","0.149385377764702","-0.835538864135742",0.397,0.15,-0.836
"121","PH133902000","melor2015","243.475","28.8819983825832","82.4092633722502","0","75.88","75.8","0","0","0","0","75.88","0","0","2.17","12.56","9.22","16.25","1.49","0","0","100","0","0","0","0","0","0","0","0","NA","133902000","","National Capital Region","Luzon","2189.25547739981","0","0","2191.56603727041","0","0","0","0","16.0033092498779","16.498987197876","16.7234401702881",16.003,16.50,16.723
"122","PH084802000","melor2015","237.425","58.9248808579862","7.85107491393429","0.97","1.13","1.13","0.97","0.01","0","0.97","1.13","0","0","5.28","28.38","19.48","28.36","4.24","1","4952","28.5587975243148","2.16622458001768","0.26525198938992","12.9973474801061","54.7303271441203","0.530503978779841","0","0.04420866489832","0.26525198938992","98.5411140583554","84802000","Biri","Eastern Visayas","Visayas","66.5851153695244","57.1571344322466","0","66.5851153695244","57.1571344322466","0","0","0.589248808579862","92.7881088256836","88.9769439697266","76.4315032958984",92.788,88.98,76.432
"123","PH174001000","melor2015","274.116666666667","47.3587915493134","41.1355589352262","0","0","0","0","0","0","0","0","0","0","12.94","252.69","40.9","66.51","8.82","1","15394","66.8036674043629","21.0875750869428","0.173885551691432","0.972178311729371","10.3145747707872","0.110654441985457","0.0316155548529876","0.0474233322794815","0.0790388871324691","0.181789440404679","174001000","Boac","MIMAROPA Region","Luzon","0","0","0","0","0","0","0","0","1.49652135372162","2.7480993270874","0.841660857200623",1.497,2.75,0.842
"124","PH084803000","melor2015","252.31","56.79728967869","21.4535850297647","1.11","16.71","16.7","1.11","0","0","1.11","16.71","0","0","6.05","72.23","24.36","32.13","5.29","1","11197","31.7625077849284","18.8499065808595","1.22482873157567","3.57068714967822","43.1181233132655","0.560514843263442","0.0622794270292713","0.0830392360390284","0.332156944156114","54.4529790325929","84803000","Bobon","Eastern Visayas","Visayas","948.514737634123","63.0449915433459","0","949.08271053091","63.0449915433459","0","0","0","48.815258026123","45.3991432189941","46.298641204834",48.815,45.40,46.299
"125","PH031404000","melor2015","229.85","26.2942784979291","90.6225184289366","0.03","0.01","0.01","0.03","0","0","0.03","0.01","0","0","0.82","8.06","3.1","5.57","0.59","0","0","91.4626659504259","6.60348399969304","0.138132146420075","0.153480162688972","1.09354615915893","0.0230220244033458","0.0268590284705701","0.145806154554524","0.172665183025094","NA","31404000","Bocaue","Central Luzon","Luzon","0.262942784979291","0.788828354937873","0","0.262942784979291","0.788828354937873","0","0","0","0.323252558708191","0.312362402677536","1.49273335933685",0.323,0.31,1.493
"126","PH141104000","melor2015","283.00625","12.0490743855747","230.884029383339","1.93","0","0","1.93","1.93","0","0","0","0","0","21.66","1284.65","41.45","110.47","8.97","1","19158","87.0170553428472","12.6348764357814","0","0.0348068221371388","0.31326139923425","0","0","0","0","NA","141104000","Bokod","Cordillera Administrative Region","Luzon","0","0","0","0","23.2547135641592","0","0","23.2547135641592","0.0883230865001678","0.0990445017814636","0.10684423148632",0.088,0.10,0.107
"127","PH015514000","melor2015","132.957142857143","12.1366265361892","217.233532190649","3.09","1.92","1.92","3.09","0","0","3.09","1.91","0.01","0","2.51","62.33","10.32","13.73","2.25","1","58141","64.7179137549003","24.572467473439","1.47150730072155","0.397704675870689","6.56780864723595","0.289756263848645","0.0454519629566501","0.136355888869951","0.505653087892733","NA","15514000","Bolinao","Ilocos Region","Luzon","23.3023229494833","37.5021759968246","0.121366265361892","23.1809566841214","37.5021759968246","0","0","0","0.0185942891985178","0.0229355338960886","0.197049975395203",0.019,0.02,0.197
"128","PH051704000","melor2015","244.566666666667","25.0900033205856","93.3407883558227","5.11","0","0","5.11","0","0","5.11","0","0","0","0.94","28.27","3.56","5.64","0.77","0","0","54.083115373438","10.5492589363557","0.0290613193839","5.08573089218251","29.0613193839","0.0871839581517","0.0290613193839","0.0290613193839","0","NA","51704000","Bombon","Bicol Region","Luzon","0","128.209916968192","0","0","128.209916968192","0","0","0","2.01736569404602","2.44217824935913","4.42129278182983",2.017,2.44,4.421
"129","PH034902000","melor2015","521.833333333333","16.0829447223957","176.132972555023","0.29","0","0","0.29","0.29","0","0","0","0","0","11.48","414.4","55.13","59.06","11.04","0","0","80.9163911195087","11.5324920709899","0.188946622579121","0.870504082596666","5.98555907956002","0.0269923746541602","0.0134961873270801","0.0337404683177002","0.0472366556447803","NA","34902000","Bongabon","Central Luzon","Luzon","0","0","0","0","4.66405396949475","0","0","4.66405396949475","0.108267568051815","0.0947323143482208","12.7799301147461",0.108,0.09,12.780
"130","PH175203000","melor2015","215.11875","46.8969632148676","37.0967194222538","1.46","16.07","16","1.46","0.31","0","1.16","16.05","0","0.01","9.94","245.16","47.72","50.6","9.9","1","28235","50.322188449848","16.6626139817629","0.109422492401216","1.70212765957447","30.5288753799392","0.261398176291793","0","0.0182370820668693","0.127659574468085","NA","175203000","Bongabong","MIMAROPA Region","Luzon","750.351411437882","54.4004773292464","0","752.696259598625","68.4695662937067","0.468969632148676","0","14.538058596609","2.47253465652466","2.65690803527832","1.70150351524353",2.473,2.66,1.702
"131","PH086402000","melor2015","26.1416666666667","9.5782571820944","248.015466377243","1.92","4.27","4.27","1.92","0.05","0","1.88","4.22","0","0.05","9.96","216.4","33.88","50.32","7.49","1","6799","57.7028258887876","35.6578547553935","0.379823761774537","0.440595563658462","5.28714676390155","0","0.0303859009419629","0.0303859009419629","0.0303859009419629","NA","86402000","Bontoc","Eastern Visayas","Visayas","40.8991581675431","18.0071235023375","0","40.4202453084384","18.3902537896212","0.47891285910472","0","0.47891285910472","-0.0229868441820145","0.153138935565948","-0.164299592375755",-0.023,0.15,-0.164
"132","PH072213000","melor2015","34.6","10.6073088797896","209.694394809337","0","0.03","0.03","0","0","0","0","0","0","0.03","5.17","142.97","18.89","30.8","3.72","1","15871","49.9819298879653","43.8260450548127","1.16853391157692","0.0361402240693892","3.4574147693049","0.144560896277557","0","0.0602337067823153","0.192747861703409","NA","72213000","Borbon","Central Visayas","Visayas","0.318219266393688","0","0","0","0","0.318219266393688","0","0","0.506988525390625","0.429244786500931","0.443460464477539",0.507,0.43,0.443
"133","PH037101000","melor2015","224.4375","23.4918820778584","87.7558293769915","2.66","6.42","6.42","2.66","1.21","0","1.45","6.39","0.02","0.02","10.68","354.61","46.22","53.76","9.58","1","13063","72.6792397446247","6.51647464592353","0.271519776913481","0.792544213693403","18.8596169369634","0.352241872752623","0.0440302340940779","0.0220151170470389","0.227489542819403","NA","37101000","Botolan","Central Luzon","Luzon","150.817882939851","34.0632290128947","0.469837641557168","150.113126477515","62.4884063271033","0.469837641557168","0","28.4251773142087","0.715057075023651","0.968125104904175","2.5018208026886",0.715,0.97,2.502
"134","PH045605000","melor2015","328.15","27.8784761414545","84.4292225663943","2","2.7","2.7","2","0.19","0","1.82","2.61","0","0.09","7.25","107.9","21.88","37.06","5","1","20717","34.7349718685224","23.304708320995","0.444181225940183","1.95439739413681","37.5777317145395","0.488599348534202","0","0.0592241634586911","0.177672490376073","NA","45605000","Buenavista","CALABARZON","Luzon","75.2718855819272","50.7388265774472","0","72.7628227291962","55.756952282909","2.5090628527309","0","5.29691046687635","0.809066534042358","0.951680421829224","0.906235992908478",0.809,0.95,0.906
"135","PH067901000","melor2015","18.2625","9.24388396898027","239.230078672424","0","0","0","0","0","0","0","0","0","0","3.19","61.78","13.14","17.75","2.77","1","51273","56.9015483977809","32.7067980458723","0.0910822224062267","0.322927879440258","9.75407799950319","0.0414010101846485","0","0.0082802020369297","0.0165604040738594","NA","67901000","Buenavista","Western Visayas","Visayas","0","0","0","0","0","0","0","0","-0.0137318726629019","0.0529046133160591","-0.196235910058022",-0.014,0.05,-0.196
"136","PH071209000","melor2015","15.6642857142857","6.49255699035455","296.726531766127","0","0","0","0","0","0","0","0","0","0","4.57","104.68","15.59","25.18","3.36","1","434","42.3824130879346","35.838445807771","0.170415814587594","0.613496932515337","20.7055214723926","0.0681663258350375","0.0170415814587593","0.0511247443762781","0.0170415814587593","NA","71209000","Buenavista","Central Visayas","Visayas","0","0","0","0","0","0","0","0","0.184640109539032","0.261113882064819","-0.0938487946987152",0.185,0.26,-0.094
"137","PH174002000","melor2015","323.42","55.530709547314","30.0952721962185","0","0","0","0","0","0","0","0","0","0","12.47","251.14","42.56","62.2","8.7","1","19498","56.3759653418723","20.8137125635713","0.0376718779431154","1.29967978903748","21.3034469768318","0.0188359389715577","0","0.0565078169146732","0.0188359389715577","8.75871162177435","174002000","Buenavista","MIMAROPA Region","Luzon","0","0","0","0","0","0","0","0","3.81703424453735","4.5934362411499","7.58665227890015",3.817,4.59,7.587
"138","PH015515000","melor2015","209.092857142857","15.1772892136979","170.889028953605","1.31","0.22","0.22","1.31","0.1","0","1.21","0.15","0.07","0","7.34","153.77","35.64","37.1","7.62","0","0","70.9162230316615","12.2163070888204","0.66545250770524","1.26786214625946","13.7433454749229","0.539366769403194","0.014009526478005","0.0210142897170075","0.231157186887083","NA","15515000","Bugallon","Ilocos Region","Luzon","3.33900362701354","18.3645199485745","1.06241024495885","2.27659338205468","19.8822488699442","0","0","1.51772892136979","0.115948647260666","0.145037725567818","0.978487491607666",0.116,0.15,0.978
"139","PH060604000","melor2015","79.4928571428572","12.1525636228036","194.700469628972","0","0","0","0","0","0","0","0","0","0","16.48","336.74","61.7","85.24","12.24","1","10132","42.3920446805612","43.8223675248604","0.190709712573219","1.03528129682605","11.4970712436998","0.0681106116332924","0","0.0136221223266584","0.0136221223266584","NA","60604000","Bugasong","Western Visayas","Visayas","0","0","0","0","0","0","0","0","0.296855837106705","0.406591057777405","0.620462596416473",0.297,0.41,0.620
"140","PH141105000","melor2015","271.34","9.23555573191446","272.623142709845","0.26","0","0","0.26","0.26","0","0","0","0","0","18.7","1899.72","40.86","94.55","8.74","0","0","93.9887692166068","4.83291908312621","0.0368222406333425","0.0276166804750069","0.331400165700083","0","0","0.0092055601583356","0.0184111203166712","NA","141105000","Buguias","Cordillera Administrative Region","Luzon","0","0","0","0","2.40124449029776","0","0","2.40124449029776","0.105544351041317","0.139037221670151","0.127948597073555",0.106,0.14,0.128
"141","PH051705000","melor2015","190.116666666667","33.8219725170195","63.0768574620449","0.05","0","0","0.05","0.05","0","0","0","0","0","9.48","281.8","40.93","47.81","8.51","1","26460","52.6558465510882","13.0456166236321","0.0676257223656707","2.47756055576048","30.9111029140539","0.190581581212345","0.0184433788270011","0.0245911717693348","0.135251444731341","NA","51705000","Buhi","Bicol Region","Luzon","0","0","0","0","1.69109862585098","0","0","1.69109862585098","2.62133049964905","2.36195349693298","2.57640147209167",2.621,2.36,2.576
"142","PH051706000","melor2015","263.325","32.8478817405825","65.7534138571658","0.53","0","0","0.53","0","0","0.53","0","0","0","3.72","65.23","20.18","19.24","4.36","1","9317","43.2576769025367","9.07877169559413","0.0890075656430796","6.2379468921525","40.6022845275182","0.200267022696929","0.0074172971369233","0.0148345942738466","0.0445037828215398","NA","51706000","Bula","Bicol Region","Luzon","0","17.4093773225087","0","0","17.4093773225087","0","0","0","2.22250652313232","1.98978173732758","3.81218814849854",2.223,1.99,3.812
"143","PH031405000","melor2015","219.933333333333","28.4447415594392","78.5892237253494","5.52","8.92","8.92","5.52","0","0","5.52","8.79","0.13","0","0.74","4.12","3.41","5.57","0.52","1","19987","91.3646706254509","6.4820467284533","0.199789111493424","0.210888506576392","1.10438981075531","0.0499472778733559","0.0388478827903879","0.0887951606637438","0.283034574615683","NA","31405000","Bulacan","Central Luzon","Luzon","253.727094710198","157.014973408104","3.6978164027271","250.029278307471","157.014973408104","0","0","0","0.330294400453568","0.260809034109116","0.828234434127808",0.330,0.26,0.828
"144","PH175204000","melor2015","129.783333333333","31.376175323287","69.1446818481527","0.19","0","0","0.19","0.17","0","0.03","0","0","0","8.42","208.24","25.58","40.64","5.74","1","85263","22.1331761932823","13.1879787860931","0.117855038302887","1.81496758986447","61.8149675898645","0.0353565114908662","0","0.0824985268120212","0.28285209192693","NA","175204000","Bulalacao","MIMAROPA Region","Luzon","0","0.94128525969861","0","0","5.96147331142453","0","0","5.33394980495879","1.35128808021545","1.99237608909607","1.51215505599976",1.351,1.99,1.512
"145","PH056203000","melor2015","246.51","59.311641760386","5.98372868666478","1.2","28.33","28.3","1.2","0.05","0","1.15","28.33","0","0","6.15","74.32","29.71","32.12","6.43","1","40062","33.8819302844936","2.19438780464123","0.0097096805515098","24.9247499757258","38.6833673172153","0.145645208272648","0.0048548402757549","0.0097096805515098","0.0194193611030197","29.9495096611322","56203000","Bulan","Bicol Region","Luzon","1678.51946181892","68.2083880244439","0","1680.29881107174","71.1739701124632","0","0","2.9655820880193","27.2261276245117","29.3448314666748","33.6659355163574",27.226,29.34,33.666
"146","PH056204000","melor2015","229.58","62.0697321633628","2.7598471856442","5.65","0.46","0.46","5.65","0.35","0","5.31","0.46","0","0","10.83","313.7","42.2","53.98","8.59","1","16834","50.3878902554399","4.40870387890255","0.0946073793755913","19.0728476821192","25.3358561967834","0.473036896877956","0","0.0189214758751182","0","30.0283822138127","56204000","Bulusan","Bicol Region","Luzon","28.5520767951469","329.590277787456","0","28.5520767951469","350.693986723","0","0","21.724406257177","29.4096527099609","28.111608505249","-0.508972585201263",29.410,28.11,-0.509
"147","PH083710000","melor2015","63.1214285714286","13.7305049081777","182.932499499299","0.26","0","0","0.26","0.26","0","0","0","0","0","11.05","318.21","48.65","57.4","9.66","0","0","37.8803609935309","49.3091606101749","1.34174586694353","0.583020525517131","8.25013976519447","0.583020525517131","0.215637728615925","0.902483827170354","0.583020525517131","NA","83710000","Burauen","Eastern Visayas","Visayas","0","0","0","0","3.5699312761262","0","0","3.5699312761262","0.97873330116272","0.45920205116272","1.47001624107361",0.979,0.46,1.470
"148","PH045606000","melor2015","128.02","16.668916585131","186.886248320061","4.67","9.33","9.33","4.67","0.24","0","4.42","9.33","0","0","5.15","55.61","22.75","28.44","4.62","1","102476","22.0624778132765","7.45473908413206","0.159744408945687","7.56123535676251","59.3716719914803","1.2779552715655","0.0887468938587149","0.159744408945687","1.5264465743699","NA","45606000","Burdeos","CALABARZON","Luzon","155.520991739272","73.676611306279","0","155.520991739272","77.8438404525618","0","0","4.00053998043144","0.832367718219757","1.09650886058807","2.81858897209167",0.832,1.10,2.819
"149","PH013308000","melor2015","184.1","11.1176344636252","245.013196604789","2.08","0","0","2.08","1.04","0.12","0.92","0","0","0","16.27","378.41","39.95","80.79","8.25","0","0","82.0263308528907","16.3136805953062","0","0.0572409845449341","1.31654264453349","0","0","0","0","NA","13308000","Burgos","Ilocos Region","Luzon","0","10.2282237065352","0","0","23.1246796843404","0","1.33411613563502","11.5623398421702","0.0786081105470657","0.0867095440626144","0.0368659868836403",0.079,0.09,0.037
"150","PH015516000","melor2015","175.208333333333","13.8021333013096","185.882864074732","0.63","0.03","0.03","0.63","0.03","0","0.6","0.03","0","0","2.71","53.38","11.87","14.99","2.59","1","7484","64.6392617449664","19.7357382550336","0.0838926174496644","0.293624161073825","14.618288590604","0.0419463087248322","0","0","0.188758389261745","NA","15516000","Burgos","Ilocos Region","Luzon","0.414063999039288","8.28127998078576","0","0.414063999039288","8.69534397982505","0","0","0.414063999039288","0.102357625961304","0.0800348147749901","1.38736855983734",0.102,0.08,1.387
"151","PH166704000","melor2015","121.675","7.61718148516152","274.991232321597","2.38","2.78","2.78","2.38","0","0","2.38","2.78","0","0","5.58","40.13","19.45","29.08","4.18","1","227","47.4725274725275","10.6593406593407","0","5.16483516483516","36.7032967032967","0","0","0","0","NA","166704000","Burgos","Caraga","Mindanao","21.175764528749","18.1288919346844","0","21.175764528749","18.1288919346844","0","0","0","0.126795038580894","0.482800215482712","1.23443400859833",0.127,0.48,1.234
"152","PH060405000","melor2015","103.47","19.2158416328523","125.031392882545","0","0","0","0","0","0","0","0","0","0","11","216.46","32.71","56.15","7.12","1","20573","51.0310500118511","27.1628347949751","0.118511495615075","1.56435174211899","19.8151220668405","0.0474045982460298","0","0.0237022991230149","0.0237022991230149","NA","60405000","Buruanga","Western Visayas","Visayas","0","0","0","0","0","0","0","0","1.39356565475464","0.607698440551758","0.585528314113617",1.394,0.61,0.586
"153","PH031406000","melor2015","236.3","24.7888555806118","98.0891927722175","0","0","0","0","0","0","0","0","0","0","1.08","23.54","3.76","6.43","0.8","1","1874","93.7801743055991","4.26986017932159","0.300959307793592","0.156749639475829","1.06589754843564","0.0188099567370995","0.0501598846322653","0.0626998557903316","0.0940497836854975","NA","31406000","Bustos","Central Luzon","Luzon","0","0","0","0","0","0","0","0","0.309164434671402","0.28056126832962","1.08320462703705",0.309,0.28,1.083
"154","PH175307000","melor2015","44.0678571428571","15.6327934097586","144.005235377369","0.16","0.08","0.08","0.16","0","0","0.16","0.08","0","0","9.37","79.48","33.1","48.58","7.2","1","0","22.5357710651828","23.3505564387917","0.178855325914149","1.76868044515103","51.033386327504","0.158982511923688","0","0.119236883942766","0.119236883942766","NA","175307000","Busuanga","MIMAROPA Region","Luzon","1.25062347278069","2.50124694556138","0","1.25062347278069","2.50124694556138","0","0","0","0.264840662479401","0.34965056180954","-0.139718547463417",0.265,0.35,-0.140
"155","PH013309000","melor2015","183.65","11.6534957518138","232.819448702433","1.61","5.26","5.26","1.61","0.09","0","1.52","5.21","0","0.05","7.97","90.96","24.87","40.84","5.56","1","4994","72.1696252465483","24.6351084812623","0.828402366863905","0.019723865877712","1.16370808678501","0.039447731755424","0","0","0","NA","13309000","Caba","Ilocos Region","Luzon","61.2973876545406","17.713313542757","0","60.7147128669499","18.7621281604202","0.58267478759069","0","1.04881461766324","0.10880858451128","0.112400352954865","0.757645428180695",0.109,0.11,0.758
"156","PH034903000","melor2015","412.24","18.2147996145006","147.566988674188","0","0","0","0","0","0","0","0","0","0","0.66","41.32","2.29","4.38","0.47","0","0","85.8793324775353","10.5427351703138","0.188076544168134","0.210466608950055","2.39872227363645","0.0253754067528435","0.0298534197092276","0.164193808400752","0.307490223005045","NA","34903000","","Central Luzon","Luzon","0","0","0","0","0","0","0","0","0.201680049300194","0.308651685714722","0.0893063321709633",0.202,0.31,0.089
"157","PH037102000","melor2015","235.241666666667","23.1465549304504","87.6486508688742","4.62","7.16","7.16","4.62","0.49","0","4.13","7","0.16","0","15.79","335.32","49.56","77.29","10.29","1","10807","76.5839758632249","6.30238015420717","0.150854844116661","1.9443513241703","13.5936976198458","0.150854844116661","0.0670465973851827","0.134093194770365","0.62018102581294","NA","37102000","Cabangan","Central Luzon","Luzon","165.729333302025","95.5952718627601","3.70344878887206","162.025884513153","106.937083778681","0","0","11.3418119159207","0.756668150424957","0.353476196527481","1.87899720668793",0.757,0.35,1.879
"158","PH025702000","melor2015","473.408333333333","10.8185898537475","264.53964099324","0.67","0.02","0.02","0.67","0.21","0","0.45","0","0","0.02","10.1","296.77","28.26","48.68","6.52","0","0","66.1975960128994","30.064497214893","0.0293169158604514","0.234535326883612","3.32746995016124","0","0.0293169158604514","0","0.0146584579302257","NA","25702000","Cabarroguis","Cagayan Valley","Luzon","0.21637179707495","4.86836543418638","0","0","7.24845520201083","0.21637179707495","0","2.27190386928697","0.0931858345866203","0.0798354521393776","-0.249556481838226",0.093,0.08,-0.250
"159","PH063012000","melor2015","43.4375","10.4177281780748","219.272675428508","0","0","0","0","0","0","0","0","0","0","2.83","71.18","11.26","16.2","2.32","0","0","48.4041295610371","47.6869729687131","0.031523366695563","0.252186933564505","3.4124044447947","0.0078808416738907","0.0078808416738907","0","0","NA","63012000","Cabatuan","Western Visayas","Visayas","0","0","0","0","0","0","0","0","0.00116902322042733","0.114282861351967","-0.161629796028137",0.001,0.11,-0.162
"160","PH034904000","melor2015","282.23","21.480265052369","115.253968234781","0","0","0","0","0","0","0","0","0","0","0.51","12.76","2.22","3.85","0.39","0","0","90.6365453334141","4.89976379383441","0.260432438980074","0.290715280721943","3.18575495124463","0.0847919568772333","0.0363394100902428","0.102961661922355","0.121131366967476","NA","34904000","Cabiao","Central Luzon","Luzon","0","0","0","0","0","0","0","0","0.415834963321686","0.428474515676498","0.394327402114868",0.416,0.43,0.394
"161","PH087803000","melor2015","79.9625","18.3094714070627","131.301505420942","0","0","0","0","0","0","0","0","0","0","15.65","425.1","53.67","77.92","10.27","1","20995","53.3616118769883","31.7497348886532","0.296924708377518","0.827147401908802","13.5737009544009","0.106044538706257","0","0","0.0424178154825026","NA","87803000","Cabucgayan","Eastern Visayas","Visayas","0","0","0","0","0","0","0","0","0.86432021856308","0.972225606441498","0.853076219558716",0.864,0.97,0.853
"162","PH051707000","melor2015","262.625","24.3461087049447","96.7197964807634","2.61","41.84","41.8","2.61","0","0","2.61","41.84","0","0","0.91","9.23","5.06","5.85","1","1","12683","48.9607390300231","11.7013086989992","0.282268411598666","5.56838593790095","32.6918142160636","0.23094688221709","0.0256607646907877","0","0.23094688221709","NA","51707000","Cabusao","Bicol Region","Luzon","1017.66734386669","63.5433437199057","0","1018.64118821489","63.5433437199057","0","0","0","4.02662706375122","3.83526468276978","3.1974470615387",4.027,3.84,3.197
"163","PH043404000","melor2015","206.916666666667","34.4970623995062","63.1058279490207","0.27","0","0","0.27","0","0","0.27","0","0","0","2.09","79.48","17.03","12.32","3.25","1","9844","95.9646894449384","3.28845421059317","0.0876413057284389","0.0469960624920614","0.298488505017147","0.0038104915534103","0.0127016385113679","0.0406452432363774","0.0914517972818493","NA","43404000","","CALABARZON","Luzon","0","9.31420684786668","0","0","9.31420684786668","0","0","0","0.325218856334686","1.44780480861664","4.89650630950928",0.325,1.45,4.897
"164","PH175308000","melor2015","13.99","8.2984273660531","274.249988162397","0","0","0","0","0","0","0","0","0","0","3.44","18.46","12.58","18.45","2.73","1","167","43.6363636363636","31.4545454545455","0","0.545454545454546","24.1818181818182","0","0","0","0","NA","175308000","Cagayancillo","MIMAROPA Region","Luzon","0","0","0","0","0","0","0","0","0.0856388434767723","0.104343459010124","0.00641208235174417",0.086,0.10,0.006
"165","PH168502000","melor2015","72.6833333333334","8.71624049790549","257.324916590551","1.89","0.11","0.11","1.89","0.21","0","1.68","0.11","0","0","13.62","179.55","35.39","66.1","7.91","1","13582","43.4164655403593","24.403325288281","0.938589434164655","1.23357468490212","27.4336283185841","0.563153660498793","0.080450522928399","0.670421024403325","1.23357468490212","NA","168502000","Cagdianao","Caraga","Mindanao","0.958786454769604","14.6432840364812","0","0.958786454769604","16.4736945410414","0","0","1.83041050456015","0.179679825901985","0.284746795892715","0.647862613201141",0.180,0.28,0.648
"166","PH087804000","melor2015","89.05","18.9277123458877","125.844980546016","0","0","0","0","0","0","0","0","0","0","12.81","296.09","51.24","63.56","9.77","1","14990","50.5349276274386","35.6828193832599","0.92301237675687","0.692259282567653","11.3069016152717","0.377595972309629","0","0.146842878120411","0.167820432137613","NA","87804000","Caibiran","Eastern Visayas","Visayas","0","0","0","0","0","0","0","0","1.01020979881287","1.01539707183838","-0.71316409111023",1.010,1.02,-0.713
"167","PH045805000","melor2015","182.766666666667","27.4072008711136","95.2306231400383","0","0","0","0","0","0","0","0","0","0","1.13","14.61","6.7","7.22","1.49","0","0","89.4088564365632","9.91812297272195","0.040009716645471","0.0200048583227355","0.200048583227355","0.0100024291613677","0.0728748410328222","0.101453210065302","0.130031579097781","NA","45805000","Cainta","CALABARZON","Luzon","0","0","0","0","0","0","0","0","0.260899424552917","0.0788569152355194","0.0770343169569969",0.261,0.08,0.077
"168","PH175903000","melor2015","347.85","38.155395136354","47.0272158858129","2.01","4.02","4.02","2.01","0.08","0","1.93","4.02","0","0","14.89","233.42","43.51","74.64","9.32","1","35214","46.233084225409","15.794788931529","0","2.54494041607756","34.922237931731","0.32316703696223","0","0.0807917592405574","0.0807917592405574","0.0403958796202787","175903000","Cajidiocan","MIMAROPA Region","Luzon","153.384688448143","73.6399126131632","0","153.384688448143","76.6923442240715","0","0","3.05243161090832","2.92741298675537","3.44287252426147","4.49190902709961",2.927,3.44,4.492
"169","PH051708000","melor2015","227.375","24.2542762141611","97.4332241859433","1.22","30.24","30.2","1.22","0","0","1.22","30.22","0.02","0","5","201.37","33.7","25.47","6.73","1","26490","51.4881127091283","7.87202817728207","0.070443205165835","4.74317581449956","35.3272673906663","0.0880540064572938","0.0352216025829175","0.0997945406515996","0.0645729380686821","NA","51708000","Calabanga","Bicol Region","Luzon","732.479141667665","29.5902169812765","0.485085524283222","732.964227191948","29.5902169812765","0","0","0","1.77590620517731","2.30173945426941","1.38913643360138",1.776,2.30,1.389
"170","PH041007000","melor2015","235.4625","47.1749945155696","27.7524648217525","1.24","0.23","0.23","1.24","0","0","1.24","0.22","0","0.01","4.39","194.97","20.04","24.22","3.91","1","13074","90.1394928559327","6.65838369006608","0.0677698085502908","0.338849042751454","2.33805839498503","0.0169424521375727","0","0.135539617100582","0.0960072287795787","NA","41007000","","CALABARZON","Luzon","10.850248738581","58.4969931993063","0","10.3784987934253","58.4969931993063","0.471749945155696","0","0","0.749412715435028","0.540492117404938","2.64155721664429",0.749,0.54,2.642
"171","PH015517000","melor2015","217.6","14.5384345641546","182.586252463216","0","0","0","0","0","0","0","0","0","0","0.72","8.59","2.13","5.26","0.4","0","0","80.7338169642857","13.37890625","0.558035714285714","0.544084821428571","3.37146577380952","0.0790550595238095","0.0093005952380952","0.0558035714285714","0.223214285714286","NA","15517000","Calasiao","Ilocos Region","Luzon","0","0","0","0","0","0","0","0","0.120216272771358","0.0977612063288689","0.118536002933979",0.120,0.10,0.119
"172","PH041008000","melor2015","282.8625","49.8102393521407","8.30686720184442","0.71","0.04","0.04","0.71","0","0","0.71","0.04","0","0","4.36","46.33","22.13","23.2","4.62","1","79461","81.1051960710805","10.4296318512409","0.119967009072505","1.06470720551848","6.74064632226138","0.067481442603284","0.0374896903351578","0.0299917522681262","0.164954637474694","0","41008000","Calatagan","CALABARZON","Luzon","1.99240957408563","35.3652699400199","0","1.99240957408563","35.3652699400199","0","0","0","1.79277968406677","1.69425320625305","1.64143419265747",1.793,1.69,1.641
"173","PH175904000","melor2015","346.1625","46.0235037564946","35.0821420522071","4.48","2.04","2.04","4.48","0.2","0","4.28","2.04","0","0","12.35","151.12","29.48","59.18","6.62","1","28327","46.1939973901696","14.0060896041757","0.130491518051327","3.26228795128317","36.0156589821662","0.0434971726837755","0","0.130491518051327","0.0434971726837755","0.347977381470204","175904000","Calatrava","MIMAROPA Region","Luzon","93.887947663249","196.980596077797","0","93.887947663249","206.185296829096","0","0","9.20470075129892","2.91823220252991","3.54716873168945","2.38382840156555",2.918,3.55,2.384
"174","PH045607000","melor2015","236.095454545455","22.4641348324472","111.008045983103","2.62","8.6","8.6","2.62","0","0","2.62","8.36","0.19","0.05","2.93","31.91","15.27","15.8","3.35","1","156834","42.2831438818309","22.0594492736004","0.176281077138168","2.37675521244909","31.1166494438028","0.212753024132272","0.164123761473467","0.20059570846757","0.188438392802869","NA","45607000","Calauag","CALABARZON","Luzon","193.191559559046","58.8560332610117","4.26818561816497","187.800167199259","58.8560332610117","1.12320674162236","0","0","1.0648797750473","1.22558629512787","1.80231940746307",1.065,1.23,1.802
"175","PH043406000","melor2015","228.65","28.9185348832163","77.595453465708","0","0","0","0","0","0","0","0","0","0","5.67","101.01","31.74","28.12","6.89","1","1238","87.5675061110795","10.4655789892559","0.193280654880336","0.432039110908988","0.98914217497584","0.0227389005741572","0.0568472514353931","0.0625319765789324","0.0170541754306179","NA","43406000","Calauan","CALABARZON","Luzon","0","0","0","0","0","0","0","0","0.33962607383728","0.572083830833435","1.3289692401886",0.340,0.57,1.329
"176","PH086003000","melor2015","208.788235294118","40.8263964085881","44.8425009390495","0.13","0","0","0.13","0.13","0","0","0","0","0","8.96","149.01","29.25","47.46","6.42","1","79415","35.4511069378687","22.5169942074219","0.124315602930674","2.45192689184543","38.2574655487079","0.354431718993837","0.037030179596371","0.563387732430502","0.124315602930674","NA","86003000","","Eastern Visayas","Visayas","0","0","0","0","5.30743153311645","0","0","5.30743153311645","5.12489986419678","6.57625484466553","0.704161882400513",5.125,6.58,0.704
"177","PH086004000","melor2015","98.22","23.0413780804028","105.937700763949","0","0","0","0","0","0","0","0","0","0","5.71","160.28","25.93","32.18","5.17","1","7714","25.2553024351925","45.6009426551453","0.0392772977219167","0.96229379418696","27.5530243519246","0.0589159465828751","0.0392772977219167","0.373134328358209","0","NA","86004000","Calbiga","Eastern Visayas","Visayas","0","0","0","0","0","0","0","0","2.36106705665588","2.61537790298462","-0.37101337313652",2.361,2.62,-0.371
"178","PH063013000","melor2015","69.7","12.1527779774821","191.718254250027","0.16","0","0","0.16","0.16","0","0","0","0","0","5.37","130.2","28.05","29.43","5.89","0","0","36.6210115540592","57.8391613742444","0.581528808631112","0.0306067794016374","4.20078047287474","0.0076516948504093","0","0.0612135588032749","0.0918203382049124","NA","63013000","Calinog","Western Visayas","Visayas","0","0","0","0","1.94444447639714","0","0","1.94444447639714","0.719792425632477","0.230271622538567","1.18078589439392",0.720,0.23,1.181
"179","PH175102000","melor2015","134.941666666667","33.7309235458684","60.0667736645949","1.09","0.03","0.03","1.09","1.03","0","0.06","0.03","0","0","9.54","217.72","44.91","47.25","8.99","1","18569","46.049766718507","19.393468118196","0.062208398133748","2.02177293934681","29.6111975116641","0.248833592534992","0","0.062208398133748","0.108864696734059","NA","175102000","Calintaan","MIMAROPA Region","Luzon","1.01192770637605","2.0238554127521","0","1.01192770637605","36.7667066649966","0","0","34.7428512522445","1.36282587051392","1.67403924465179","-0.482365339994431",1.363,1.67,-0.482
"180","PH137501000","melor2015","261.716666666667","26.0305851799048","96.0098482800927","0.35","2.67","2.67","0.35","0","0","0.35","2.67","0","0","1.78","53.16","5.07","10.1","1.1","0","0","92.6739812710658","6.60493495247017","0.0764099763129073","0.0305639905251629","0.173478946221527","0.010470996753991","0.062825980523946","0.0588639817521656","0.183100943238708","NA","137501000","","National Capital Region","Luzon","69.5016624303458","9.11070481296668","0","69.5016624303458","9.11070481296668","0","0","0","0.240499094128609","0.0121659003198147","0.170090302824974",0.240,0.01,0.170
"181","PH083713000","melor2015","68.93","16.6604647663189","134.964468198062","0","0","0","0","0","0","0","0","0","0","6.47","87.32","19.39","31.99","4.47","1","42878","32.9527963057978","52.9630579784505","0.885069266290405","0.333504361210877","11.7496151872755","0.0384812724474089","0.0128270908158029","0.205233453052848","0.12827090815803","NA","83713000","Calubian","Eastern Visayas","Visayas","0","0","0","0","0","0","0","0","1.23674702644348","0.646412551403046","0.184293940663338",1.237,0.65,0.184
"182","PH031407000","melor2015","245.15","26.683151556509","82.7193059134681","0","0","0","0","0","0","0","0","0","0","0.61","6.55","2.62","4.49","0.42","0","0","94.7272802345266","3.91841116478798","0.148643626904496","0.0949667616334283","0.751476113794954","0.008257979272472","0.0330319170898881","0.0619348445435401","0.152772616540732","NA","31407000","Calumpit","Central Luzon","Luzon","0","0","0","0","0","0","0","0","0.317530184984207","0.604551017284393","0.22241747379303",0.318,0.60,0.222
"183","PH060605000","melor2015","70.5","23.4745051874591","103.656948472229","0","0","0","0","0","0","0","0","0","0","3.05","31.48","13.61","15.55","2.96","1","6094","42.1158185008774","30.4462271245926","0.538982201052895","0.538982201052895","24.7555778390574","0.137879167711206","0.0376034093757834","0.2256204562547","0.388568563549762","NA","60605000","Caluya","Western Visayas","Visayas","0","0","0","0","0","0","0","0","1.88771057128906","2.39412689208984","0.438916087150574",1.888,2.39,0.439
"184","PH050502000","melor2015","223.03","53.8575775229887","31.1788278560242","0","0","0","0","0","0","0","0","0","0","5.15","190.64","23.57","27.97","5.02","1","471","65.8809185124975","5.55442660705819","0.0812842918106076","9.33414617625144","18.7292555713608","0.155794892636998","0.0203210729526519","0.10160536476326","0.0812842918106076","NA","50502000","Camalig","Bicol Region","Luzon","0","0","0","0","0","0","0","0","4.03961849212646","4.87685298919678","5.25652027130127",4.040,4.88,5.257
"185","PH051709000","melor2015","266.8","26.5236909461745","87.1303634264305","0","0","0","0","0","0","0","0","0","0","0.59","2.87","1.95","4.38","0.36","0","0","61.515727253536","22.8836816550559","0.189993666877771","2.44880726198016","12.0329322355921","0.211104074308634","0.12666244458518","0.0211104074308634","0.0633312222925902","NA","51709000","Camaligan","Bicol Region","Luzon","0","0","0","0","0","0","0","0","1.61198222637177","1.97914743423462","2.36021542549133",1.612,1.98,2.360
"186","PH036903000","melor2015","249.6","17.0293758951084","150.016824095095","0","0","0","0","0","0","0","0","0","0","1.51","32.18","11.26","8.77","2.38","0","0","77.3699511992524","19.4008929498494","0.103831377842384","0.186896480116291","2.37773855259059","0.0103831377842383","0.0103831377842383","0.0311494133527151","0.0259578444605959","NA","36903000","Camiling","Central Luzon","Luzon","0","0","0","0","0","0","0","0","0.136153042316437","0.128134667873383","0.0256362631917",0.136,0.13,0.026
"187","PH082605000","melor2015","179.738888888889","35.9374023368879","57.4331105795432","0","0","0","0","0","0","0","0","0","0","7.93","90.98","29.83","43.6","6.22","1","19356","41.8723593506782","41.7611741160774","0.200133422281521","1.08961529908828","14.6319768734712","0.0667111407605069","0","0.0667111407605069","0.044474093840338","NA","82605000","Can-Avid","Eastern Visayas","Visayas","0","0","0","0","0","0","0","0","7.05610990524292","4.66531181335449","1.52080047130585",7.056,4.67,1.521
"188","PH051710000","melor2015","257.35","26.731784340902","86.4154334793083","0","0","0","0","0","0","0","0","0","0","0.51","2.54","2.04","3.7","0.37","0","0","57.9075774971297","8.3955223880597","0.287026406429391","4.27669345579793","28.2146957520092","0.416188289322618","0.0143513203214695","0.114810562571757","0.100459242250287","NA","51710000","Canaman","Bicol Region","Luzon","0","0","0","0","0","0","0","0","1.9799976348877","1.70734572410583","2.332524061203",1.980,1.71,2.333
"189","PH035405000","melor2015","265.521428571429","23.6962482030058","102.635896370413","0","0","0","0","0","0","0","0","0","0","0.51","9.73","2","3.91","0.33","0","0","88.8978063135366","6.54538969145711","0.347779561262707","0.356696985910469","2.89370429819868","0.0222935616194043","0.031210986267166","0.107009095773141","0.396825396825397","NA","35405000","Candaba","Central Luzon","Luzon","0","0","0","0","0","0","0","0","0.373907446861267","0.396663397550583","0.720058500766754",0.374,0.40,0.720
"190","PH037103000","melor2015","220.55","17.7089904492295","137.591480585381","1.61","38.75","38.7","1.61","0.53","0","1.09","38.7","0.03","0.03","14.85","576.25","44.51","72.24","9.36","1","14697","74.9751408684123","16.1252900232019","0.0331455087835598","0.331455087835598","8.02121312562148","0.0165727543917799","0","0","0.0165727543917799","NA","37103000","Candelaria","Central Luzon","Luzon","685.337930385182","19.3027995896602","0.531269713476885","685.337930385182","28.5114746232595","0.531269713476885","0","9.38576493809163","0.909089863300323","0.83694863319397","1.96039772033691",0.909,0.84,1.960
"191","PH045608000","melor2015","246.18","30.813274283145","65.8919177240358","0.01","0","0","0.01","0.01","0","0","0","0","0","3.93","203.23","31.27","19.82","6.73","0","0","77.5678998546999","17.8868149472821","0.275697626765024","0.25706940874036","3.23385864908163","0.0260795052345292","0.0223538616295965","0.14902574419731","0.167653962221974","NA","45608000","Candelaria","CALABARZON","Luzon","0","0","0","0","0.30813274283145","0","0","0.30813274283145","0.385149538516998","0.30442550778389","-0.0962195321917534",0.385,0.30,-0.096
"192","PH051602000","melor2015","208.49","17.4832783955949","145.35785364512","0","0","0","0","0","0","0","0","0","0","6.74","80.29","22.07","35.34","4.92","1","91196","31.2649837822592","8.23579184882245","0","8.54604428148357","51.6288252714709","0.0987166831194471","0","0.0282047666055563","0.084614299816669","NA","51602000","Capalonga","Bicol Region","Luzon","0","0","0","0","0","0","0","0","0.495819538831711","0.492287963628769","-2.44403600692749",0.496,0.49,-2.444
"193","PH036904000","melor2015","248.3375","21.4219158973218","105.272074256206","0.01","0","0","0.01","0.01","0","0","0","0","0","6.92","232.73","32.58","35.34","6.95","0","0","84.3540732072037","5.9358949353098","0.152785904687602","0.536376048371367","8.48449385605617","0.0552629868018984","0.0130030557180937","0.0097522917885703","0.0877706260971328","NA","36904000","Capas","Central Luzon","Luzon","0","0","0","0","0.214219158973218","0","0","0.214219158973218","0.394735783338547","0.468453884124756","-0.0424309149384499",0.395,0.47,-0.042
"194","PH083714000","melor2015","61.28","16.8730689078884","143.159492768272","0","0","0","0","0","0","0","0","0","0","11.17","199.57","33.8","56.7","7.28","1","6","45.7076247942951","33.1596269884805","1.68678003291278","1.52221612726275","14.9753154141525","0.383982446516731","0.0137136588041689","0.150850246845858","0.370268787712562","NA","83714000","Capoocan","Eastern Visayas","Visayas","0","0","0","0","0","0","0","0","0.951391458511353","0.765284895896912","-0.0291492696851492",0.951,0.77,-0.029
"195","PH084804000","melor2015","361.35","44.9872078682146","36.8449070572568","0","0","0","0","0","0","0","0","0","0","6.75","59.64","20.35","35.08","4.61","1","32897","37.8519710378117","9.29203539823009","0.0402252614641995","9.69428801287208","42.9605792437651","0.0402252614641995","0","0","0","12.6307320997586","84804000","Capul","Eastern Visayas","Visayas","0","0","0","0","0","0","0","0","16.4527015686035","15.0334968566895","18.7840118408203",16.453,15.03,18.784
"196","PH051711000","melor2015","152.155","22.0322085886733","104.592319610809","3.18","0.7","0.7","3.18","0","0","3.18","0.65","0","0.05","10.3","98.49","33.53","53.69","7.2","1","118150","36.3433893500709","12.7151245191334","0.0607410406964972","4.26199635553756","46.3251670378619","0.101235067827495","0","0.0506175339137477","0.101235067827495","NA","51711000","Caramoan","Bicol Region","Luzon","15.4225460120713","70.0624233119811","0","14.3209355826376","70.0624233119811","1.10161042943367","0","0","1.24846005439758","1.72296404838562","-0.307525157928467",1.248,1.72,-0.308
"197","PH052004000","melor2015","122.5","21.0566333881589","112.606241746237","5.86","1.25","1.25","5.86","1.66","0","4.2","1.25","0","0","12.79","258.92","33.45","65.68","7.44","1","36720","39.9488491048593","21.926683716965","0","3.88746803069054","33.384484228474","0.20460358056266","0","0.119352088661552","0.119352088661552","NA","52004000","Caramoran","Bicol Region","Luzon","26.3207917351986","88.4378602302674","0","26.3207917351986","123.391871654611","0","0","34.9540114243438","1.24216508865356","1.19451189041138","0.289164990186691",1.242,1.19,0.289
"198","PH045806000","melor2015","162.933333333333","27.9414932641733","94.4913646472819","0.66","0","0","0.66","0.66","0","0","0","0","0","12.39","93.79","40.92","60.5","8.98","1","14966","75.7958337090811","20.4166290918929","0.234466588511137","0.324646045630805","2.57011452791054","0.0270538371359004","0","0.0270538371359004","0.0270538371359004","NA","45806000","Cardona","CALABARZON","Luzon","0","0","0","0","18.4413855543544","0","0","18.4413855543544","0.355249166488647","0.322178333997726","-0.26865416765213",0.355,0.32,-0.269
"199","PH083715000","melor2015","59.03","16.1802091608153","155.346761763677","0","0","0","0","0","0","0","0","0","0","3.44","92.94","18.65","17.97","3.87","1","9205","55.5654496883348","34.1139804096171","0.534283170080142","0.756901157613535","8.15672306322351","0.0712377560106856","0.0267141585040071","0.169189670525378","0.427426536064114","NA","83715000","Carigara","Eastern Visayas","Visayas","0","0","0","0","0","0","0","0","0.447482526302338","0.650183498859406","0.767691791057587",0.447,0.65,0.768
"200","PH063014000","melor2015","53.5","15.7340516215233","144.539956763745","1.58","0.21","0.21","1.58","0.21","0","1.37","0.21","0","0","5.27","35.24","29.1","26.37","6.21","1","39997","41.8978293658601","28.0542986425339","1.01646009574398","1.83618597940849","23.5556429929831","0.603318250377074","0.144271755524952","0.367237195881697","0.67545412813955","NA","63014000","Carles","Western Visayas","Visayas","3.30415084051989","21.5556507214869","0","3.30415084051989","24.8598015620068","0","0","3.30415084051989","1.71497762203217","0.562371134757996","2.26424908638",1.715,0.56,2.264
"201","PH072215000","melor2015","20.75","9.23917655742193","237.762928421226","0.57","0.06","0.06","0.57","0.53","0.04","0","0","0","0.06","10.86","327.85","32.85","55.19","7.38","1","17264","58.3831533862764","29.3031141251004","0.999375390381012","0.21415186936736","9.46729722494869","0.0892299455697332","0.0535379673418399","0.205228874810386","0.597840635317212","NA","72215000","Carmen","Central Visayas","Visayas","0.554350593445316","0","0","0","5.2663306377305","0.554350593445316","0.369567062296877","4.89676357543362","0.189785599708557","0.361272037029266","-0.633387923240662",0.190,0.36,-0.633
"202","PH042104000","melor2015","218.6","32.4237358946001","74.4276863277649","0","0","0","0","0","0","0","0","0","0","2.58","77.38","12.54","14.62","2.65","0","0","91.0354827703855","6.38007505970658","0.737802797679973","0.0597065847833504","0.439269873763221","0.0682360968952576","0.102354145342886","0.115148413510747","0.281473899692938","NA","42104000","","CALABARZON","Luzon","0","0","0","0","0","0","0","0","0.433238744735718","0.299872308969498","-0.0514166057109833",0.433,0.30,-0.051
"203","PH034905000","melor2015","431.323076923077","14.7398396517517","189.754770899417","0.11","0","0","0.11","0.11","0","0","0","0","0","14.26","663.96","44.98","70.55","9.38","1","7138","57.9161451814768","21.078431372549","0.0104297037964121","0.90738423028786","19.659991656237","0.0312891113892365","0","0.0730079265748852","0.0208594075928243","NA","34905000","Carranglan","Central Luzon","Luzon","0","0","0","0","1.62138236169269","0","0","1.62138236169269","0.0701548308134079","0.0449742563068867","2.38016152381897",0.070,0.04,2.380
"204","PH037702000","melor2015","441.388461538462","10.764115990862","274.709565650101","3.02","12.37","12.3","3.02","0.04","0","2.98","12.37","0","0","13.28","329.3","48.55","67.5","9.93","1","158705","45.5840957072484","34.201266713582","0.422237860661506","0.91484869809993","18.1034482758621","0.2990851513019","0.0175932441942294","0.246305418719212","0.0527797325826882","NA","37702000","Casiguran","Central Luzon","Luzon","132.398626687603","32.0770656527688","0","133.152114806963","32.5076302924032","0","0","0.43056463963448","0.18955771625042","0.217787012457848","1.66792452335358",0.190,0.22,1.668
"205","PH056205000","melor2015","210.0125","64.2989930386336","7.03720544499654","3.7","4.03","4.03","3.7","0","0","3.7","4.03","0","0","4.21","96.27","23.27","22.67","4.7","1","15032","65.6602708803612","15.3357787810384","0.0846501128668171","3.06151241534989","15.0677200902935","0.141083521444695","0","0","0.0423250564334085","24.4497742663657","56205000","Casiguran","Bicol Region","Luzon","259.124941945693","237.906274242944","0","259.124941945693","237.906274242944","0","0","0","6.76513433456421","6.59619665145874","6.09494161605835",6.765,6.60,6.095
"206","PH056206000","melor2015","186.366666666667","65.7015916082114","15.7537189146454","1.39","0.07","0.07","1.39","0.07","0","1.31","0.07","0","0","4.97","108.75","25.45","25.98","5.36","1","55325","36.8335235610631","3.97847709114626","0.0163052339801076","16.7943909995108","42.0022827327572","0.138594488830915","0","0","0.040763084950269","10.4924180661992","56206000","Castilla","Bicol Region","Luzon","4.5991114125748","86.0690850067569","0","4.5991114125748","91.3252123354138","0","0","4.5991114125748","19.5857372283936","25.7237701416016","24.1732978820801",19.586,25.72,24.173
"207","PH037104000","melor2015","184.16","26.5091185082067","65.5328325715215","0.01","0","0","0.01","0.01","0","0","0","0","0","8.01","155.57","42.3","40.14","8.78","0","0","88.5188747295023","5.62635248857899","0.114210146669873","0.697283000721327","4.3459966338062","0.0601106035104592","0.0120221207020918","0.0240442414041836","0.258475595094975","NA","37104000","Castillejos","Central Luzon","Luzon","0","0","0","0","0.265091185082067","0","0","0.265091185082067","0.374088406562805","0.349759072065353","-1.0922999382019",0.374,0.35,-1.092
"208","PH054105000","melor2015","138.728571428571","26.3689379334947","77.2312288067938","0.03","0","0","0.03","0.03","0","0","0","0","0","3.94","68.69","16.03","20.46","3.53","1","58094","35.5908584169454","34.866220735786","0.613154960981048","0.780379041248606","25.1765143069491","0.0836120401337792","0.167224080267559","0.306577480490524","0.18580453363062","NA","54105000","Cataingan","Bicol Region","Luzon","0","0","0","0","0.791068138004841","0","0","0.791068138004841","1.05287134647369","2.46893334388733","1.85215139389038",1.053,2.47,1.852
"209","PH045610000","melor2015","361.38125","31.4600699533662","72.6603396223307","1.24","12.63","12.6","1.24","0.04","0","1.2","12.59","0","0.04","5.26","75.55","17.99","28.25","3.96","1","41570","39.6034403519139","30.6874138270632","0.151007813012934","1.44442255925415","27.6738231238921","0.11818002757534","0.0459588996126321","0.0196966712625566","0.0459588996126321","NA","45610000","Catanauan","CALABARZON","Luzon","396.396881412414","37.7520839440394","0","396.08228071288","39.0104867421741","1.25840279813465","0","1.25840279813465","1.02447330951691","1.54772806167603","-0.62831449508667",1.024,1.55,-0.628
"210","PH084805000","melor2015","238.685714285714","55.0602734135407","25.4477482540149","3.65","2.06","2.06","3.65","0.09","0","3.56","2.02","0.05","0","6.37","55.26","22.85","33.87","5","1","11893","42.5256895619254","16.6955110870741","0.0811249323958896","4.59167117360736","35.3650621957815","0.270416441319632","0.0432666306111411","0.0432666306111411","0.059491617090319","9.17793401838832","84805000","Catarman","Eastern Visayas","Visayas","113.424163231894","196.014573352205","2.75301367067703","111.221752295352","200.969997959424","0","0","4.95542460721866","17.6911792755127","19.9401168823242","20.9313583374023",17.691,19.94,20.931
"211","PH072216000","melor2015","28.2","9.70322459151636","226.681846900367","0.42","0","0","0.43","0.36","0.06","0","0","0","0","11.23","268.41","30.79","58.27","6.86","1","13534","56.4050778995961","35.6607039815349","0.173110213502597","0.216387766878246","6.72244662435084","0.100980957876515","0.0288517022504327","0.100980957876515","0.0288517022504327","NA","72216000","Catmon","Central Visayas","Visayas","0","0","0","0","4.17238657435203","0","0.582193475490982","3.49316085294589","0.023118419572711","0.177733331918716","0.0854187160730362",0.023,0.18,0.085
"212","PH084806000","melor2015","218.46875","58.9031345889342","21.3369138472334","0","0.07","0.07","0","0","0","0","0","0","0.07","7.44","85.43","26.13","38.45","5.65","1","6416","35.8739521887613","31.9310773051847","0.419124495498292","1.36603539273518","29.2455759081031","0.325985718720894","0.0310462589257994","0.232846941943496","0.155231294628997","6.56628376280658","84806000","Catubig","Eastern Visayas","Visayas","4.1232194212254","0","0","0","0","4.1232194212254","0","0","45.2474594116211","31.2890777587891","31.4874420166016",45.247,31.29,31.487
"213","PH043407000","melor2015","181.75","23.9643916735616","103.669678992926","0","0","0","0","0","0","0","0","0","0","4.81","331.96","17.53","25.72","3.91","1","48481","75.406162464986","17.3482726423903","0.0746965452847805","0.242763772175537","6.42390289449113","0","0.0373482726423902","0.0560224089635854","0.0186741363211951","NA","43407000","Cavinti","CALABARZON","Luzon","0","0","0","0","0","0","0","0","0.424285382032394","0.51611590385437","-0.153041675686836",0.424,0.52,-0.153
"214","PH042105000","melor2015","219.58","35.8110839758329","56.8740399126564","0.37","0.1","0.1","0.37","0","0","0.37","0.1","0","0","5.94","43.01","36.37","30.91","7.47","1","29676","67.5130099043142","30.2417324156455","0.100721839852275","0.041967433271781","1.5527950310559","0.0167869733087124","0.0125902299815343","0.0671478932348497","0.31055900621118","NA","42105000","","CALABARZON","Luzon","3.58110839758329","13.2501010710582","0","3.58110839758329","13.2501010710582","0","0","0","0.649146974086761","1.10854458808899","3.38968873023987",0.649,1.11,3.390
"215","PH054106000","melor2015","116.761111111111","25.5433736378839","78.6560087393007","0","0","0","0","0","0","0","0","0","0","1.53","25.96","5.75","8.41","1.24","1","49598","30.6203869938161","36.119422833965","0.219429483343307","0.385663940421571","31.1390384999003","0.226078861626438","0","0.106390052530088","0.226078861626438","NA","54106000","Cawayan","Bicol Region","Luzon","0","0","0","0","0","0","0","0","1.15158259868622","2.60759544372559","-0.429611146450043",1.152,2.61,-0.430
"216","PH072217000","melor2015","13.84375","8.35393371881705","255.140419155854","1.43","0.72","0.72","1.43","0.25","0.01","1.17","0.52","0.19","0.02","12.68","330.87","41.08","63.98","8.81","1","13426","68.5640064772099","28.6851361730648","0.346853612120797","0.0816989467195671","1.38986052473228","0.0415832962345102","0.0122303812454441","0.0738715027224828","0.212319418420911","NA","72217000","","Central Visayas","Visayas","6.01483227754828","9.77410245101595","1.58724740657524","4.34404553378487","11.9461252179084","0.167078674376341","0.0835393371881705","2.08848342970426","0.173423796892166","0.265260815620422","-0.421812742948532",0.173,0.27,-0.422
"217","PH012908000","melor2015","177.55","5.85501425408129","292.294254120663","1.66","0.1","0.1","1.66","1.66","0","0","0","0","0.1","18.49","857.35","58.08","94.35","11.22","0","0","78.2620539362571","14.5736856442386","0.136202669572324","0.4630890765459","3.07818033233451","0.0544810678289294","0","0","0","NA","12908000","Cervantes","Ilocos Region","Luzon","0.585501425408129","0","0","0","9.71932366177494","0.585501425408129","0","9.71932366177494","0.103256247937679","0.0852948650717735","-0.588071525096893",0.103,0.09,-0.588
"218","PH015503000","melor2015","172.175","13.4962788233795","193.964186205069","1.45","2.49","2.49","1.45","0.01","0","1.44","2.49","0","0","1.8","21.34","9.58","11.38","1.74","1","61096","73.0686595049043","18.0289584306399","0.266230733302195","0.798692199906586","7.02008407286315","0.0840728631480616","0.0513778608127043","0.0653900046707146","0.18682858477347","NA","15503000","","Ilocos Region","Luzon","33.605734270215","19.4346415056665","0","33.605734270215","19.5696042939003","0","0","0.134962788233795","0.0743043348193169","0.0645247027277946","0.443039327859879",0.074,0.06,0.443
"219","PH045802000","melor2015","217.514285714286","26.7957665405627","97.3482761911814","0.21","0.04","0.04","0.21","0.21","0","0","0","0","0.04","11.18","319.99","38.58","55.94","8.31","0","0","84.752007948994","12.48654467169","0.341262612522031","0.133666118596151","1.27810832870036","0.0289807071292539","0.0615100722743349","0.217059581968086","0.329433752469274","NA","45802000","","CALABARZON","Luzon","1.07183066162251","0","0","0","5.62711097351817","1.07183066162251","0","5.62711097351817","0.348506361246109","0.289469361305237","0.0467219799757004",0.349,0.29,0.047
"220","PH030803000","melor2015","164.5375","32.4893469096899","43.2393688603795","1.79","17.41","17.4","1.79","0","0","1.79","15.85","1.56","0","5.99","180.1","35.4","30.98","6.97","1","6413","90.8650153609831","5.51555299539171","0.081605222734255","0.662442396313364","2.40975422427035","0.0144009216589861","0.0144009216589861","0.086405529953917","0.0672043010752688","NA","30803000","","Central Luzon","Luzon","565.314636228604","58.1559309683449","50.6833811791162","514.956148518585","58.1559309683449","0","0","0","1.04009258747101","0.968419432640076","-1.13796889781952",1.040,0.97,-1.138
"221","PH083708000","melor2015","29.93","12.3650950329115","201.654433552766","0.31","0.03","0.03","0.31","0.31","0","0","0","0","0.03","13.25","279.42","52.27","70.04","9.88","1","42798","59.559733828536","31.6465490560198","0.696378830083565","0.502940266171464","6.35252243887341","0.0851129681213246","0.0425564840606623","0.135406994738471","0.127669452181987","NA","83708000","","Eastern Visayas","Visayas","0.370952850987345","0","0","0","3.83317946020256","0.370952850987345","0","3.83317946020256","0.226727053523064","0.201661333441734","-0.155209302902222",0.227,0.20,-0.155
"222","PH043403000","melor2015","218.6","31.3768277914414","78.6752805168215","0","0","0","0","0","0","0","0","0","0","0.94","32.54","4.14","6.26","0.78","1","4741","90.2297731476974","7.57107389738098","0.0766721838185181","0.0693700710738973","0.56834777528965","0.0121701879077012","0.0596339207477363","0.114399766332392","0.348067374160257","NA","43403000","","CALABARZON","Luzon","0","0","0","0","0","0","0","0","0.316152095794678","0.374543040990829","1.29195058345795",0.316,0.37,1.292
"223","PH072211000","melor2015","26.425","11.503621110611","187.915647974552","0.04","0.03","0.03","0.04","0.04","0","0","0","0","0.03","2.94","52.87","12.2","16.55","2.58","1","30646","53.4266534838945","40.9897486600406","2.78399333923089","0.0468335328094915","1.20206067544362","0.130093146693032","0.0624447104126554","0.130093146693032","0.478742779830359","NA","72211000","","Central Visayas","Visayas","0.34510863331833","0","0","0","0.46014484442444","0.34510863331833","0","0.46014484442444","0.253308713436127","0.234588906168938","-0.254776060581207",0.253,0.23,-0.255
"224","PH082604000","melor2015","90.4399999999999","24.5512516969943","94.6866005151057","0.03","0","0","0.02","0.03","0","0","0","0","0","9.04","226.06","28.69","46.83","6.32","1","63532","49.9933563646027","37.3438745681637","0.77066170608557","0.744087164496412","10.1381876162636","0.33218176986447","0.0930108955620515","0.265745415891576","0.199309061918682","NA","82604000","","Eastern Visayas","Visayas","0","0","0","0","0.491025033939886","0","0","0.736537550909829","2.55432391166687","2.55453705787659","-0.524170517921448",2.554,2.55,-0.524
"225","PH043405000","melor2015","222.95","33.1993111627016","66.9281925761622","0.25","0.01","0.01","0.25","0.01","0","0.25","0","0","0.01","2.99","124.18","17.4","15.56","3.72","1","12315","90.2010914124005","8.20410646119667","0.241556540980861","0.103146406185258","0.556285318828186","0.011460711798362","0.027329389673017","0.126067829781982","0.28651779495905","NA","43405000","","CALABARZON","Luzon","0.331993111627016","8.2998277906754","0","0","8.2998277906754","0.331993111627016","0","0.331993111627016","0.307454973459244","0.264726102352142","2.66196703910828",0.307,0.26,2.662
"226","PH175205000","melor2015","310.658333333333","57.6051358446466","1.61328685328374","1.38","12.28","12.2","1.38","0","0","1.38","12.28","0.01","0","1.32","13.66","12.01","7.71","2.65","1","29570","77.288616277536","9.60955019126764","0.0923361034164358","2.50956338213956","10.1206964780372","0.118717847249703","0.0131908719166336","0.0428703337290594","0.0725497955414852","3.72642131644902","175205000","","MIMAROPA Region","Luzon","702.782657304688","79.4950874656123","0.576051358446466","707.39106817226","79.4950874656123","0","0","0","3.34861159324646","2.93345022201538","7.47356605529785",3.349,2.93,7.474
"227","PH072214000","melor2015","7.6","6.66359091190803","290.098904920549","2.87","0.71","0.71","2.87","0.25","0","2.62","0.66","0.03","0.02","7.19","123.39","28.94","37.53","5.95","1","27459","63.0543539589994","31.6945646041","0.338536768854617","0.229452698890352","3.5094978371262","0.0338536768854617","0.0075230393078803","0.109084069964266","0.169268384427309","NA","72214000","","Central Visayas","Visayas","4.7311495474547","17.458608189199","0.199907727357241","4.3979700018593","19.124505917176","0.133271818238161","0","1.66589772797701","0.100697763264179","0.282913357019424","0.0214861854910851",0.101,0.28,0.021
"228","PH086005000","melor2015","136.254545454546","27.2845395779386","85.5545813767615","0.68","0","0","0.68","0.66","0.02","0","0","0","0","10.12","131.22","28.71","53.43","6.43","1","52822","53.2472575478109","28.778759343753","1.40277642947287","1.05814969420445","13.6928453548199","0.47082807494418","0.0631006698378798","0.237840986312009","0.572759926220755","NA","86005000","","Eastern Visayas","Visayas","0","0","0","0","18.5534869129982","0","0.545690791558772","18.0077961214395","0.954147458076477","1.28985023498535","-0.0737020596861839",0.954,1.29,-0.074
"229","PH042106000","melor2015","215.7875","34.5867688207833","66.0265276693036","0","0.01","0.01","0","0","0","0","0","0","0.01","1.65","129.01","5.46","9.37","1.09","0","0","93.9138641279638","4.89990769188377","0.168083435515203","0.0599313888927159","0.322389540250472","0.0061997988509706","0.0957524489205461","0.101952247771517","0.210104294394004","NA","42106000","","CALABARZON","Luzon","0.345867688207833","0","0","0","0","0.345867688207833","0","0","0.327720135450363","0.252487182617188","0.847106873989105",0.328,0.25,0.847
"230","PH034908000","melor2015","383.65","20.8703746310857","123.802893405656","0","0","0","0","0","0","0","0","0","0","1.23","45.77","6.61","6.94","1.46","0","0","83.5272106076629","10.7215488489384","0.532823558122509","0.492150004067355","3.47758887171561","0.0569429756772146","0.0162694216220613","0.109818595948914","0.752460750020337","NA","34908000","","Central Luzon","Luzon","0","0","0","0","0","0","0","0","0.479101270437241","0.639177739620209","1.00824511051178",0.479,0.64,1.008
"231","PH042108000","melor2015","212.591666666666","35.6815594542629","60.9432432995296","0.16","0","0","0.16","0","0","0.16","0","0","0","1.19","93.22","4.18","7.14","0.83","0","0","93.9546468110632","4.93955950813045","0.173432263617041","0.0495520753191544","0.299920455879093","0.0195600297312451","0.0404240614445733","0.109536166494973","0.194296295330369","NA","42108000","","CALABARZON","Luzon","0","5.70904951268206","0","0","5.70904951268206","0","0","0","0.298496812582016","0.224707320332527","-0.0101400539278984",0.298,0.22,-0.010
"232","PH137601000","melor2015","195.683333333333","31.221035311387","75.8462643001834","2","2.95","2.95","2","0","0","2","2.94","0.01","0","0.91","23.67","3.04","6.01","0.58","1","2731","87.352154144035","11.4331711349776","0.0478618099015932","0.0819452199830308","0.624379065534421","0.0101525051306409","0.0253812628266024","0.0790445042314191","0.20812635517814","NA","137601000","","National Capital Region","Luzon","92.1020541685916","62.442070622774","0.31221035311387","91.7898438154778","62.442070622774","0","0","0","0.32275202870369","0.335522055625916","1.32477128505707",0.323,0.34,1.325
"233","PH050508000","melor2015","228.538888888889","58.8946394520551","22.9351372017295","0","0","0","0","0","0","0","0","0","0","6.49","174.67","28.65","33.22","6.07","1","12908","59.156996131786","6.94500022231115","0.0844782357387399","7.3807300698057","25.9392645947268","0.115601796274065","0.0578008981370325","0.182295140278333","0.0711395669378862","NA","50508000","","Bicol Region","Luzon","0","0","0","0","0","0","0","0","20.0852088928223","22.808723449707","15.7736902236938",20.085,22.81,15.774
"234","PH086407000","melor2015","23.22","8.79959751799202","264.280229073904","2.91","1.18","1.18","2.91","0.3","0","2.61","1.09","0","0.09","8.89","243.04","27.66","46.94","6.17","1","28994","60.2039715087416","30.6820634578027","0.118713576516296","0.588171810921649","7.98618605655083","0.0647528599179797","0.0269803582991582","0.0917332182171379","0.0161882149794949","NA","86407000","","Eastern Visayas","Visayas","10.3835250712306","22.9669495219592","0","9.5915612946113","25.6068287773568","0.791963776619282","0","2.63987925539761","0.0704920366406441","0.157753303647041","0.0581930801272392",0.070,0.16,0.058
"235","PH137602000","melor2015","194.275","28.9111104040548","84.9529269169005","1.14","0.25","0.25","1.14","0","0","1.14","0.22","0.03","0","1.69","18.15","9.04","10.94","1.57","0","0","93.5323047901368","6.09715017179815","0.0107794920164387","0.0107794920164387","0.130027622448292","0.0101057737654113","0.0087583372633564","0.0256012935390419","0.06265579734555","NA","137602000","","National Capital Region","Luzon","7.2277776010137","32.9586658606225","0.867333312121644","6.36044428889206","32.9586658606225","0","0","0","0.251684576272964","0.171315521001816","-0.103802911937237",0.252,0.17,-0.104
"236","PH137502000","melor2015","243.266666666667","28.0984776524998","85.2097822043422","1.41","45.64","45.6","1.41","0","0","1.41","45.64","0","0","0.95","7.59","5.24","6.77","0.78","0","0","79.4527923253879","18.8696099065146","0.150506583133474","0.0709705839165973","0.752532915667368","0.0146835690861925","0.0685233224022319","0.199451813420782","0.290000489452303","NA","137502000","","National Capital Region","Luzon","1281.29058095399","39.6188534900247","0","1282.41452006009","39.6188534900247","0","0","0","0.753494918346405","0.794180035591125","0.0967546477913857",0.753,0.79,0.097
"237","PH031410000","melor2015","232.8875","27.1738872360752","82.3916441874063","0.43","1.35","1.35","0.43","0","0","0.43","1.28","0.07","0","0.71","6.14","2.67","5.17","0.45","1","12855","93.4299173406808","5.12665540840814","0.138654341836281","0.140431961603413","0.842591769620478","0.0142209581370544","0.0159985779041862","0.0533285930139543","0.0586614523153497","NA","31410000","","Central Luzon","Luzon","36.6847477687015","11.6847715115123","1.90217210652526","34.7825756621763","11.6847715115123","0","0","0","0.361238032579422","0.293492794036865","0.367310732603073",0.361,0.29,0.367
"238","PH137401000","melor2015","203.8","28.9111104040548","84.9529269169005","0","0","0","0","0","0","0","0","0","0","1.58","23.94","5.77","10.22","1.06","0","0","86.7476076683205","12.1165036059109","0.0085727451001403","0.0246466421629035","0.0503648774633247","0.0053579656875877","0.0385773529506317","0.101801348064167","0.112517279439342","NA","137401000","","National Capital Region","Luzon","0","0","0","0","0","0","0","0","0.396284073591232","0.115385487675667","4.14932155609131",0.396,0.12,4.149
"239","PH137402000","melor2015","249.85","27.4895005485481","92.3035670028448","0","0","0","0","0","0","0","0","0","0","1.55","21.72","6.86","8.74","1.54","0","0","93.7338020040921","5.84019726142385","0.030428623891716","0.0178374691779025","0.0566601962121609","0","0.0419705157127118","0.0535124075337075","0.143749016316038","NA","137402000","","National Capital Region","Luzon","0","0","0","0","0","0","0","0","0.394795119762421","0.0905939489603043","1.48245120048523",0.395,0.09,1.482
"240","PH054111000","melor2015","217.625","37.5954600016235","46.5490596441378","1.46","0.07","0.07","1.46","0.07","0","1.39","0.07","0","0","6.32","88.81","26.42","32.93","5.67","1","59826","41.61295393806","42.0374155007074","0.366818634386627","0.408740764030813","14.2587643452287","0.0786039930828486","0.0052402662055232","0.277734108892732","0.110045590315988","NA","54111000","","Bicol Region","Luzon","2.63168220011365","52.2576894022567","0","2.63168220011365","54.8893716023703","0","0","2.63168220011365","2.37126660346985","4.17873477935791","-3.14026713371277",2.371,4.18,-3.140
"241","PH031412000","melor2015","233.25","26.5642259253987","91.5661649891516","0.67","0.05","0.05","0.67","0","0","0.67","0.05","0","0","1.14","16.39","5.14","7.26","0.97","0","0","89.789458923456","8.58991566337467","0.138223922754863","0.148240149041447","0.767242933552355","0.0080129810292674","0.0280454336024359","0.0981590176085258","0.152246639556081","NA","31412000","","Central Luzon","Luzon","1.32821129626994","17.7980313700171","0","1.32821129626994","17.7980313700171","0","0","0","0.323252558708191","0.292508363723755","0.933623969554901",0.323,0.29,0.934
"242","PH137603000","melor2015","200.575","31.7334589716866","78.0200422550773","0","0","0","0","0","0","0","0","0","0","1.75","33.6","5.48","9.94","1.19","1","16548","84.6565381119335","13.5237847898541","0.0580011253949703","0.1540925420941","1.00506427736658","0.0328961606717742","0.0441501103752759","0.121196381422326","0.172271999307449","NA","137603000","","National Capital Region","Luzon","0","0","0","0","0","0","0","0","0.348172008991241","0.440733283758163","0.746460497379303",0.348,0.44,0.746
"243","PH072234000","melor2015","10.5833333333333","6.98878286830548","278.332562093266","4.11","1.16","1.16","4.11","0.58","0.01","3.53","1.11","0","0.05","11.32","203.78","33.17","56.82","7.15","1","17080","63.3424320479797","30.1295605705279","0.215293529660528","0.407519895428857","4.64034446964746","0.0230671638921994","0.0076890546307331","0.211449002345162","0.13455845603783","NA","72234000","","Central Visayas","Visayas","8.10698812723436","24.6704035251183","0","7.75754898381908","28.7238975887355","0.349439143415274","0.0698878286830548","4.05349406361718","0.0748064443469048","0.12177687138319","0.245713025331497",0.075,0.12,0.246
"244","PH137503000","melor2015","240.525","28.0984776524998","85.2097822043422","0.1","65.71","65.7","0.1","0","0","0.1","65.71","0","0","0.87","4.9","3.99","6.25","0.63","1","16579","75.7394241023818","22.7372911482403","0.0568787771062922","0.0195520796302879","1.02026306434412","0.0319943121222893","0.0177746178457163","0.0693210095982936","0.175968716672592","NA","137503000","","National Capital Region","Luzon","1846.06998176924","2.80984776524998","0","1846.35096654576","2.80984776524998","0","0","0","1.39373064041138","1.3323370218277","1.23910820484161",1.394,1.33,1.239
"245","PH137604000","melor2015","187.6125","30.3276179248405","81.1553091562047","1.09","1","1","1.09","0","0","1.09","1","0.01","0","1.06","17.74","4.54","7.04","0.75","1","14938","85.4656081009105","13.582559982956","0.0657948329124552","0.0595286583493642","0.247513895242094","0.0075194094757091","0.0213049935145093","0.116550846873492","0.220569344620802","NA","137604000","","National Capital Region","Luzon","30.3276179248405","33.0571035380761","0.303276179248405","30.3276179248405","33.0571035380761","0","0","0","0.252364635467529","0.07078056037426","0.422830313444138",0.252,0.07,0.423
"246","PH137403000","melor2015","199.2625","28.1553083391654","90.0673813746915","0","0","0","0","0","0","0","0","0","0","1.13","13.16","7.42","7.71","1.3","0","0","90.1648790506618","9.18016887266088","0.0262437243267914","0.0342309447740757","0.300091282519397","0.0028525787311729","0.0108397991784573","0.0901414879050661","0.0707439525330899","NA","137403000","","National Capital Region","Luzon","0","0","0","0","0","0","0","0","0.43015992641449","0.421652495861053","-0.312465935945511",0.430,0.42,-0.312
"247","PH063035000","melor2015","57.35","12.5458802375709","183.486506985431","0.04","0","0","0.04","0.04","0","0","0","0","0","4.28","93.17","18.99","22.57","4.16","0","0","44.1162558469543","45.3145530036264","0.635938403321596","1.05639354601356","7.23182845430178","0.0157670678509486","0.0052556892836495","0.0420455142691964","0.0630682714037946","NA","63035000","","Western Visayas","Visayas","0","0","0","0","0.501835209502836","0","0","0.501835209502836","0.474627524614334","0.307458579540253","0.95873761177063",0.475,0.31,0.959
"248","PH013314000","melor2015","159.808333333333","10.8573776906094","249.415717890052","3.58","9.19","9.19","3.58","0.03","0","3.54","9.15","0.01","0.03","7.82","104.19","28.94","39.14","6.47","1","0","85.1963313270278","13.6213814846661","0.247205503009458","0.0143307537976497","0.329607337345944","0","0.0035826884494124","0.0179134422470621","0.111063341931786","NA","13314000","","Ilocos Region","Luzon","99.7793009767004","38.4351170247573","0.108573776906094","99.345005869076","38.8694121323817","0.325721330718282","0","0.325721330718282","0.0852139964699745","0.107075937092304","0.868026852607727",0.085,0.11,0.868
"249","PH035416000","melor2015","226.6","24.6933571254078","90.4370034596489","0","0","0","0","0","0","0","0","0","0","0.69","31.36","2.11","4.88","0.39","0","0","94.6918788609311","3.19873436793732","0.0783486514991713","0.492692481542866","0.863341871327407","0.0060268193460901","0.0557480789513334","0.0331475064034955","0.222992315805334","NA","35416000","","Central Luzon","Luzon","0","0","0","0","0","0","0","0","0.316995769739151","0.261268377304077","0.578811883926392",0.317,0.26,0.579
"250","PH031420000","melor2015","264.025","25.3325923879252","99.3585741671094","0.01","0","0","0.01","0.01","0","0","0","0","0","4.1","121.49","16.14","22.04","3.4","0","0","93.3627458916862","4.44669311098519","0.254189265765401","0.108475673925362","1.01999514288027","0.0291427183680077","0.0453331174613454","0.0785234356026876","0.291427183680078","NA","31420000","","Central Luzon","Luzon","0","0","0","0","0.253325923879252","0","0","0.253325923879252","0.314290672540665","0.231065824627876","1.12501931190491",0.314,0.23,1.125
"251","PH137405000","melor2015","203.8","28.186687097372","87.3201871591145","0","0","0","0","0","0","0","0","0","0","1.42","23.61","4.39","8.96","0.75","0","0","87.066646742379","10.1950089659295","0","0","0.0074716078900179","0","0","0.0037358039450089","0.0709802749551703","NA","137405000","","National Capital Region","Luzon","0","0","0","0","0","0","0","0","0.256259262561798","0.391504466533661","3.77447438240051",0.256,0.39,3.774
"252","PH043425000","melor2015","225.15","31.7334589716866","78.0200422550773","0","0.01","0.01","0","0","0","0","0","0","0.01","1.9","43.31","8.73","11.23","1.81","1","4152","92.6163701465816","6.38776994517176","0.135671925702137","0.0237775539890343","0.148260042519861","0.0349669911603446","0.0825220991384133","0.159449479691171","0.281134608929171","NA","43425000","","CALABARZON","Luzon","0.317334589716866","0","0","0","0","0.317334589716866","0","0","0.260561406612396","0.123469702899456","0.201896741986275",0.261,0.12,0.202
"253","PH043428000","melor2015","209.8875","32.0023677909588","74.904431154823","0.03","0","0","0.03","0","0","0.03","0","0","0","1","46.77","3.07","6.46","0.6","1","6320","94.2707505062392","4.83763239082726","0.107078867296418","0.0773936367587969","0.364704260890769","0.003180560414745","0.0095416812442352","0.0466482194162611","0.120861295760313","NA","43428000","","CALABARZON","Luzon","0","0.960071033728764","0","0","0.960071033728764","0","0","0","0.312805891036987","0.254102647304535","-1.55765664577484",0.313,0.25,-1.558
"254","PH023135000","melor2015","525.425","4.9772533666635","294.177572568146","0","0","0","0","0","0","0","0","0","0","0.96","88.3","4.07","5.85","0.89","0","0","82.1738842098282","13.495589893229","0.56369785794814","0.228795012931892","2.05583924663439","0.0828967438159029","0.0265269580210889","0.0961602228264473","0.576961336958684","NA","23135000","","Cagayan Valley","Luzon","0","0","0","0","0","0","0","0","0.158607259392738","0.259803920984268","2.11116647720337",0.159,0.26,2.111
"255","PH056216000","melor2015","154.977777777778","63.9576968973928","22.7763827778451","3.09","2.63","2.63","3.09","0.16","0","2.93","2.63","0","0","8.82","220.58","44.09","44.72","8.94","1","83262","66.9412332774732","11.3301332121453","0.252790638225353","3.82026301587752","16.2836935836623","0.224387195728122","0.0624875734939074","0.0397648194961229","0.167580310733661","9.35325361433806","56216000","","Bicol Region","Luzon","168.208742840143","187.396051909361","0","168.208742840143","197.629283412944","0","0","10.2332315035828","9.26028251647949","8.15402412414551","11.2095880508423",9.260,8.15,11.210
"256","PH050517000","melor2015","173.471428571429","38.1046330626605","53.8658701718656","0","0","0","0","0","0","0","0","0","0","7.12","269.72","34.63","34.16","7.41","1","13967","70.2611411760433","6.97345004176806","0.30872044455744","5.71677623215777","13.8016198743326","0.450368648530854","0.475792685141467","0.268768387026477","0.541168779283042","NA","50517000","","Bicol Region","Luzon","0","0","0","0","0","0","0","0","2.45081663131714","2.69534277915955","0.516745150089264",2.451,2.70,0.517
"257","PH072250000","melor2015","11.5875","7.49118500858961","277.630126220703","2.26","4.73","4.73","2.26","0.33","0","1.93","4.71","0","0.02","11.06","153.26","53.56","57.85","10.92","1","8817","69.5494375488761","24.6215235307092","0.26668805518237","0.677748591365724","3.67949309217782","0.0701810671532554","0.0401034669447173","0.134346614264803","0.326843255599446","NA","72250000","","Central Visayas","Visayas","35.4333050906289","14.4579870665779","0","35.2834813904571","16.9300781194125","0.149823700171792","0","2.47209105283457","0.185970813035965","0.0619410090148449","-0.339523583650589",0.186,0.06,-0.340
"258","PH041031000","melor2015","228.3875","34.3378741509534","58.7785272372553","0","0","0","0","0","0","0","0","0","0","3.05","139.93","15.1","15.9","3.27","1","10006","90.8646395553893","5.09806017207289","0.446213862021055","0.221770961363758","1.85699780900978","0.0293913322289317","0.104205632448031","0.0935178752738737","0.788222091594079","NA","41031000","","CALABARZON","Luzon","0","0","0","0","0","0","0","0","0.557275712490082","0.555513381958008","0.710576951503754",0.557,0.56,0.711
"259","PH036916000","melor2015","290.708333333333","19.5645058276501","125.767160192432","0","0","0","0","0","0","0","0","0","0","1.04","50.69","4.51","6.47","0.97","0","0","90.4056214647516","5.87942871730105","0.313050020825216","0.338577704926843","2.41975574037002","0.0362761826707331","0.0134356232113826","0.0523989305243923","0.278117400475621","NA","36916000","","Central Luzon","Luzon","0","0","0","0","0","0","0","0","0.329965323209763","0.288613736629486","0.076580710709095",0.330,0.29,0.077
"260","PH045647000","melor2015","230.764285714286","25.6247582768131","84.736058938921","0","0","0","0","0","0","0","0","0","0","5.46","272.68","29.76","27.7","5.82","0","0","78.2093283903785","17.0790585395293","0.193982239848263","0.181050090525045","3.76756616949737","0.0215535822053625","0.008621432882145","0.025864298646435","0.0129321493232175","NA","45647000","","CALABARZON","Luzon","0","0","0","0","0","0","0","0","0.377560526132584","0.389833182096481","-0.211962506175041",0.378,0.39,-0.212
"261","PH015546000","melor2015","255.78","14.5298627313649","185.588303437129","0","0","0","0","0","0","0","0","0","0","0.73","26.78","2.85","4.95","0.57","0","0","81.4613567330408","13.8440769490381","0.246371920350996","0.340870739115761","3.23320958488019","0.0337495781302733","0.0067499156260546","0.030374620317246","0.060749240634492","NA","15546000","","Ilocos Region","Luzon","0","0","0","0","0","0","0","0","0.122621536254883","0.0898463651537895","-0.680940866470337",0.123,0.09,-0.681
"262","PH137504000","melor2015","252.2375","27.3244036075311","88.2707894893095","1.22","0.19","0.19","1.22","0","0","1.22","0.19","0","0","1.09","15.62","3.81","6.88","0.78","0","0","91.4637709719287","8.09793355576545","0.0570803405793654","0.0231039473773622","0.133866989215893","0.0040771671842403","0.0135905572808012","0.0414511997064439","0.0788252322286475","NA","137504000","","National Capital Region","Luzon","5.19163668543091","33.3357724011879","0","5.19163668543091","33.3357724011879","0","0","0","0.251684576272964","0.0552963055670261","-0.417219310998917",0.252,0.06,-0.417
"263","PH054107000","melor2015","406.19375","59.988911014436","3.17598953565374","3.98","1.8","1.8","3.98","0","0","3.98","1.8","0","0","6.78","83.24","23.7","34.07","5.24","1","149327","24.2166175346654","13.5058412490447","0.131018670160498","4.66208101321105","56.3161917239873","0.262037340320996","0","0.0109182225133748","0.0655093350802489","18.1024129271755","54107000","Claveria","Bicol Region","Luzon","107.980039825985","238.755865837455","0","107.980039825985","238.755865837455","0","0","0","18.3817005157471","19.2074337005615","20.2930450439453",18.382,19.21,20.293
"264","PH072218000","melor2015","11.95","8.58319958773955","254.387643680567","0.29","0","0","0.29","0.29","0","0","0","0","0","9.07","131.56","30.79","47.8","6.81","1","8378","64.309102815979","28.4591636261577","0.420993544765647","0.196463654223968","4.8741697071756","0.0280662363177097","0","0.037421648423613","0.0935541210590326","NA","72218000","Compostela","Central Visayas","Visayas","0","0","0","0","2.48912788044447","0","0","2.48912788044447","0.0499103218317032","0.309927046298981","0.498177736997604",0.050,0.31,0.498
"265","PH036905000","melor2015","269.275","21.2469450605388","113.212516889207","0","0","0","0","0","0","0","0","0","0","0.59","33.48","2.04","4.31","0.38","0","0","92.1202249608163","4.98786072098098","0.0799041150619256","0.442545868035281","2.0098958173269","0.0245858815575155","0.027659116752205","0.0706844094778573","0.104489996619441","NA","36905000","Concepcion","Central Luzon","Luzon","0","0","0","0","0","0","0","0","0.329688727855682","0.379511654376984","0.44362872838974",0.330,0.38,0.444
"266","PH063015000","melor2015","45.15625","12.7738788529772","178.794739950008","0.82","0","0","0.82","0.77","0","0.05","0","0","0","8.72","59.42","37.05","43.39","7.85","1","19500","41.0195141377937","41.2485065710872","1.12504978096376","0.567502986857826","12.136598964556","0.537634408602151","0.0796495420151334","0.378335324571884","0.497809637594584","NA","63015000","Concepcion","Western Visayas","Visayas","0","0.63869394264886","0","0","10.4745806594413","0","0","9.83588671679244","0.80375200510025","0.217474192380905","0.0311906430870295",0.804,0.22,0.031
"267","PH175905000","melor2015","295.125","60.0060596982965","7.90726853520105","5.77","0.21","0.21","5.77","1.03","0","4.74","0.21","0","0","14.76","127.85","25.89","71.27","6.55","1","35194","45.6542502387775","34.4794651384909","0","1.24164278892073","18.6246418338109","0","0","0","0","73.9255014326648","175905000","Concepcion","MIMAROPA Region","Luzon","12.6012725366423","284.428722969925","0","12.6012725366423","346.234964459171","0","0","61.8062414892454","6.18624687194824","8.33087921142578","61.5779724121094",6.186,8.33,61.578
"268","PH072219000","melor2015","10.45","8.26617192539351","260.278239424176","4.76","0.37","0.37","4.76","0.07","0","4.69","0.32","0","0.05","6.31","81.1","26.12","35.55","5.42","1","22984","70.8158926317188","25.4235598963524","0.435187030762076","0.099661152082918","2.08291807853299","0.0465085376386951","0.0099661152082918","0.0398644608331672","0.0597966912497508","NA","72219000","Consolacion","Central Visayas","Visayas","3.0584836123956","38.7683463300956","0","2.64517501612592","39.3469783648731","0.413308596269675","0","0.578632034777546","0.125246331095695","0.157354399561882","0.224386125802994",0.125,0.16,0.224
"269","PH175906000","melor2015","439.625","56.1929532761918","13.4089836559991","4.72","0.1","0.1","4.72","0.21","0","4.51","0.1","0","0","7.55","60.05","27.5","36.31","6.23","1","28614","30.3202269963518","1.82407782732063","0","16.6193757600324","50.7093635995136","0.0405350628293473","0.0405350628293473","0.0405350628293473","0.405350628293474","16.5383056343737","175906000","Corcuera","MIMAROPA Region","Luzon","5.61929532761918","253.430219275625","0","5.61929532761918","265.230739463625","0","0","11.8005201880003","15.6342067718506","16.5570583343506","19.6953296661377",15.634,16.56,19.695
"270","PH023109000","melor2015","412.785714285714","5.35152233802105","291.440717958686","0.04","0","0","0.03","0.03","0","0","0","0","0","5.42","197.99","28.51","28.45","6.04","0","0","79.2770849571317","12.6558846453624","0.0779423226812159","0.818394388152767","6.69329696024942","0.0194855806703039","0","0.0292283710054559","0","NA","23109000","Cordon","Cagayan Valley","Luzon","0","0","0","0","0.160545670140632","0","0","0.160545670140632","0.0971213951706886","0.104648418724537","-0.684112548828125",0.097,0.10,-0.684
"271","PH072220000","melor2015","16.7","7.68493452899391","276.886050648389","7.85","0.88","0.88","7.85","0","0","7.85","0.88","0","0","0.66","4.22","1.93","4.19","0.39","1","15581","64.7072226019594","28.0397964608491","0.668337510442774","0.288600288600289","4.67076782866257","0.075947444368497","0.022784233310549","0.113921166552745","0.0303789777473988","NA","72220000","Cordova","Central Visayas","Visayas","6.76274238551464","60.3267360526022","0","6.76274238551464","60.3267360526022","0","0","0","0.217136397957802","0.192878261208534","-0.579838752746582",0.217,0.19,-0.580
"272","PH175309000","melor2015","56.476","15.1119123794558","158.548323460308","0.7","0.07","0.07","0.7","0.48","0.02","0.2","0.02","0","0.05","12.29","110.64","46.32","63.7","9.08","1","4049","26.6247928116549","43.4877431736893","0.270435313617727","0.505975748058972","27.645468027567","0.0697897583529617","0.0087237197941202","0.043618598970601","0.0785134781470819","NA","175309000","Coron","MIMAROPA Region","Luzon","1.05783386656191","3.02238247589116","0","0.302238247589116","10.5783386656191","0.75559561897279","0.302238247589116","7.25371794213878","0.645413398742676","0.345618009567261","1.37874591350555",0.645,0.35,1.379
"273","PH061901000","melor2015","54.43","13.5252223839649","171.047154411523","0","0","0","0","0","0","0","0","0","0","5.44","89.56","26.62","29.2","5.72","0","0","43.8705662725576","50.622277535781","0.311138767890479","0.637834474175482","4.37149968886123","0","0","0","0.0155569383945239","NA","61901000","Cuartero","Western Visayas","Visayas","0","0","0","0","0","0","0","0","0.879047513008118","0.476523131132126","1.13807702064514",0.879,0.48,1.138
"274","PH041009000","melor2015","247.75","37.3509303678002","46.2671097267314","1.38","0.03","0.03","1.38","1.38","0","0","0","0","0.03","10.91","324.26","65.54","54.3","12.32","1","9575","85.6983240223464","11.0474860335196","0.293296089385475","0.516759776536313","1.9413407821229","0","0.0139664804469273","0.0418994413407821","0.0558659217877094","NA","41009000","Cuenca","CALABARZON","Luzon","1.12052791103401","0","0","0","51.5442839075643","1.12052791103401","0","51.5442839075643","0.318640828132629","0.457740724086761","0.271479904651642",0.319,0.46,0.271
"275","PH087805000","melor2015","96","19.817876537381","115.716906502328","0","0","0","0","0","0","0","0","0","0","16.01","452.61","54.28","81.96","10.08","1","16867","48.9322533136966","33.0633284241532","0.0736377025036818","1.47275405007364","16.20029455081","0.184094256259205","0.0368188512518409","0","0","NA","87805000","Culaba","Eastern Visayas","Visayas","0","0","0","0","0","0","0","0","1.15859007835388","1.57233965396881","1.56843841075897",1.159,1.57,1.568
"276","PH060606000","melor2015","83.98","14.8360761050404","161.90360043937","0.6","0.05","0.05","0.6","0","0","0.6","0.05","0","0","17.17","516.27","62.76","87.34","12.1","1","19531","52.4070945945946","29.3391047297297","0.263935810810811","0.791807432432432","16.4379222972973","0.073902027027027","0.0105574324324324","0","0.0316722972972973","NA","60606000","Culasi","Western Visayas","Visayas","0.74180380525202","8.90164566302424","0","0.74180380525202","8.90164566302424","0","0","0","0.402433574199677","0.236381739377975","0.525002837181091",0.402,0.24,0.525
"277","PH175322000","melor2015","64.9125","13.1549793605565","182.403003917329","0.84","0.11","0.11","0.84","0.05","0.05","0.74","0.05","0","0.05","9.96","72.84","29.63","50.31","6.58","1","0","22.0905172413793","35.0646551724138","0.107758620689655","0.301724137931034","41.2068965517241","0.0862068965517241","0.021551724137931","0.107758620689655","0.193965517241379","NA","175322000","Culion","MIMAROPA Region","Luzon","1.44704772966121","9.73468472681181","0","0.657748968027825","11.0501826628675","0.657748968027825","0.657748968027825","0.657748968027825","0.227292358875275","0.294976741075516","1.05948317050934",0.227,0.29,1.059
"278","PH034906000","melor2015","311.6125","16.3654597688773","163.968892848142","0","0","0","0","0","0","0","0","0","0","1.78","63.41","12.65","9.96","2.67","0","0","71.1124441778311","13.7239218822902","0.0533226687995734","0.879824035192961","13.7572485502899","0.0266613343997867","0.0066653335999466","0.0066653335999466","0.0266613343997867","NA","34906000","Cuyapo","Central Luzon","Luzon","0","0","0","0","0","0","0","0","0.153919249773026","0.0958978533744812","0.542019844055176",0.154,0.10,0.542
"279","PH175310000","melor2015","42.3125","9.58353431895827","253.027227472804","1.62","0.08","0.08","1.62","0","0","1.62","0.08","0","0","4.58","33.37","24.92","23.1","5.09","1","6591","59.0428713858425","11.3260219341974","0.0199401794616151","1.85443668993021","27.4376869391825","0.0797607178464606","0","0.0199401794616151","0.0598205383848454","NA","175310000","Cuyo","MIMAROPA Region","Luzon","0.766682745516662","15.5253255967124","0","0.766682745516662","15.5253255967124","0","0","0","0.186645045876503","0.134366750717163","-0.170397147536278",0.187,0.13,-0.170
"280","PH072221000","melor2015","26.65625","12.9311263356859","165.420083325407","0.18","0.05","0.05","0.18","0","0","0.18","0.05","0","0","2.18","27.22","9.43","12.26","1.88","1","8693","52.2045408473546","42.3930670991283","1.44942225826069","0.152037299817555","1.71295357794446","0.197648489762822","0.0658828299209406","0.293938779647273","1.04905736874113","NA","72221000","Daanbantayan","Central Visayas","Visayas","0.646556316784295","2.32760274042346","0","0.646556316784295","2.32760274042346","0","0","0","0.479291051626205","0.560597360134125","0.888066291809082",0.479,0.56,0.888
"281","PH051603000","melor2015","317.425","18.4290333061844","133.224188811888","0.15","3.04","3.04","0.15","0","0","0.15","3.02","0.02","0","0.69","12.33","2.33","4.65","0.47","1","116","76.6609656624128","6.11761610314432","0.0833223698636144","5.03003990702978","11.5730386352673","0.149103188176994","0.0219269394377932","0.0701662062009384","0.0482392667631452","NA","51603000","Daet","Bicol Region","Luzon","56.0242612508006","2.76435499592766","0.368580666123688","55.6556805846769","2.76435499592766","0","0","0","0.803715944290161","0.292284250259399","1.35962295532227",0.804,0.29,1.360
"282","PH083717000","melor2015","65.325","14.6490076361046","172.104472548993","0","0","0","0","0","0","0","0","0","0","2.89","97.8","14.82","15.13","3.1","0","0","33.3174110341533","59.4220205397659","1.67184141390017","0.179125865775018","3.27203248149033","0.131358968235013","0.0955337950800095","0.382135180320038","0.394076904705039","NA","83717000","Dagami","Eastern Visayas","Visayas","0","0","0","0","0","0","0","0","1.0361635684967","0.98609721660614","0.671594977378845",1.036,0.99,0.672
"283","PH015518000","melor2015","201.225","14.1598798753776","188.120859557705","2.09","29.23","29.2","2.09","0","0","2.09","25.77","3.46","0","0.85","5.23","3.51","6.22","0.55","1","11723","73.6404833836858","20.5857670359181","0.520308828465928","0.279735929282757","3.91070829137294","0.0559471858565514","0.0307709522211032","0.0503524672708962","0.201409869083585","NA","15518000","","Ilocos Region","Luzon","413.468492361026","29.5941489395392","48.9931843688065","364.900104388481","29.5941489395392","0","0","0","0.282194703817368","0.419456005096436","-0.323993057012558",0.282,0.42,-0.324
"284","PH072223000","melor2015","17.34375","8.91433089645593","243.676186345393","0.48","0.05","0.05","0.48","0.48","0","0","0","0","0.05","12","298.1","37.07","61.22","8.08","1","30892","66.5070232393687","26.8233100832503","0.594644980874932","0.228215100768217","4.72823117225419","0.0771431326540452","0.064285943878371","0.151071968114172","0.13178618495066","NA","72223000","","Central Visayas","Visayas","0.445716544822796","0","0","0","4.27887883029885","0.445716544822796","0","4.27887883029885","0.210646197199821","0.0692069828510284","-0.146552786231041",0.211,0.07,-0.147
"285","PH061902000","melor2015","54.175","13.838580791387","167.005635957419","0","0","0","0","0","0","0","0","0","0","1.61","19.64","6.42","10.29","1.26","0","0","54.0932642487047","41.4378238341969","0.479274611398964","0.207253886010363","3.01813471502591","0.0129533678756476","0.0647668393782383","0.103626943005181","0.155440414507772","NA","61902000","Dao","Western Visayas","Visayas","0","0","0","0","0","0","0","0","0.562352299690247","0.418798625469208","1.02181482315063",0.562,0.42,1.022
"286","PH166707000","melor2015","130.808333333333","6.65229645069767","297.113545208112","2.05","3.8","3.8","2.05","0.12","0","1.93","3.8","0","0","7.6","41.67","29.09","41.64","5.94","1","35098","38.8379801130825","25.9504776759602","0.0194969779684148","1.98869175277832","32.9108988106843","0.0389939559368297","0","0.0584909339052446","0","NA","166707000","Dapa","Caraga","Mindanao","25.2787265126511","12.8389321498465","0","25.2787265126511","13.6372077239302","0","0","0.79827557408372","0.077493205666542","0.0572811663150787","0.44263368844986",0.077,0.06,0.443
"287","PH050503000","melor2015","193.341666666667","58.9763688123066","25.6824991252364","0","0","0","0","0","0","0","0","0","0","4.02","138.71","21.57","21.08","4.74","0","0","77.3547239664622","5.94533773728721","0.235926100686","4.69311458749229","11.2663787158361","0.206889042140031","0.0435555878189539","0.0943704402744002","0.119777866502123","NA","50503000","Daraga","Bicol Region","Luzon","0","0","0","0","0","0","0","0","3.66388702392578","3.83277034759521","6.24929332733154",3.664,3.83,6.249
"288","PH086006000","melor2015","121.1","22.304642452547","106.518098998858","0.29","0","0","0.29","0.29","0","0","0","0","0","10.27","77.13","27.36","51.56","6.37","1","28334","35.6862292051756","27.4838262476895","0.0924214417744916","1.69824399260628","34.6580406654344","0.150184842883549","0","0.0231053604436229","0.0462107208872458","NA","86006000","Daram","Eastern Visayas","Visayas","0","0","0","0","6.46834631123863","0","0","6.46834631123863","1.63920533657074","1.21130788326263","0.783034563064575",1.639,1.21,0.783
"289","PH015519000","melor2015","177.494444444445","14.5284055330312","177.397296165077","1.92","11.16","11.1","1.92","0","0","1.92","11.16","0","0","3.94","59.43","15.76","21.16","3.47","1","37063","61.4048225250861","17.1484199490789","0.224651789725925","0.823723228995058","18.6161449752883","0.149767859817283","0.0149767859817283","0.0449303579451849","0.419350007488393","NA","15519000","Dasol","Ilocos Region","Luzon","161.265301416646","27.8945386234199","0","162.137005748628","27.8945386234199","0","0","0","0.0956541448831558","0.082730121910572","2.0343599319458",0.096,0.08,2.034
"290","PH166708000","melor2015","164.18125","7.26588619816241","286.446033566783","4.52","1.22","1.22","4.52","0","0","4.52","1.22","0","0","4.22","34.04","30.18","23.68","5.91","1","47357","34.1212744090442","15.2363823227133","0","3.9825282631038","43.7821171634121","0.334018499486125","0.334018499486125","1.51593011305242","0.0513874614594039","NA","166708000","Del Carmen","Caraga","Mindanao","8.86438116175814","32.8418056156941","0","8.86438116175814","32.8418056156941","0","0","0","0.621741771697998","0.76832789182663","3.63617181777954",0.622,0.77,3.636
"291","PH051712000","melor2015","312.89375","21.8734341983812","112.889901088859","0","0","0","0","0","0","0","0","0","0","8.07","247.44","38.33","41.85","7.83","1","24471","51.4972344077818","17.2229639519359","0.0381460995613198","4.25329010108716","25.3862292580584","0.228876597367919","0.0190730497806599","0","0","NA","51712000","Del Gallego","Bicol Region","Luzon","0","0","0","0","0","0","0","0","1.1868337392807","1.00805187225342","0.551288425922394",1.187,1.01,0.551
"292","PH025006000","melor2015","409.69","9.59088749055749","276.601550523096","0.11","0","0","0.12","0.08","0.04","0","0","0","0","9.7","366.62","29.52","48.94","6.74","0","0","58.4147172382467","28.8212582330229","0.090847149670679","0.363388598682716","11.1969111969112","0.0227117874176697","0","0.0227117874176697","0.0454235748353395","NA","25006000","Diadi","Cagayan Valley","Luzon","0","0","0","0","1.1509064988669","0","0.3836354996223","0.767270999244599","0.0828597545623779","0.0740523263812065","4.09568357467651",0.083,0.07,4.096
"293","PH025703000","melor2015","447.45625","10.538608130233","269.12898902689","0.54","0","0","0.54","0.38","0.02","0.15","0","0","0","9.23","304.13","34.27","45.82","7.6","0","0","69.7857201952511","23.4301315462894","0.306114006784148","0.297840655249441","5.69206585587822","0.0661868122776536","0.0082733515347067","0.0661868122776536","0.0744601638123603","NA","25703000","Diffun","Cagayan Valley","Luzon","0","1.58079121953495","0","0","5.69084839032582","0","0.21077216260466","4.00467108948854","0.230838060379028","0.138712912797928","2.26799178123474",0.231,0.14,2.268
"294","PH037703000","melor2015","567.175","5.04986498420409","291.637598370261","1.67","8.03","8.03","1.67","0","0","1.67","8.03","0","0","13.61","549.7","43.66","68.36","9.17","1","48435","50.5440414507772","35.9067357512953","0","0.466321243523316","12.7720207253886","0","0","0.155440414507772","0","NA","37703000","Dilasag","Central Luzon","Luzon","40.5504158231588","8.43327452362083","0","40.5504158231588","8.43327452362083","0","0","0","0.140464827418327","0.108445726335049","5.59463310241699",0.140,0.11,5.595
"295","PH054108000","melor2015","185.616666666667","29.2590038051092","66.8564290618908","0","0","0","0","0","0","0","0","0","0","4.86","59.62","17.11","25.04","3.79","1","16786","30.4307463795024","17.1927218715188","0.12996658002228","3.32343111771259","47.103601930932","1.48533234311177","0.0185666542888971","0","0.0742666171555885","NA","54108000","Dimasalang","Bicol Region","Luzon","0","0","0","0","0","0","0","0","2.68196535110474","2.30442404747009","-3.58587789535522",2.682,2.30,-3.586
"296","PH168503000","melor2015","91.225","7.78639926162075","279.395590121571","0","0","0","0","0","0","0","0","0","0","8.01","67.93","25.2","40.93","5.73","1","51145","46.0405156537753","25.6445672191529","0.322283609576427","1.84162062615101","24.6316758747698","0.782688766114181","0.0920810313075506","0.138121546961326","0.0920810313075506","NA","168503000","Dinagat","Caraga","Mindanao","0","0","0","0","0","0","0","0","0.239144444465637","0.154669940471649","0.316703826189041",0.239,0.15,0.317
"297","PH037704000","melor2015","539.805","11.1264851276681","263.924718010309","3.71","6.51","6.51","3.71","0","0","3.71","6.51","0","0","17.04","598.03","52.28","85.94","10.58","1","36302","57.5244544770504","20.8803611738149","0.037622272385252","1.31677953348382","19.5259593679458","0","0","0.037622272385252","0.037622272385252","NA","37704000","Dinalungan","Central Luzon","Luzon","72.4334181811193","41.2792598236487","0","72.4334181811193","41.2792598236487","0","0","0","0.0275862198323011","0.0403212420642376","3.71653532981873",0.028,0.04,3.717
"298","PH030804000","melor2015","178.066666666667","27.9582718025973","62.5281119830961","0.8","0.01","0.01","0.8","0","0","0.8","0","0","0.01","4.7","65.89","25.15","25.05","5.27","0","0","87.8872035889767","5.97308267464217","0.10254219183935","0.97415082247383","4.66566972869045","0.0469985045930356","0.0128177739799188","0.0469985045930356","0.0598162785729545","NA","30804000","Dinalupihan","Central Luzon","Luzon","0.279582718025973","22.3666174420778","0","0","22.3666174420778","0.279582718025973","0","0","0.35261058807373","0.606050908565521","-0.250809252262115",0.353,0.61,-0.251
"299","PH037705000","melor2015","397.5","19.5388295314407","146.079700099996","3.91","0.11","0.11","3.91","0.23","0","3.68","0.11","0","0","17.66","357.27","46.25","88.42","9.62","1","53651","56.677181913775","27.0417104801963","0.175254118471784","0.911321416053277","11.3564668769716","0.10515247108307","0.140203294777427","1.22677882930249","0.560813179109709","NA","37705000","Dingalan","Central Luzon","Luzon","2.14927124845848","71.9028926757018","0","2.14927124845848","76.3968234679331","0","0","4.49393079223136","0.450133413076401","0.129572361707687","5.31653642654419",0.450,0.13,5.317
"300","PH063016000","melor2015","46.025","11.0531462459525","206.229777968111","0.16","0","0","0.16","0.16","0","0","0","0","0","3.71","58.36","21.96","19.8","4.68","0","0","49.7346840328027","38.6396526772793","0.0482392667631452","0.270139893873613","9.12686927158707","0.0289435600578871","0","0.0482392667631452","0.019295706705258","NA","63016000","Dingle","Western Visayas","Visayas","0","0","0","0","1.7685033993524","0","0","1.7685033993524","0.075086422264576","0.0874909088015556","-0.489431589841843",0.075,0.09,-0.489
"301","PH037706000","melor2015","518.531818181818","13.5477982417054","217.050677622574","5.6","0.52","0.52","5.6","0","0","5.6","0.36","0.16","0","16.11","433.92","49.37","81.88","10.19","1","53547","62.1013667425968","25.0854214123007","0.156605922551253","0.455580865603645","11.4891799544419","0","0","0.156605922551253","0.0284738041002277","NA","37706000","Dipaculao","Central Luzon","Luzon","7.04485508568681","75.8676701535502","2.16764771867286","4.87720736701394","75.8676701535502","0","0","0","0.137318417429924","0.0893268808722496","10.4560651779175",0.137,0.09,10.456
"302","PH045615000","melor2015","213.875","27.3077937258552","75.9247248954319","0.26","0.07","0.07","0.26","0.26","0","0","0","0","0.07","5.77","312.7","29.48","28.34","6.29","0","0","76.7445458765279","19.356336066842","0.789107225746557","0.0618907628036515","1.96503171901594","0.0464180721027386","0.0154726907009128","0.185672288410955","0.433235339625561","NA","45615000","Dolores","CALABARZON","Luzon","1.91154556080986","0","0","0","7.10002636872235","1.91154556080986","0","7.10002636872235","0.456710189580917","0.285691142082214","1.26073324680328",0.457,0.29,1.261
"303","PH082606000","melor2015","192.735714285714","40.2430150282158","48.8146341839898","0","0","0","0","0","0","0","0","0","0","5.91","54.98","24.41","32.26","5.13","1","22728","29.0675446049278","45.231520815633","0.849617672047579","0.860237892948173","21.3785046728972","0.615972812234495","0.0531011045029736","0.467289719626168","0.838997451146984","NA","82606000","Dolores","Eastern Visayas","Visayas","0","0","0","0","0","0","0","0","5.25526332855225","8.05011558532715","-0.798817098140717",5.255,8.05,-0.799
"304","PH031424000","melor2015","314.363333333334","22.9464217524914","114.090078037507","0.66","0","0","0.66","0.66","0","0","0","0","0","14.07","411.25","39.71","71.29","8.62","1","133964","44.771694010674","41.905514923898","0.197667523225934","0.197667523225934","11.7216841272979","0.0790670092903736","0","0.17790077090334","0.0197667523225934","NA","31424000","Do�a Remedios Trinidad","Central Luzon","Luzon","0","0","0","0","15.1446383566443","0","0","15.1446383566443","0.596892654895782","1.18075907230377","0.984788596630096",0.597,1.18,0.985
"305","PH056207000","melor2015","243.707142857143","63.8157494728775","14.8104244031736","1.65","18.26","18.2","1.65","0.1","0.03","1.52","18.26","0","0","3.96","52.99","14.19","24.02","3.06","1","24426","25.1658213031604","2.8384705423332","0.0097541943035505","17.6355833008194","53.8431525555989","0.214592274678112","0.019508388607101","0.0780335544284042","0.0780335544284042","7.03277409285993","56207000","Donsol","Bicol Region","Luzon","1161.44664040637","96.9999391987738","0","1165.27558537474","105.295986630248","0","1.91447248418632","6.38157494728775","14.9330625534058","22.9944686889648","21.9676952362061",14.933,22.99,21.968
"306","PH063017000","melor2015","56.375","11.4112678809706","201.434374731946","0","0","0","0","0","0","0","0","0","0","2.74","57.57","10.87","16.2","2.2","0","0","44.6108550947261","50.7040450588838","0.089605734767025","0.089605734767025","2.67537122375832","0.0256016385048643","0","0.0256016385048643","0.0384024577572964","NA","63017000","Due�as","Western Visayas","Visayas","0","0","0","0","0","0","0","0","0.297824084758759","0.162426024675369","0.492126911878586",0.298,0.16,0.492
"307","PH083718000","melor2015","83.1125","13.8496378514091","180.536913377903","0","0","0","0","0","0","0","0","0","0","1.51","14.2","12.04","8.89","2.73","1","11148","38.5869565217391","50.2462635869565","1.29076086956522","0.959578804347826","5.34986413043478","0.5859375","0.0424592391304347","0.127377717391304","0.399116847826087","NA","83718000","Dulag","Eastern Visayas","Visayas","0","0","0","0","0","0","0","0","1.36915957927704","0.899332761764526","0.490227818489075",1.369,0.90,0.490
"308","PH061903000","melor2015","58.5375","13.3810281590043","173.868977260689","0","0","0","0","0","0","0","0","0","0","5.31","80.97","23.71","27.93","5.25","0","0","46.7416050085373","51.5793966989186","0.426863972680706","0","0.711439954467843","0.0142287990893568","0","0.0284575981787137","0","NA","61903000","Dumalag","Western Visayas","Visayas","0","0","0","0","0","0","0","0","0.966432154178619","0.374211013317108","1.18302977085114",0.966,0.37,1.183
"309","PH063018000","melor2015","17.5625","10.1436658697233","221.297364781394","0","0","0","0","0","0","0","0","0","0","0.73","6.59","4.54","4.64","0.78","1","35235","49.2519181585678","41.3235294117647","0.377237851662404","0.153452685421995","6.0613810741688","0.0447570332480818","0","0.0319693094629156","0.0831202046035805","NA","63018000","Dumangas","Western Visayas","Visayas","0","0","0","0","0","0","0","0","0.248466327786446","0.274171710014343","0.159169033169746",0.248,0.27,0.159
"310","PH061904000","melor2015","51.2642857142857","13.084528613473","176.551872027327","0","0","0","0","0","0","0","0","0","0","4.89","84.49","23.12","25.72","5.08","0","0","38.1143065161995","56.9621405169276","0.227520931925737","0.136512559155442","3.92246086639971","0.0637058609392064","0","0.0819075354932653","0.0819075354932653","NA","61904000","Dumarao","Western Visayas","Visayas","0","0","0","0","0","0","0","0","0.573907554149628","0.253155708312988","0.871994078159332",0.574,0.25,0.872
"311","PH025007000","melor2015","430.818181818182","12.6764310631976","227.370668201017","0.52","0.15","0.15","0.52","0.48","0.04","0","0","0","0.15","12.61","823.64","37.26","62.12","8.14","0","0","67.212369258754","26.9213278763074","0.090950432014552","0.166742458693345","5.16901621949371","0.0151584053357586","0","0.0151584053357586","0","NA","25007000","Dupax del Norte","Cagayan Valley","Luzon","1.90146465947964","0","0","0","6.59174415286275","1.90146465947964","0.507057242527904","6.08468691033485","0.0800151601433754","0.0728946030139923","0.689623415470123",0.080,0.07,0.690
"312","PH025008000","melor2015","454.379166666667","13.8238346706938","207.402439969314","0.71","0.09","0.09","0.71","0.62","0.09","0","0","0","0.09","15.21","930.78","39.94","74.14","8.45","0","0","60.446113074205","31.8683745583039","0.0220848056537102","0.176678445229682","6.78003533568905","0.309187279151943","0","0","0.0441696113074204","NA","25008000","Dupax del Sur","Cagayan Valley","Luzon","1.24414512036244","0","0","0","9.8149226161926","1.24414512036244","1.24414512036244","8.57077749583016","0.0574410520493984","0.0432585924863815","1.22490620613098",0.057,0.04,1.225
"313","PH023112000","melor2015","639.236363636364","4.70666229802356","296.893492029273","0","0","0","0","0","0","0","0","0","0","4.39","189.41","31.63","23.48","6.51","0","0","78.2747086750108","13.6329305135952","0.0863185153215364","0.33987915407855","7.35325852395339","0.0323694432455761","0.0215796288303841","0.010789814415192","0.010789814415192","NA","23112000","Echague","Cagayan Valley","Luzon","0","0","0","0","0","0","0","0","0.111288018524647","0.0765479207038879","-0.346986413002014",0.111,0.08,-0.347
"314","PH175312000","melor2015","85.5705882352941","9.54810630246636","251.446884324714","4.89","2.22","2.22","4.89","0.44","0.02","4.43","2.15","0.05","0.02","11.23","110.07","41.9","57.68","8.47","1","7389","31.3365029054411","29.1178024300053","0.0422609614368726","0.507131537242472","37.9820390913893","0.0528262017960908","0","0.0211304807184363","0","NA","175312000","El Nido","MIMAROPA Region","Luzon","21.1967959914753","42.298110919926","0.477405315123318","20.5284285503027","46.6902398190605","0.190962126049327","0.190962126049327","4.2011667730852","0.162346243858337","0.0933785662055016","0.450932770967484",0.162,0.09,0.451
"315","PH133908000","melor2015","229.7","28.8819983825832","82.4092633722502","0.06","38.27","38.2","0.06","0","0","0.06","38.27","0","0","1.72","8.98","6.44","12.7","1.07","1","1820","100","0","0","0","0","0","0","0","0","NA","133908000","","National Capital Region","Luzon","1103.29233821468","1.73291990295499","0","1105.31407810146","1.73291990295499","0","0","0","14.6166477203369","16.2868137359619","18.3017635345459",14.617,16.29,18.302
"316","PH054109000","melor2015","69.2250000000001","21.2684555233899","99.4257637683042","0","0","0","0","0","0","0","0","0","0","1.69","24.46","7.24","10.34","1.38","1","22251","39.9310684391925","23.3874938453964","0.418513047759724","2.33874938453964","23.8306253077302","0.615460364352536","0","0.0738552437223042","0.221565731166913","NA","54109000","Esperanza","Bicol Region","Luzon","0","0","0","0","0","0","0","0","0.987442791461945","1.36226439476013","-1.77592372894287",0.987,1.36,-1.776
"317","PH063019000","melor2015","76.6999999999999","15.1633072706093","150.633509731695","0.06","0","0","0.07","0.06","0","0","0","0","0","2.96","21.62","12.23","15.79","2.66","1","16755","45.8836245721492","38.5876418663304","0.891731219600072","1.03584939650513","10.3765087371645","0.270221581696992","0.0540443163393983","0.180147721131328","1.63033687623852","NA","63019000","Estancia","Western Visayas","Visayas","0","0","0","0","1.06143150894265","0","0","0.909798436236558","0.787713825702667","0.535866737365723","0.593962907791138",0.788,0.54,0.594
"318","PH043408000","melor2015","195.616666666667","23.3364265233892","121.474493863293","0","0","0","0","0","0","0","0","0","0","9.07","224.22","31.55","45.41","6.89","0","0","65.5774023816117","31.6532816394351","0.609249515369704","0.0276931597895319","1.13541955137081","0.0276931597895319","0","0.193852118526724","0.0553863195790639","NA","43408000","Famy","CALABARZON","Luzon","0","0","0","0","0","0","0","0","0.515299797058105","0.718895554542542","-0.321987420320511",0.515,0.72,-0.322
"319","PH175916000","melor2015","136.425","30.6601495597933","69.2547673617825","0","0","0","0","0","0","0","0","0","0","6.71","62.03","21.77","34.94","4.82","1","504","41.9842710223835","23.4724742891712","0","2.11736237144586","32.1234119782214","0.181488203266788","0","0","0","NA","175916000","Ferrol","MIMAROPA Region","Luzon","0","0","0","0","0","0","0","0","1.05555891990662","1.52768993377686","-0.131519198417664",1.056,1.53,-0.132
"320","PH035406000","melor2015","192.741666666667","26.9547671445886","70.9822254770134","0.01","0","0","0.01","0.01","0","0","0","0","0","2.57","58.95","19.51","14.26","4","0","0","86.4094197758547","3.01815860405731","0.0425592282593275","1.17392537948645","9.04028940275216","0.0141864094197758","0.0212796141296637","0.0141864094197758","0.0851184565186551","NA","35406000","Floridablanca","Central Luzon","Luzon","0","0","0","0","0.269547671445886","0","0","0.269547671445886","0.434421390295029","0.591675162315369","-0.138558328151703",0.434,0.59,-0.139
"321","PH034907000","melor2015","481.588888888889","17.2694749021148","165.1901754069","1.28","0","0","1.28","1.25","0","0.03","0","0","0","16.39","489.58","56.7","83.56","11.37","0","0","67.5860443187176","8.75766148043376","0.0235737859500235","2.41631305987742","20.5209806694955","0.0353606789250353","0","0.0353606789250353","0","NA","34907000","Gabaldon","Central Luzon","Luzon","0","0.518084247063444","0","0","22.1049278747069","0","0","21.5868436276435","0.2374686896801","0.166712686419487","3.06399369239807",0.237,0.17,3.064
"322","PH051713000","melor2015","268.725","26.731784340902","86.4154334793083","0","0","0","0","0","0","0","0","0","0","0.46","2.52","1.63","3.5","0.29","0","0","58.7035358114234","15.1405258386219","0.317316409791478","4.03445149592022","17.9963735267452","0.362647325475975","0","0.226654578422484","0.271985494106981","NA","51713000","Gainza","Bicol Region","Luzon","0","0","0","0","0","0","0","0","1.62748289108276","1.46988379955292","1.57408940792084",1.627,1.47,1.574
"323","PH084807000","melor2015","214.93","58.5455682460092","17.7698932890884","2.01","2.81","2.81","2.01","0","0","2.01","2.81","0","0","4.22","45.48","18.26","21.79","3.99","1","42001","40.5594405594406","17.6961926961927","0.0582750582750582","3.59362859362859","37.0629370629371","0.33022533022533","0.0194250194250194","0.135975135975136","0.0388500388500388","24.3978243978244","84807000","Gamay","Eastern Visayas","Visayas","164.513046771286","117.676592174478","0","164.513046771286","117.676592174478","0","0","0","27.5986957550049","24.5113887786865","26.2180919647217",27.599,24.51,26.218
"324","PH086007000","melor2015","171.894444444444","36.6716529170282","55.3991910280042","0.15","0","0","0.15","0.15","0","0","0","0","0","8.12","102.72","26.62","43.37","5.81","1","10402","25.9040382721261","20.0787955536795","0.0422119037568594","2.06838328408611","51.6532995638103","0.0844238075137188","0.0140706345856198","0.070353172928099","0.0422119037568594","NA","86007000","Gandara","Eastern Visayas","Visayas","0","0","0","0","5.50074793755423","0","0","5.50074793755423","5.88517045974731","3.02006149291992","4.69192695617676",5.885,3.02,4.692
"325","PH051714000","melor2015","139.635","20.9772833669169","113.749816203686","4.17","4.71","4.71","4.17","0","0","4.17","4.71","0","0","10.7","189.58","32.84","52.88","7.39","1","9083","19.4542599136239","3.86729485669415","0.0196309383588535","15.7636435021594","59.4032194738909","0.0785237534354142","0","0","0","NA","51714000","Garchitorena","Bicol Region","Luzon","98.8030046581786","87.4752716400435","0","98.8030046581786","87.4752716400435","0","0","0","1.51493859291077","1.42677581310272","0.0712704285979271",1.515,1.43,0.071
"326","PH174003000","melor2015","245.95","48.8151693728898","39.2538824000366","0","0","0","0","0","0","0","0","0","0","11.46","177.8","39.89","59.14","8.44","1","16669","63.7364011504314","19.369763661373","0.100037514067775","0.837814180317619","15.5558334375391","0.0875328248093035","0","0.0125046892584719","0.0375140677754157","0.312617231461798","174003000","Gasan","MIMAROPA Region","Luzon","0","0","0","0","0","0","0","0","1.85439383983612","3.66313672065735","3.30629658699036",1.854,3.66,3.306
"327","PH042123000","melor2015","215.7875","32.4237358946001","74.4276863277649","0","0.02","0.02","0","0","0","0","0","0","0.02","3.07","121.66","9.41","17.77","1.93","0","0","92.7463584360441","5.4520257120953","0.401014330365041","0.0560240608598219","0.406911599929233","0.0176918086925753","0.0412808869493424","0.0943563130270684","0.371527982544082","NA","42123000","Gen. Mariano Alvarez","CALABARZON","Luzon","0.648474717892002","0","0","0","0","0.648474717892002","0","0","0.402649253606796","0.314294427633286","0.0241263210773468",0.403,0.31,0.024
"328","PH042107000","melor2015","247.4125","41.0125603607075","42.5349479050123","0","0","0","0","0","0","0","0","0","0","3.36","224.92","12.54","19.29","2.44","0","0","86.8270332187858","12.2107674684994","0.0687285223367697","0.0916380297823596","0.572737686139748","0","0","0","0","NA","42107000","General Emilio Aguinaldo","CALABARZON","Luzon","0","0","0","0","0","0","0","0","0.532781660556793","0.558932602405548","0.0194902624934912",0.533,0.56,0.019
"329","PH045616000","melor2015","352.55","29.0311898880348","82.0323616392665","1.26","7.5","7.5","1.26","0.07","0","1.2","7.5","0","0","4.43","61.03","17.75","24.32","3.79","1","18114","43.8757500882457","21.2848570420049","0.547123190963643","2.06494881750794","29.9505824214613","0.864807624426403","0.0176491351923755","0.15884221673138","0.282386163078009","NA","45616000","General Luna","CALABARZON","Luzon","217.733924160261","34.8374278656418","0","217.733924160261","36.5792992589238","0","0","2.03218329216244","0.806846976280212","1.57947444915771","0.199904546141624",0.807,1.58,0.200
"330","PH166710000","melor2015","106.3","6.83519931833457","291.179640753627","0.31","14.58","14.5","0.31","0","0","0.31","14.43","0.08","0.08","3.73","21.27","20.14","22.63","3.82","1","32140","43.9405785770133","19.755016940318","0.0781860828772478","1.82434193380245","33.9588219963513","0.0781860828772478","0","0","0","NA","166710000","General Luna","Caraga","Mindanao","99.1103901158513","2.11891178868372","0.546815945466766","98.6319261635678","2.11891178868372","0.546815945466766","0","0","0.134618401527405","0.19069442152977","0.380421340465546",0.135,0.19,0.380
"331","PH082607000","melor2015","58.0583333333333","18.2884591175382","132.167075096618","0","0.1","0.1","0","0","0","0","0","0","0.1","8.72","156.79","25.41","44.79","5.72","1","12612","37.2681281618887","49.5784148397976","0.337268128161889","1.31534569983137","10.893760539629","0.168634064080944","0","0.0337268128161888","0.0337268128161888","NA","82607000","General Macarthur","Eastern Visayas","Visayas","1.82884591175382","0","0","0","0","1.82884591175382","0","0","0.921060740947723","1.01387977600098","1.32333970069885",0.921,1.01,1.323
"332","PH034909000","melor2015","444.09","16.9864760325276","162.65691763085","0","0","0","0","0","0","0","0","0","0","0.59","55.94","2.44","3.97","0.51","0","0","74.3991416309013","15.9656652360515","0.450643776824034","0.289699570815451","6.67381974248927","0.0643776824034334","0.0214592274678111","0.246781115879828","0.343347639484978","NA","34909000","General Mamerto Natividad","Central Luzon","Luzon","0","0","0","0","0","0","0","0","0.143193855881691","0.0628876313567162","0.219180017709732",0.143,0.06,0.219
"333","PH045617000","melor2015","263.22619047619","22.6577275588068","127.219886199575","4.44","4.73","4.73","4.44","2.1","0.03","2.3","4.69","0","0.03","17.68","447.52","43.2","89.02","9.23","1","74904","36.1648576372503","33.7108699071889","0.0157306905773163","1.16407110272141","26.899480887211","0.188768286927796","0","0.534843479628756","0.188768286927796","NA","45617000","General Nakar","CALABARZON","Luzon","107.171051353156","52.1127733852556","0","106.264742250804","100.600310361102","0.679731826764204","0.679731826764204","47.5812278734943","1.38613951206207","1.00641846656799","1.50283110141754",1.386,1.01,1.503
"334","PH034910000","melor2015","428.292307692308","19.2688215388735","142.548270875738","0.41","0","0","0.41","0.41","0","0","0","0","0","12.27","372.5","42.38","62.23","9.03","0","0","82.212518195051","13.0131004366812","0.106744298884037","0.126152353226589","3.96894711305192","0.009704027171276","0","0.0388161086851043","0.135856380397865","NA","34910000","General Tinio","Central Luzon","Luzon","0","0","0","0","7.90021683093813","0","0","7.90021683093813","0.156451776623726","0.299613624811172","-0.438514530658722",0.156,0.30,-0.439
"335","PH036906000","melor2015","285.458333333333","17.96636458875","141.991696742637","0","0","0","0","0","0","0","0","0","0","1.17","35.82","5.57","7.19","1.23","0","0","83.0883395566479","10.5449732948906","0.189062721557877","0.472656803894692","4.58477099777851","0.0472656803894692","0.056718816467363","0.056718816467363","0.515195916245214","NA","36906000","Gerona","Central Luzon","Luzon","0","0","0","0","0","0","0","0","0.350207954645157","0.405481487512589","-0.126163944602013",0.350,0.41,-0.126
"336","PH071226000","melor2015","20.225","7.73497850914267","285.669994500736","0","0","0","0","0","0","0","0","0","0","4.17","50.77","18.58","23.08","3.96","1","1228","40.9465981628522","31.3093569982874","0.451502413202553","0.778452436556127","24.7080803362914","0.342519072084696","0.18682858477347","0.685038144169391","0.233535730966838","NA","71226000","Getafe","Central Visayas","Visayas","0","0","0","0","0","0","0","0","0.334578901529312","0.340511053800583","-0.215713918209076",0.335,0.34,-0.216
"337","PH052005000","melor2015","127.98","21.0102287337236","113.950638044437","7.3","2.06","2.06","7.3","3.33","0","3.97","2.06","0","0","11.82","234.09","25.92","60.14","6.19","1","33","44.6674311926606","22.3050458715596","1.0894495412844","3.44036697247706","25.1146788990826","1.8348623853211","0.229357798165138","0.51605504587156","0.401376146788991","NA","52005000","Gigmoto","Bicol Region","Luzon","43.2810711914706","83.4106080728827","0","43.2810711914706","153.374669756182","0","0","69.9640616832996","4.44916772842407","3.86629414558411","9.53592872619629",4.449,3.87,9.536
"338","PH082608000","melor2015","52.02","16.8916496093929","144.909337360998","0","0","0","0","0","0","0","0","0","0","6.64","127.14","22.41","33.64","5.01","1","38830","28.5135556248052","63.8828295419134","2.18136491118729","0.405110626363353","3.52134621377376","0.218136491118728","0.031162355874104","0.311623558741041","0.311623558741041","NA","82608000","Giporlos","Eastern Visayas","Visayas","0","0","0","0","0","0","0","0","1.18889701366425","0.670352399349213","0.767774820327759",1.189,0.67,0.768
"339","PH175206000","melor2015","233.033333333333","59.9659304737888","11.9633673445908","1.4","2.13","2.13","1.4","0.13","0","1.27","2.07","0.06","0","9.72","236.31","48.53","50.49","9.99","1","14478","59.5210393639713","18.3536940081443","0.14543339150669","2.0166763622261","19.6335078534031","0.0969555943377933","0","0.0387822377351173","0.0290866783013379","28.7861159588908","175206000","Gloria","MIMAROPA Region","Luzon","127.72743190917","76.1567317017118","3.59795582842733","124.129476080743","83.9523026633043","0","0","7.79557096159254","6.32728624343872","22.6437206268311","25.7128925323486",6.327,22.64,25.713
"340","PH051715000","melor2015","178.0625","24.4439595949898","95.7180346871428","0","0","0","0","0","0","0","0","0","0","5.93","243.19","40.56","30.01","7.77","0","0","52.5603940270503","11.9458994605582","0.0469079821749667","2.7753889453522","31.4596200453444","0.226721913845673","0.0078179970291611","0.273629896020639","0.508169806895473","NA","51715000","Goa","Bicol Region","Luzon","0","0","0","0","0","0","0","0","1.73636066913605","1.96163058280945","0.315415054559708",1.736,1.96,0.315
"341","PH035407000","melor2015","214.375","25.7054152017767","82.9789626433108","0","0","0","0","0","0","0","0","0","0","0.7","14.56","2.98","5.01","0.48","0","0","92.1486941195321","6.19291780163435","0.0320461464508892","0.164236500560807","1.16167280884474","0","0.0160230732254446","0.0240346098381669","0.152219195641724","NA","35407000","Guagua","Central Luzon","Luzon","0","0","0","0","0","0","0","0","0.315435081720352","0.348300218582153","0.38201504945755",0.315,0.35,0.382
"342","PH056208000","melor2015","182.12","67.0484479401661","12.6133397326949","1.11","21.23","21.2","1.11","0","0","1.11","21.2","0.03","0","2.35","33.6","9.16","14.49","1.83","1","36948","58.5996729597146","8.81522223873941","0.156087408949011","7.16515534413557","24.2827411922105","0.356771220454883","0.0148654675189534","0.0520291363163371","0.133789207670581","5.4630593132154","56208000","Gubat","Bicol Region","Luzon","1421.42709633152","74.4237772135844","2.01145343820498","1421.42709633152","74.4237772135844","0","0","0","29.3986263275146","25.205493927002","27.3096733093262",29.399,25.21,27.310
"343","PH031408000","melor2015","237.55","26.7469777258614","86.4269022883128","0","0","0","0","0","0","0","0","0","0","0.72","8.38","2.25","4.87","0.45","0","0","93.1881066362159","4.9936316922131","0.184461328999956","0.175677456190434","0.878387280952172","0.0131758092142825","0.0131758092142825","0.0570951732618911","0.158109710571391","NA","31408000","Guiguinto","Central Luzon","Luzon","0","0","0","0","0","0","0","0","0.315435081720352","0.284822642803192","2.05409812927246",0.315,0.28,2.054
"344","PH034911000","melor2015","357.592857142857","17.2593385859349","153.48741722974","0","0","0","0","0","0","0","0","0","0","0.55","35.03","1.83","4.03","0.34","0","0","78.6195939982348","13.3168578993822","0.0847308031774051","0.427184466019418","7.10679611650485","0.0070609002647837","0.0141218005295675","0.0917917034421888","0.088261253309797","NA","34911000","Guimba","Central Luzon","Luzon","0","0","0","0","0","0","0","0","0.168688997626305","0.142777666449547","0.791119933128357",0.169,0.14,0.791
"345","PH063020000","melor2015","36.7625","8.99320197145217","248.967060776278","0","0","0","0","0","0","0","0","0","0","4.26","52.36","16.13","22.06","3.43","1","9669","56.4329841525651","32.232070910556","0.08058017727639","0.765511684125705","9.54875100725222","0.02686005909213","0","0.02686005909213","0","NA","63020000","Guimbal","Western Visayas","Visayas","0","0","0","0","0","0","0","0","-0.00255808746442199","0.142626017332077","-0.3468257188797",-0.003,0.14,-0.347
"346","PH045618000","melor2015","291.03","24.2476473963137","100.653947588372","2.09","1.69","1.69","2.09","0.06","0","2.03","1.67","0","0.03","5.12","101.19","19.9","26.45","4.38","1","36482","44.1849052900186","18.510158013544","0.107959564235941","2.42418294238885","33.8109726175287","0.333693198547453","0","0.0785160467170478","0.186475610952989","NA","45618000","Guinayangan","CALABARZON","Luzon","40.9785240997701","49.2227242145168","0","40.4935711518439","50.6775830582956","0.727429421889411","0","1.45485884377882","0.836687982082367","1.4319394826889","-0.956130266189575",0.837,1.43,-0.956
"347","PH050504000","melor2015","230.233333333333","49.2506542192776","35.8546827197859","0","0","0","0","0","0","0","0","0","0","6.03","222.71","22.89","31.37","4.97","0","0","61.9897103232301","6.26328151213511","0.123028743988368","8.01923722178727","22.9616374007382","0.173358684710882","0.0335532938150095","0.156582037803378","0.190135331618387","NA","50504000","Guinobatan","Bicol Region","Luzon","0","0","0","0","0","0","0","0","4.8189206123352","6.6465654373169","7.60026550292969",4.819,6.65,7.600
"348","PH082609000","melor2015","25.3115384615384","15.2241768930299","156.810435815195","1.67","13.16","13.1","1.67","0","0","1.67","13.14","0.02","0","5.71","72.92","22.41","27.42","5.01","1","40156","34.9039857995804","60.6341778279813","1.44424721639503","0.177505244473132","2.10585767306761","0.145231563659835","0.0242052606099725","0.112957882846539","0.298531547522995","NA","82609000","Guiuan","Eastern Visayas","Visayas","199.436717298692","25.4243754113599","0.304483537860598","200.045684374413","25.4243754113599","0","0","0","1.01825475692749","0.646320700645447","0.426029354333878",1.018,0.65,0.426
"349","PH045619000","melor2015","303.535714285714","25.0818293507472","98.6397433588623","3.07","7","7","3.07","0.03","0","3.04","6.95","0","0.05","6.19","72.66","17.89","32.96","4.13","1","33178","56.8131994923272","21.4837890850352","0.963424483673705","1.60955347871236","17.1224183685243","0.276912426445137","0.034614053305642","0.121149186569747","0.317295488635053","NA","45619000","Gumaca","CALABARZON","Luzon","175.57280545523","76.2487612262715","0","174.318713987693","77.0012161067939","1.25409146753736","0","0.752454880522416","0.80251008272171","0.985983431339264","-1.51454901695251",0.803,0.99,-1.515
"350","PH031409000","melor2015","238.9375","28.8940893172588","70.7009778663224","1.47","14.25","14.2","1.47","0","0","1.47","9.91","4.34","0","0.71","4.38","3.04","5.48","0.46","1","22376","89.5909359468947","6.30452160011122","0.132068258436729","0.496993709380322","2.48844402738679","0.0312793243665936","0.0660341292183644","0.11816633649602","0.253710075417927","NA","31409000","Hagonoy","Central Luzon","Luzon","410.296068305075","42.4743112963704","125.400347636903","286.340425134035","42.4743112963704","0","0","0","0.394427448511124","0.568621575832367","3.10290837287903",0.394,0.57,3.103
"351","PH060608000","melor2015","43.075","9.49629595834426","246.175689053646","0","0","0","0","0","0","0","0","0","0","9.44","136.53","30.99","47.92","6.85","1","16189","44.2434053899629","26.6355585182364","0.0952290258070659","2.32358822969241","24.5786115608037","0.0380916103228263","0","0.0285687077421198","0.0761832206456527","NA","60608000","Hamtic","Western Visayas","Visayas","0","0","0","0","0","0","0","0","0.161075904965401","0.134582102298737","-0.657563090324402",0.161,0.13,-0.658
"352","PH030805000","melor2015","167.76","30.0969034404597","51.7390009004929","2.44","0.77","0.77","2.44","0","0","2.44","0.7","0.05","0.01","6.28","144.64","26.5","32.16","5.77","0","0","81.6844919786096","8.37320574162679","0.450323670137912","1.60427807486631","7.06445257528849","0.140726146918097","0.0351815367295243","0.0562904587672389","0.316633830565719","NA","30805000","Hermosa","Central Luzon","Luzon","23.174615649154","73.4364443947217","1.50484517202298","21.0678324083218","73.4364443947217","0.300969034404597","0","0","1.0751405954361","1.16778111457825","0.649746119976044",1.075,1.17,0.650
"353","PH082610000","melor2015","70.8500000000001","18.3250716753264","131.47965495462","0","0","0","0","0","0","0","0","0","0","5.59","95.91","19.68","28.35","4.34","1","24107","28.3138401559454","62.962962962963","2.63157894736842","0.43859649122807","4.48343079922027","0.43859649122807","0","0.146198830409357","0.292397660818713","NA","82610000","Hernani","Eastern Visayas","Visayas","0","0","0","0","0","0","0","0","1.0860767364502","1.1145920753479","1.70451068878174",1.086,1.11,1.705
"354","PH083719000","melor2015","30.0142857142857","10.1049694900899","238.318812518634","1.17","10.35","10.3","1.17","0","0","1.17","9.77","0.58","0","8.05","157.47","35.92","41.93","7.54","1","13388","51.1381830838844","31.5837104072398","0.1253045596937","1.4549251653324","14.8207448659937","0.0974591019839888","0.0278454577097111","0.0348068221371388","0.090497737556561","NA","83719000","Hilongos","Eastern Visayas","Visayas","104.081185747926","11.8228143034052","5.86088230425214","98.7255519181783","11.8228143034052","0","0","0","0.583180844783783","0.410264104604721","1.61715054512024",0.583,0.41,1.617
"355","PH086008000","melor2015","125.9","27.6139202204065","83.6785400293988","1.1","0","0","1.1","1.1","0","0","0","0","0","11.21","298.28","37.39","62.94","7.47","0","0","26.8608414239482","49.3347716648688","1.11470693994966","0.862998921251348","20.3523912261776","0.791082344480403","0","0.215749730312837","0.143833153541891","NA","86008000","Hinabangan","Eastern Visayas","Visayas","0","0","0","0","30.3753122424472","0","0","30.3753122424472","2.12563061714172","1.72603106498718","4.03617763519287",2.126,1.73,4.036
"356","PH083720000","melor2015","29.39","10.0593031953377","239.524882558518","0.5","0.1","0.1","0.5","0.05","0","0.45","0.1","0","0","6.18","82.48","28.61","33.88","5.92","1","12516","60.6534375626378","20.9460813790339","0.320705552214873","1.48326317899379","15.7546602525556","0.0801763880537181","0.0200440970134295","0.160352776107436","0.200440970134295","NA","83720000","Hindang","Eastern Visayas","Visayas","1.00593031953377","4.52668643790197","0","1.00593031953377","5.02965159766885","0","0","0.502965159766885","0.261983066797256","0.355172753334045","2.23019862174988",0.262,0.36,2.230
"357","PH142709000","melor2015","346.575","4.89093902486357","297.369774149104","0","0","0","0","0","0","0","0","0","0","17.04","948.29","39.79","87.08","8.63","0","0","58.2191780821918","39.8727984344423","0.195694716242661","0.0978473581213307","0.440313111545988","0","0","0","0","NA","142709000","Hingyon","Cordillera Administrative Region","Luzon","0","0","0","0","0","0","0","0","0.0283851716667414","0.0533801838755608","0.356278240680695",0.028,0.05,0.356
"358","PH086403000","melor2015","23.75","10.3196548010399","230.680065063972","1.5","32.8","32.8","1.5","0.3","0","1.2","32.65","0.11","0.04","11.21","242.68","39.1","58.4","8.05","1","13037","59.2490974729242","26.0361010830325","0.0433212996389891","1.09747292418773","13.2707581227437","0.0288808664259927","0","0.0144404332129963","0.0288808664259927","NA","86403000","Hinunangan","Eastern Visayas","Visayas","338.484677474109","12.3835857612479","1.13516202811439","336.936729253953","15.4794822015598","0.412786192041596","0","3.09589644031197","0.480223000049591","0.075296550989151","-0.246252730488777",0.480,0.08,-0.246
"359","PH086404000","melor2015","16.8","9.73469916461407","241.598555552646","1.61","22.38","22.3","1.6","0","0","1.6","22.3","0","0.08","5.74","71.35","28.68","30.04","5.95","1","15442","59.1702337833388","15.7721435627264","0.032927230819888","3.25979585116892","21.6002634178466","0.0987816924596641","0","0","0","NA","86404000","Hinundayan","Eastern Visayas","Visayas","217.083791370894","15.5755186633825","0","217.083791370894","15.5755186633825","0.778775933169126","0","0","0.370021373033524","0.165259763598442","-0.357222706079483",0.370,0.17,-0.357
"360","PH142702000","melor2015","309.4","7.25311674727108","287.336321499281","2.01","0","0","2.01","2.01","0","0","0","0","0","25.23","1644.7","48.47","128.97","9.85","0","0","36.6683857658587","62.7127385250129","0.103145951521403","0","0.36101083032491","0.0515729757607014","0","0","0.0515729757607014","NA","142702000","Hungduan","Cordillera Administrative Region","Luzon","0","0","0","0","14.5787646620149","0","0","14.5787646620149","-0.0055337087251246","0.103669494390488","0.220316305756569",-0.006,0.10,0.220
"361","PH037105000","melor2015","215.8","19.8993406401154","111.201391726181","0.42","51.52","51.5","0.42","0.09","0","0.33","51.47","0.02","0.03","10.25","277.16","54.34","51.44","11.14","1","13389","84.3231441048035","6.41921397379913","0.183406113537118","0.637554585152838","7.79039301310044","0.0174672489082969","0.0087336244541484","0.0174672489082969","0.305676855895196","NA","37105000","Iba","Central Luzon","Luzon","1024.81604296594","6.56678241123808","0.397986812802308","1024.21906274674","8.35772306884847","0.596980219203462","0","1.79094065761039","0.992884635925293","1.53922724723816","1.56286454200745",0.993,1.54,1.563
"362","PH041010000","melor2015","281.9","41.8212317556838","40.4588886589436","0","0","0","0","0","0","0","0","0","0","1.92","129.27","11.16","11.15","2.14","0","0","87.1970012494794","10.2540608079967","0.0499791753436068","0.299875052061641","1.90753852561433","0.0083298625572678","0.0083298625572678","0.083298625572678","0.0666389004581424","0.0166597251145356","41010000","Ibaan","CALABARZON","Luzon","0","0","0","0","0","0","0","0","0.443981975317001","0.659199774265289","0.909963488578796",0.444,0.66,0.910
"363","PH060406000","melor2015","125.071428571429","19.1128783872688","123.115692176072","0","0","0","0","0","0","0","0","0","0","9.22","131.07","37.81","47.29","7.95","1","18736","59.5919860945934","20.6934406733144","0.247003933766353","2.18644222852438","16.6224499130912","0.15552099533437","0.0182965876863964","0.0731863507455859","0.173817583020767","NA","60406000","Ibajay","Western Visayas","Visayas","0","0","0","0","0","0","0","0","0.899443924427032","0.355829179286957","0.825563907623291",0.899,0.36,0.826
"364","PH063021000","melor2015","46.8416666666666","9.83003093302697","233.087776998399","0.86","0","0","0.86","0.86","0","0","0","0","0","12.66","378.19","45.06","63.38","9.27","0","0","37.8370666286203","59.8088172349836","0","0.0428021115708374","1.84049079754601","0","0","0","0","NA","63021000","Igbaras","Western Visayas","Visayas","0","0","0","0","8.45382660240319","0","0","8.45382660240319","0.0412664115428925","0.0705750584602356","0.105363942682743",0.041,0.07,0.105
"365","PH063022000","melor2015","20.975","9.52678520992786","235.149411981292","0","0","0","0","0","0","0","0","0","0","0.62","6.89","2.31","4.4","0.43","1","30167","68.0632220971285","26.6037797719895","0.43940669166111","0.175981286958803","3.35894717282237","0.0655830883076284","0.0557456250614841","0.0983746324614426","0.190190956092122","NA","63022000","","Western Visayas","Visayas","0","0","0","0","0","0","0","0","0.150918588042259","0.159092292189598","0.105853043496609",0.151,0.16,0.106
"366","PH042109000","melor2015","205.75","33.7572379064837","67.5624049935896","0.2","0.78","0.78","0.2","0","0","0.2","0.75","0.03","0","0.75","27.18","2.29","5.24","0.44","0","0","93.1421551126698","5.55473885377071","0.179557720982002","0.0976541991305626","0.267761513745091","0.0052502257597076","0.031501354558246","0.228909843123254","0.291912552239746","NA","42109000","","CALABARZON","Luzon","26.3306455670573","6.75144758129674","1.01271713719451","25.3179284298628","6.75144758129674","0","0","0","0.268662363290787","0.0447211340069771","0.428729802370071",0.269,0.04,0.429
"367","PH071224000","melor2015","14.71","6.23740391194482","297.73962639411","0","0","0","0","0","0","0","0","0","0","3.74","60.78","18.32","20.77","3.85","1","18462","45.2585325975884","37.7682403433476","0.398528510116493","0.582464745554874","15.2053954629062","0.275904353157572","0.0510933987328837","0.0510933987328837","0.0204373594931534","NA","71224000","Inabanga","Central Visayas","Visayas","0","0","0","0","0","0","0","0","0.321128964424133","0.254546999931335","-0.432677954435349",0.321,0.25,-0.433
"368","PH042110000","melor2015","224.4125","38.7199029830185","50.3597588775984","0","0.04","0.04","0","0","0","0","0","0","0.04","2.34","306.68","7.07","12.69","1.32","0","0","88.4976684463067","9.22484287355545","0.432520105426776","0.0608231398256403","1.04075150368318","0.0135162532945867","0.0540650131783469","0.155436912887747","0.108130026356694","NA","42110000","Indang","CALABARZON","Luzon","1.54879611932074","0","0","0","0","1.54879611932074","0","0","0.370181113481522","0.49122217297554","1.7449061870575",0.370,0.49,1.745
"369","PH015520000","melor2015","194.007142857143","15.2742767887767","166.361922098589","0.77","17.22","17.2","0.77","0.1","0","0.67","17.22","0","0","7.13","168.33","24.48","36","5.5","1","14907","61.067335243553","15.5085959885387","0.250716332378223","1.71919770773639","18.8753581661891","0.143266475644699","0.0179083094555873","0.0716332378223495","0.0716332378223495","NA","15520000","Infanta","Ilocos Region","Luzon","262.717560766959","10.2337654484804","0","263.023046302735","11.7611931273581","0","0","1.52742767887767","0.182215660810471","0.244181618094444","0.39330992102623",0.182,0.24,0.393
"370","PH045620000","melor2015","218.533333333333","22.6481497774485","129.693673265025","2.68","33.19","33.1","2.68","0.13","0","2.55","32.81","0.39","0","9.27","204.47","45.3","46.54","9.65","1","41462","62.3542476401999","14.646184218644","0.314640014806589","3.20192485656117","17.6815349497193","1.15984946634586","0.0246776482201246","0.240607070146215","0.129557653155654","NA","45620000","Infanta","CALABARZON","Luzon","749.653757633545","57.7527819324937","8.83277841320491","743.085794198085","60.697041403562","0","0","2.9442594710683","1.24860429763794","1.26839959621429","-1.92384994029999",1.249,1.27,-1.924
"371","PH083721000","melor2015","31.82","10.401470339574","232.91379609878","0","0","0","0","0","0","0","0","0","0","14.85","405.59","45.89","76.69","9.44","1","14737","63","28.0612244897959","0","0.714285714285714","7.44897959183674","0.0204081632653061","0.0204081632653061","0","0","NA","83721000","Inopacan","Eastern Visayas","Visayas","0","0","0","0","0","0","0","0","0.103411354124546","0.420558422803879","1.7809351682663",0.103,0.42,1.781
"372","PH133909000","melor2015","229.7","28.8819983825832","82.4092633722502","0.34","5","5","0.34","0","0","0.34","5","0","0","1.68","7.62","6.07","11.8","0.94","0","0","100","0","0","0","0","0","0","0","0","NA","133909000","","National Capital Region","Luzon","144.409991912916","9.81987945007829","0","144.409991912916","9.81987945007829","0","0","0","13.5429630279541","15.2860088348389","17.6255302429199",13.543,15.29,17.626
"373","PH051716000","melor2015","218.975","33.969176198608","62.6784171929648","0","0","0","0","0","0","0","0","0","0","5.45","142.41","29.29","27.55","6.3","0","0","67.4540682414698","9.92310171754846","0.138140627158447","3.30156098908689","18.4786112262283","0.0966984390109131","0.0552562508633789","0.10590781415481","0.0920937514389648","NA","51716000","","Bicol Region","Luzon","0","0","0","0","0","0","0","0","2.18039679527283","1.91872322559357","1.00784397125244",2.180,1.92,1.008
"374","PH056209000","melor2015","245.641666666667","59.8967519699339","4.92792706175483","0.25","0","0","0.25","0.25","0","0","0","0","0","10.24","224.22","43.43","50.81","9.03","0","0","50.2852128126371","3.54541465555068","0.0526546731022378","19.412022817025","25.7218078104432","0.184291355857832","0.0438788942518648","0.298376480912681","0.0702062308029837","30.188679245283","56209000","Irosin","Bicol Region","Luzon","0","0","0","0","14.9741879924835","0","0","14.9741879924835","20.9981155395508","19.3588047027588","33.0667762756348",20.998,19.36,33.067
"375","PH083722000","melor2015","33.5666666666667","12.3312705524499","198.815325365876","0.29","0.09","0.09","0.29","0.29","0","0","0","0","0.09","6.89","124.13","24.89","35.08","5.43","1","36524","48.379276286253","40.0017958157493","0.799138008440334","0.457933016072551","8.38645954925025","0.134686181197809","0.0179581574930412","0.125707102451288","1.15830115830116","NA","83722000","Isabel","Eastern Visayas","Visayas","1.10981434972049","0","0","0","3.57606846021047","1.10981434972049","0","3.57606846021047","0.644882321357727","0.492358416318893","-0.0438194274902344",0.645,0.49,-0.044
"376","PH141106000","melor2015","269.433333333333","12.7616509752148","216.033287510376","1.46","0.06","0.06","1.46","1.43","0.03","0","0","0","0.06","21.56","936.89","43.28","109.86","9.14","1","403","91.9177696423543","5.59701492537313","0.288651084201633","0.0563221627710504","1.45733596170093","0.0352013517319065","0.0070402703463813","0.0563221627710504","0.450577302168403","NA","141106000","Itogon","Cordillera Administrative Region","Luzon","0.765699058512888","0","0","0","18.6320104238136","0.765699058512888","0.382849529256444","18.2491608945572","0.160912871360779","0.293597996234894","0.473522752523422",0.161,0.29,0.474
"377","PH061905000","melor2015","56.2","15.2861750777039","151.186786084553","0","0","0","0","0","0","0","0","0","0","8.37","68.18","37.16","42.98","7.94","1","26010","51.9027484143763","36.892177589852","0.619148293566898","0.437934158864391","8.38115372999094","0.13591060102688","0.0302023557837511","0.483237692540018","0.317124735729387","NA","61905000","Ivisan","Western Visayas","Visayas","0","0","0","0","0","0","0","0","0.995164155960083","0.604597985744476","0.301952511072159",0.995,0.60,0.302
"378","PH034912000","melor2015","364.1125","19.3934573285009","135.162220486408","0","0","0","0","0","0","0","0","0","0","0.58","21.28","2.17","4.31","0.39","0","0","84.1836154982388","9.72616748096807","0.136348142256562","0.346551528235428","5.02215657311669","0.028405862970117","0.028405862970117","0.119304624474491","0.142029314850585","NA","34912000","Jaen","Central Luzon","Luzon","0","0","0","0","0","0","0","0","0.307313442230225","0.30943775177002","0.0195725560188293",0.307,0.31,0.020
"379","PH045807000","melor2015","192.45","26.6399085616157","97.9492273382355","0.21","0","0","0.21","0.21","0","0","0","0","0","8.46","97.83","33.51","41.32","7.27","1","24360","83.4844938560562","11.8344060854301","0.336454066705676","0.409596255119953","2.29666471620831","0.0292568753657109","0.0146284376828554","0.102399063779988","0.365710942071387","NA","45807000","Jala-Jala","CALABARZON","Luzon","0","0","0","0","5.5943807979393","0","0","5.5943807979393","0.580159842967987","0.503632545471191","6.95707750320435",0.580,0.50,6.957
"380","PH061906000","melor2015","79.635","14.8026738260906","159.107526304852","0","0","0","0","0","0","0","0","0","0","12.04","341.39","54.18","62.61","10.82","0","0","31.4754098360656","41.6744730679157","0.175644028103044","1.15925058548009","24.519906323185","0.081967213114754","0","0.163934426229508","0.187353629976581","NA","61906000","Jamindan","Western Visayas","Visayas","0","0","0","0","0","0","0","0","0.676594734191895","0.448274284601212","0.649253606796265",0.677,0.45,0.649
"381","PH063023000","melor2015","65.45","11.0529350223861","209.352618849191","0.53","0","0","0.53","0.53","0","0","0","0","0","10.12","306.15","47.22","51.88","9.69","0","0","39.116879350348","52.5594547563805","0.0362529002320185","0.319025522041763","7.35933874709977","0.0145011600928074","0","0.0072505800464037","0.0072505800464037","NA","63023000","Janiuay","Western Visayas","Visayas","0","0","0","0","5.85805556186463","0","0","5.85805556186463","0.123870775103569","0.0661661848425865","0.811638951301575",0.124,0.07,0.812
"382","PH083723000","melor2015","58.4785714285714","15.8144682370856","159.587634584353","0.05","0","0","0.05","0.05","0","0","0","0","0","6.96","256.84","46.61","36.45","8.99","0","0","44.686140459913","34.389890200953","2.52744976175678","0.538636834472757","9.15682618603688","1.22229127822664","0.486844831158069","1.68841930805884","4.72343070229956","NA","83723000","Jaro","Eastern Visayas","Visayas","0","0","0","0","0.79072341185428","0","0","0.79072341185428","1.15531861782074","0.877120614051819","3.2815101146698",1.155,0.88,3.282
"383","PH083724000","melor2015","41.6357142857143","12.1695465763961","203.404367831362","0.51","0","0","0.51","0.51","0","0","0","0","0","11.86","269.08","55.6","62.59","10.81","1","1986","50.2839959906448","34.3635148680254","0.300701637153358","1.50350818576679","12.6127631139325","0.0334112930170397","0","0.116939525559639","0.0167056465085198","NA","83724000","Javier","Eastern Visayas","Visayas","0","0","0","0","6.20646875396201","0","0","6.20646875396201","0.589979946613312","0.440150111913681","0.497296929359436",0.590,0.44,0.497
"384","PH086009000","melor2015","143.63","29.1410399884725","78.8945581273093","0.14","0","0","0.14","0.14","0","0","0","0","0","8.54","233.88","24.38","44.12","5.41","1","5720","30.5433942827711","32.397630697914","0.0515065670873036","1.18465104300798","35.5910378573268","0.103013134174607","0","0.0257532835436518","0","NA","86009000","Jiabong","Eastern Visayas","Visayas","0","0","0","0","4.07974559838615","0","0","4.07974559838615","2.39786171913147","2.39014220237732","2.03590440750122",2.398,2.39,2.036
"385","PH082611000","melor2015","226.7875","52.9057203355263","29.4333441995628","0","0","0","0","0","0","0","0","0","0","6.76","90.31","16.82","36.53","3.88","0","0","12.7832655432888","45.4968041836142","0.348634514816967","0.232423009877978","39.6281231841952","0.232423009877978","0","0.116211504938989","0.0581057524694944","1.74317257408483","82611000","Jipapad","Eastern Visayas","Visayas","0","0","0","0","0","0","0","0","22.3979892730713","14.8226718902588","11.3774070739746",22.398,14.82,11.377
"386","PH045621000","melor2015","94.7875","14.0441131770855","199.975519177086","4.55","1.08","1.08","4.55","0","0","4.55","1.08","0","0","1.34","11.82","4.04","8.05","0.88","1","37310","15.1116951379763","2.10249671484888","0","11.2352168199737","59.1327201051248","0.26281208935611","1.24835742444152","10.6438896189225","0.0657030223390276","NA","45621000","Jomalig","CALABARZON","Luzon","15.1676422312523","63.900714955739","0","15.1676422312523","63.900714955739","0","0","0","1.16058826446533","0.704148828983307","-1.09707832336426",1.161,0.70,-1.097
"387","PH023115000","melor2015","651.55","5.37034347967874","290.197283109754","0.5","0","0","0.5","0","0","0.5","0","0","0","6.57","274.6","32.78","33.94","7.06","0","0","73.5653988428341","20.4021625723229","0.445793417433368","0.151759461253912","4.26823484776629","0.151759461253912","0.018969932656739","0.0948496632836953","0.256094090865977","NA","23115000","Jones","Cagayan Valley","Luzon","0","2.68517173983937","0","0","2.68517173983937","0","0","0","0.0912832394242287","0.0725744739174843","-0.370390206575394",0.091,0.07,-0.370
"388","PH067902000","melor2015","19.875","8.73207060565184","251.670135141171","0","0","0","0","0","0","0","0","0","0","4.07","88.25","15.21","22.71","3.3","1","56509","45.1830443159923","45.3877649325626","0.0842967244701348","0.228805394990366","8.22495183044316","0.0602119460500963","0.0120423892100192","0.0963391136801541","0.15655105973025","NA","67902000","Jordan","Western Visayas","Visayas","0","0","0","0","0","0","0","0","0.109509594738483","0.20552484691143","-0.384324848651886",0.110,0.21,-0.384
"389","PH051605000","melor2015","224.571428571429","17.2501636379192","146.489802243659","0.04","0","0","0.04","0","0","0.04","0","0","0","6.22","77.17","19.38","31.92","4.52","1","87353","50.3176145280622","16.179657723638","0.16441222629101","4.90994693969061","27.6362005829161","0.343771018608475","0.0149465660264554","0.0523129810925939","0.186832075330693","NA","51605000","Jose Panganiban","Bicol Region","Luzon","0","0.690006545516768","0","0","0.690006545516768","0","0","0","0.37315708398819","0.431147009134293","0.722092986106873",0.373,0.43,0.722
"390","PH050505000","melor2015","244.716666666667","59.0456963971649","24.8147008975382","0","0","0","0","0","0","0","0","0","0","4.31","83.14","16.59","27.49","3.32","0","0","32.9309892416689","8.39674626082393","0.104959328260299","9.00026239832065","49.1734452899502","0.341117816845972","0","0","0","NA","50505000","Jovellar","Bicol Region","Luzon","0","0","0","0","0","0","0","0","7.3587646484375","42.1744842529297","39.1114387512207",7.359,42.17,39.111
"391","PH056210000","melor2015","218.61","65.0075605316203","2.00584404829414","2.72","6.44","6.44","2.72","0.45","0","2.26","6.44","0","0","8.4","123.45","40.39","42.93","8.37","1","479","52.9234478601567","9.56901748040989","0.135623869801085","7.09764918625678","30.0331525015069","0.210970464135021","0","0.0301386377335744","0","16.8474984930681","56210000","Juban","Bicol Region","Luzon","418.648689823635","146.917086801462","0","418.648689823635","176.820564646007","0","0","29.2534022392291","17.9336452484131","18.5056571960449","19.0443153381348",17.934,18.51,19.044
"392","PH083725000","melor2015","93.7","13.7955082258577","181.750947464617","0","0","0","0","0","0","0","0","0","0","1.19","28.52","5.07","7.5","1.05","0","0","27.8244876510772","58.9595375722543","2.07566999474514","0.367840252233316","4.88702049395691","1.89174986862848","0.183920126116658","0.630583289542827","2.44351024697846","NA","83725000","Julita","Eastern Visayas","Visayas","0","0","0","0","0","0","0","0","2.49513649940491","1.3164165019989","0.715536057949066",2.495,1.32,0.716
"393","PH141107000","melor2015","311.25","10.7551328798837","256.375446523274","0","0","0","0","0","0","0","0","0","0","25.14","1760.96","48.62","126.76","9.72","0","0","74.7631352282515","19.695664656905","0.229687051392478","0.143554407120299","2.72753373528567","0.114843525696239","0","0.172265288544358","0.258397932816538","NA","141107000","Kabayan","Cordillera Administrative Region","Luzon","0","0","0","0","0","0","0","0","0.0777709409594536","0.0543355271220207","0.19440096616745",0.078,0.05,0.194
"394","PH043409000","melor2015","176.666666666667","24.2441004723574","108.840024625264","0","0","0","0","0","0","0","0","0","0","4.69","292.07","25.39","24.74","5.57","1","19148","61.1665688001566","32.9614405950284","0.469759248385202","0.0195733020160501","1.83989038950871","0.0195733020160501","0.0391466040321002","1.25269132902721","0.841651986690155","NA","43409000","Kalayaan","CALABARZON","Luzon","0","0","0","0","0","0","0","0","0.656616926193237","1.9900928735733","1.03120505809784",0.657,1.99,1.031
"395","PH060407000","melor2015","122.25","17.6710748755438","132.307274861628","0","0","0","0","0","0","0","0","0","0","0.91","8.88","3.82","6.21","0.73","1","19044","62.7024291497976","12.5506072874494","0.095591542959964","5.22941970310391","18.9777327935223","0.0843454790823211","0.0337381916329284","0.11808367071525","0.0506072874493927","NA","60407000","Kalibo","Western Visayas","Visayas","0","0","0","0","0","0","0","0","1.58403837680817","0.793524622917175","0.747391223907471",1.584,0.79,0.747
"396","PH083726000","melor2015","50.3125","15.4844695476859","161.937776264808","0","0","0","0","0","0","0","0","0","0","9.48","304.37","44.27","48.3","8.98","0","0","45.1736545682103","43.194618272841","3.04286608260325","0.578848560700876","4.68554443053817","0.735294117647059","0.0782227784730913","0.242490613266583","0.758760951188986","NA","83726000","Kananga","Eastern Visayas","Visayas","0","0","0","0","0","0","0","0","0.839226424694061","0.695210337638855","-0.111078187823296",0.839,0.70,-0.111
"397","PH141108000","melor2015","205.0125","10.8541745727271","251.255978871534","4.33","0.13","0.13","4.33","4.33","0","0","0","0","0.13","19.59","940.84","56.13","100.64","10.84","0","0","89.0081068192656","7.8206962327134","0.357653791130186","0.143061516452074","0.834525512637101","0","0","0","0","NA","141108000","Kapangan","Cordillera Administrative Region","Luzon","1.41104269445452","0","0","0","46.9985758999083","1.41104269445452","0","46.9985758999083","0.129043132066727","0.14724001288414","1.29294216632843",0.129,0.15,1.293
"398","PH025009000","melor2015","434.257692307692","11.8569153716879","241.916879519869","2.13","0.09","0.09","2.13","2.04","0.03","0.07","0","0","0.09","13.78","837","35.91","68.25","7.79","0","0","41.4260249554367","52.3707664884135","0.11883541295306","0.11883541295306","4.58704693998812","0.035650623885918","0.035650623885918","0.083184789067142","0.047534165181224","NA","25009000","Kasibu","Cagayan Valley","Luzon","1.06712238345191","0.829984076018153","0","0","25.2552297416952","1.06712238345191","0.355707461150637","24.1881073582433","0.147237628698349","0.107370540499687","0.054312139749527",0.147,0.11,0.054
"399","PH087806000","melor2015","109.0875","19.4698388664449","116.445562910624","0","0","0","0","0","0","0","0","0","0","15.84","372.03","48.77","79.16","9.58","1","1428","57.6296939439983","26.4163229867593","1.36748426307792","1.06359887128283","11.3305838940742","1.08530497069677","0.0434121988278706","0.238767093553288","0.303885391795094","NA","87806000","Kawayan","Eastern Visayas","Visayas","0","0","0","0","0","0","0","0","1.28826868534088","0.566114366054535","-0.827029705047607",1.288,0.57,-0.827
"400","PH042111000","melor2015","199.725","32.9388206445756","68.9763156350993","1.74","27.56","27.5","1.74","0","0","1.74","27.56","0","0","0.72","6.44","3.03","5.25","0.51","1","20362","79.6104561763198","17.0271655561251","0.44592516658124","0.44079958995387","1.17375704766786","0.153767298821117","0.0205023065094823","0.117888262429523","0.681701691440287","NA","42111000","Kawit","CALABARZON","Luzon","905.817567725829","57.3135479215615","0","907.793896964503","57.3135479215615","0","0","0","0.516992092132568","0.403819620609283","-0.0817846208810806",0.517,0.40,-0.082
"401","PH025010000","melor2015","349.429166666667","12.3385456058345","225.551916944396","2.71","0.02","0.02","2.71","2.69","0.02","0","0","0","0.02","21.58","1296.01","45.29","108.23","9.48","0","0","43.183466279913","43.2015953589558","0","0.253807106598985","12.7991298042059","0","0","0","0","NA","25010000","Kayapa","Cagayan Valley","Luzon","0.24677091211669","0","0","0","33.4374585918115","0.24677091211669","0.24677091211669","33.1906876796948","0.0258989688009024","0.0909665077924728","1.10542571544647",0.026,0.09,1.105
"402","PH142703000","melor2015","372.1375","7.44565352464489","283.409489247903","3.46","0.07","0.07","3.46","3.46","0","0","0","0","0.07","18.33","861.97","46.25","91.44","9.49","0","0","51.2216154067261","48.0597872951998","0.0862316757688991","0.0287438919229663","0.258695027306697","0","0","0","0","NA","142703000","Kiangan","Cordillera Administrative Region","Luzon","0.521195746725142","0","0","0","25.7619611952713","0.521195746725142","0","25.7619611952713","0.0217710118740797","0.0727999359369278","-0.317165911197662",0.022,0.07,-0.317
"403","PH141109000","melor2015","213.083333333333","10.338011341052","263.998859344288","1.09","0.02","0.02","1.09","1.09","0","0","0","0","0.02","23.81","1454.49","57.51","123.95","10.6","1","1129","87.5558035714286","6.33370535714286","0.446428571428571","0.167410714285714","3.01339285714286","0","0","0","0.0279017857142857","NA","141109000","Kibungan","Cordillera Administrative Region","Luzon","0.20676022682104","0","0","0","11.2684323617467","0.20676022682104","0","11.2684323617467","0.117325164377689","0.100873611867428","0.110495708882809",0.117,0.10,0.110
"404","PH036907000","melor2015","311.525","19.3701317690821","130.744241634671","0","0","0","0","0","0","0","0","0","0","0.53","21.43","1.69","3.93","0.31","0","0","84.4796543032049","9.0169247389269","0.403312927619733","0.583363341735686","4.04753330932661","0.0288080662585523","0.0504141159524666","0.201656463809867","0.216060496939143","NA","36907000","La Paz","Central Luzon","Luzon","0","0","0","0","0","0","0","0","0.375355064868927","0.257104367017746","-0.159185796976089",0.375,0.26,-0.159
"405","PH083728000","melor2015","82.8875","13.301605663374","188.358386656682","0.25","0","0","0.25","0.25","0","0","0","0","0","7.79","195.33","45.76","39.96","8.88","0","0","30.5224934436151","56.8489005446843","1.73492031470648","0.504337300786766","6.43534395803914","0.94815412547912","0.141214444220294","0.32277587250353","0.383296348597942","NA","83728000","La Paz","Eastern Visayas","Visayas","0","0","0","0","3.3254014158435","0","0","3.3254014158435","1.12842118740082","1.40137839317322","-0.55533242225647",1.128,1.40,-0.555
"406","PH141110000","melor2015","208.233333333333","11.364757999953","241.169562114259","1.08","0.06","0.06","1.08","1.05","0.03","0","0","0","0.06","14.72","1259.62","39.04","73.74","8.32","0","0","97.836245126343","1.87803208428822","0.0416679067829399","0.0297627905592428","0.0684544182862585","0.0029762790559242","0.0059525581118485","0","0.0119051162236971","NA","141110000","La Trinidad","Cordillera Administrative Region","Luzon","0.68188547999718","0","0","0","12.2739386399492","0.68188547999718","0.34094273999859","11.9329958999506","-0.0713841393589973","-0.000519166467711329","-1.89472138881683",-0.071,-0.00,-1.895
"407","PH051606000","melor2015","258.885714285714","19.6866825677796","125.83277589627","0","0","0","0","0","0","0","0","0","0","6.28","151.43","27.5","32.47","5.79","0","0","50.0788252781406","12.9633800279267","0.0585559209044637","6.18440610783298","30.1337777577587","0.0990946353767848","0.0090086032160713","0.0360344128642853","0.0675645241205351","NA","51606000","Labo","Bicol Region","Luzon","0","0","0","0","0","0","0","0","1.14716148376465","1.2164558172226","2.03338932991028",1.147,1.22,2.033
"408","PH015521000","melor2015","194.9625","14.3736790944979","181.988411111942","1.53","21.11","21.1","1.53","0.2","0","1.33","21.07","0.03","0","11.4","238.43","36.17","56.99","7.96","1","5367","74.0909921432487","15.274986296364","0.27407272062854","0.676046044217066","7.83847980997625","0.054814544125708","0.0365430294171386","0.054814544125708","0.511602411839942","NA","15521000","Labrador","Ilocos Region","Luzon","303.284628893906","19.1169931956822","0.431210372834937","302.853418521071","21.9917290145818","0","0","2.87473581889958","0.134798973798752","0.0633527860045433","0.28197255730629",0.135,0.06,0.282
"409","PH142704000","melor2015","377.2375","5.85695392368144","289.508888867878","2.77","0.03","0.03","2.77","2.77","0","0","0","0","0.03","14.85","513.29","38.66","76.17","8.51","0","0","60.8012170385396","35.9279918864097","0.0253549695740365","0","2.9158215010142","0","0","0","0","NA","142704000","Lagawe","Cordillera Administrative Region","Luzon","0.175708617710443","0","0","0","16.2237623685976","0.175708617710443","0","16.2237623685976","0.00602202629670501","0.0406714454293251","-0.0573753640055656",0.006,0.04,-0.057
"410","PH051717000","melor2015","157.371428571429","23.0622521702231","102.313056426022","1.54","0.39","0.39","1.54","0","0.04","1.51","0.36","0.04","0","11.32","195.55","36.68","56.02","8.08","1","67913","48.7920544022906","6.99713672154617","0.0357909806728704","7.73085182534001","36.1578382247674","0.0984251968503936","0.0178954903364352","0.0089477451682176","0.0268432355046528","NA","51717000","Lagonoy","Bicol Region","Luzon","8.99427834638701","34.8240007770369","0.922490086808924","8.30241078128032","35.5158683421436","0","0.922490086808924","0","1.36650955677032","1.70688831806183","2.95222330093384",1.367,1.71,2.952
"411","PH063025000","melor2015","77.6333333333334","12.4749925023499","188.044464500202","0.68","0","0","0.68","0.68","0","0","0","0","0","12.22","438.3","48.85","62.85","10.08","0","0","37.108080550599","57.3795564618914","0.0828447616619933","0.114708131531991","4.40989039000765","0.0382360438439969","0.0127453479479989","0.0191180219219984","0.0254906958959979","NA","63025000","Lambunao","Western Visayas","Visayas","0","0","0","0","8.48299490159793","0","0","8.48299490159793","0.10164924710989","0.104003250598907","0.655962288379669",0.102,0.10,0.656
"412","PH142705000","melor2015","377.675","8.09144896500092","280.174133688344","0","0","0","0","0","0","0","0","0","0","7.83","349.38","32.89","39.91","7.08","0","0","70.5703558018952","25.6391918469515","0.0357589844448417","0.125156445556946","3.09315215447881","0.0178794922224208","0.0178794922224208","0.0178794922224208","0.125156445556946","NA","142705000","Lamut","Cordillera Administrative Region","Luzon","0","0","0","0","0","0","0","0","0.171876758337021","0.0778598189353943","-1.14976692199707",0.172,0.08,-1.150
"413","PH015548000","melor2015","238.775","14.1664035262109","191.035956261748","0","0","0","0","0","0","0","0","0","0","0.71","27.94","2.2","4.81","0.43","0","0","83.5336874475818","11.6578138104557","0.125803746155997","0.37741123846799","3.34078837014258","0.0139781940173329","0","0.0838691641039977","0.209672910259994","NA","15548000","Laoac","Ilocos Region","Luzon","0","0","0","0","0","0","0","0","0.116781793534756","0.106836162507534","1.80417084693909",0.117,0.11,1.804
"414","PH084808000","melor2015","202.525","61.3848701321971","7.2582800130965","3.35","3.87","3.87","3.35","0","0","3.35","3.87","0","0","3.01","24.72","17.5","16.19","3.66","1","64968","32.9394387001477","14.8613162645659","0.0820613819136714","4.79238470375841","46.6108649269654","0.361070080420154","0.0164122763827342","0.0738552437223042","0.11488593467914","67.9386180863286","84808000","Laoang","Eastern Visayas","Visayas","237.559447411603","205.63931494286","0","237.559447411603","205.63931494286","0","0","0","63.330940246582","63.5775527954102","61.5683975219727",63.331,63.58,61.568
"415","PH084809000","melor2015","213.4125","53.388064742234","28.3842980838275","0","0","0","0","0","0","0","0","0","0","4.39","29.21","15.63","23.87","3.29","1","51960","27.3500810372771","14.4651539708266","0.121555915721232","4.82171799027553","51.7828200972447","0.526742301458671","0","0.121555915721232","0.283630470016207","1.49918962722853","84809000","Lapinig","Eastern Visayas","Visayas","0","0","0","0","0","0","0","0","29.1568584442139","34.607536315918","4.58180809020996",29.157,34.61,4.582
"416","PH072226000","melor2015","19.79","7.97321192961187","270.995953886336","3.62","5.61","5.61","3.62","0","0","3.62","4.24","1.38","0","0.66","5.15","3.26","4.22","0.62","1","75417","69.3732496183283","26.9192271527799","0.18401124288473","0.194121750735539","2.44067659518538","0.0293204727673471","0.0222431172717805","0.109193484788741","0.136491855985926","NA","72226000","","Central Visayas","Visayas","44.7297189251226","28.863027185195","11.0030324628644","33.8064185815543","28.863027185195","0","0","0","0.147442579269409","0.333889961242676","0.930303573608398",0.147,0.33,0.930
"417","PH084810000","melor2015","229.683333333333","52.9683957037994","30.1340269888822","0","0","0","0","0","0","0","0","0","0","5.09","47.25","18.07","28.21","3.86","0","0","15.6785613936499","56.8137117167744","0.210733352065187","0.533857825231807","25.3722955886485","0.182635571789829","0.0421466704130373","0.463613374543411","0.491711154818769","10.0028097780275","84810000","Las Navas","Eastern Visayas","Visayas","0","0","0","0","0","0","0","0","11.6373605728149","10.6797962188721","11.6859903335571",11.637,10.68,11.686
"418","PH060609000","melor2015","81.0166666666667","12.5748493059702","189.160310894516","0","0","0","0","0","0","0","0","0","0","16.88","372.9","54.94","88.57","11.07","1","10301","40.3936742934051","50.1177658142665","0.605652759084791","0.269179004037685","7.4528936742934","0.201884253028264","0","0.218707940780619","0.25235531628533","NA","60609000","Laua-An","Western Visayas","Visayas","0","0","0","0","0","0","0","0","0.698635458946228","0.477421224117279","0.978079795837402",0.699,0.48,0.978
"419","PH034913000","melor2015","492.1","17.4980952183084","159.258882877425","0.12","0","0","0.12","0.12","0","0","0","0","0","6.81","192.49","35.59","34.65","7.42","0","0","66.4398028631777","12.7082844402722","0.0234686693264491","1.31424548228115","18.70452945318","0.0234686693264491","0","0.0704060079793475","0.0821403426425721","NA","34913000","Laur","Central Luzon","Luzon","0","0","0","0","2.09977142619701","0","0","2.09977142619701","0.561649441719055","0.202111706137657","7.24138355255127",0.562,0.20,7.241
"420","PH041011000","melor2015","219.45","40.7617513843946","43.4078652644233","0.2","0.02","0.02","0.2","0.2","0","0","0","0","0.02","10.03","221.02","34.04","52.73","7.11","1","13335","84.9023506022687","10.9694772541223","0.292363466261256","0.210501695708104","2.92363466261256","0.0233890773009004","0.0467781546018009","0.222196234358555","0.163723541106303","NA","41011000","Laurel","CALABARZON","Luzon","0.815235027687892","0","0","0","8.15235027687892","0.815235027687892","0","8.15235027687892","0.282457888126373","0.420903950929642","-0.239351466298103",0.282,0.42,-0.239
"421","PH084811000","melor2015","267.266666666667","56.9244331331249","18.450698447702","2.19","0.83","0.83","2.19","0","0","2.19","0.83","0","0","5.07","53.9","19.02","26.82","4.19","1","35931","35.1992097464603","9.54889693776753","0.016463615409944","6.02568324003951","47.9914389199868","0.625617385577873","0.016463615409944","0.181099769509384","0.230490615739216","51.0372077708265","84811000","Lavezares","Eastern Visayas","Visayas","47.2472795004937","124.664508561544","0","47.2472795004937","124.664508561544","0","0","0","46.6308746337891","42.0403900146484","47.7406768798828",46.631,42.04,47.741
"422","PH082612000","melor2015","53.07","17.3520017898809","142.330494321713","0","0","0","0","0","0","0","0","0","0","7.94","212.78","27.44","39.61","6.07","1","22832","40.0066511473229","51.2470901230462","4.22347855004988","0.266045892916528","1.82906551380113","0.897904888593282","0.066511473229132","0.232790156301962","0.532091785833056","NA","82612000","Lawaan","Eastern Visayas","Visayas","0","0","0","0","0","0","0","0","1.12150728702545","1.09425616264343","1.34361910820007",1.122,1.09,1.344
"423","PH063026000","melor2015","21.55","9.52678520992786","235.149411981292","0","0","0","0","0","0","0","0","0","0","0.56","7.94","1.82","3.82","0.36","1","10564","48.3186092903961","33.6705614135081","0.085494442861214","1.05443146195497","15.9447135936164","0.042747221430607","0","0.0142490738102023","0.0284981476204046","NA","63026000","Leganes","Western Visayas","Visayas","0","0","0","0","0","0","0","0","0.221068501472473","0.334871202707291","0.103569440543652",0.221,0.33,0.104
"424","PH050506000","melor2015","181.966666666667","59.0952450976621","26.8331370111419","0.29","0.06","0.06","0.29","0","0","0.29","0.06","0","0","4.9","126.69","23.33","24.53","5.11","1","41612","75.5822091367618","8.050775876632","0.349928807587422","4.71076574076309","10.2661872239786","0.260636629099597","0.205130680309868","0.209957284552453","0.258223326978304","NA","50506000","","Bicol Region","Luzon","3.54571470585973","17.137621078322","0","3.54571470585973","17.137621078322","0","0","0","4.12525653839111","4.80702495574951","1.60110819339752",4.125,4.81,1.601
"425","PH041012000","melor2015","244.675","45.0787532317484","31.5616911176096","1.96","0.22","0.22","1.96","0","0","1.96","0.2","0","0.02","4.94","175","19.18","27.18","4.01","1","9123","86.9264069264069","7.90934555640438","0.147695441813089","0.4532722179781","3.82480264833206","0.0203717850776674","0.071301247771836","0.168067226890756","0.122230710466005","NA","41012000","Lemery","CALABARZON","Luzon","9.91732571098465","88.3543563342269","0","9.01575064634968","88.3543563342269","0.901575064634968","0","0","0.455909699201584","0.305538296699524","-1.26874935626984",0.456,0.31,-1.269
"426","PH063027000","melor2015","40.66","13.1636881616823","175.193596683474","0","0","0","0","0","0","0","0","0","0","4.89","131","23.24","25.67","5.07","0","0","34.9414640421974","58.420172391612","2.48295381448604","0.0257300913418242","2.0198121703332","0.231570822076418","0.0128650456709121","0.501736781165573","0.591792100861958","NA","63027000","Lemery","Western Visayas","Visayas","0","0","0","0","0","0","0","0","0.656541287899017","0.634921848773956","0.264651894569397",0.657,0.63,0.265
"427","PH063028000","melor2015","49.95","10.0777767799375","226.819921893908","0.94","0","0","0.94","0.94","0","0","0","0","0","11.12","292.12","35.6","55.71","7.65","0","0","40.2737685073098","56.6533196759475","0.0744948319210354","0.0186237079802588","2.28140422758171","0.0093118539901294","0","0.0279355619703883","0.0279355619703883","NA","63028000","Leon","Western Visayas","Visayas","0","0","0","0","9.47311017314125","0","0","9.47311017314125","0.237743228673935","0.107519328594208","-0.240391179919243",0.238,0.11,-0.240
"428","PH083729000","melor2015","63.9166666666667","16.5872814233034","144.005143804929","0","0","0","0","0","0","0","0","0","0","7.77","94.49","36.26","39.87","7.71","1","2375","28.7426478748197","54.0117634002885","1.6646321163023","0.743535678615026","12.7843746532016","0.221950948840306","0.0998779269781378","0.510487182332705","0.266341138608368","NA","83729000","Leyte","Eastern Visayas","Visayas","0","0","0","0","0","0","0","0","1.29028809070587","0.860795974731445","-0.0273504294455051",1.290,0.86,-0.027
"429","PH060408000","melor2015","121.35","17.0020361327265","138.251818564663","0","0","0","0","0","0","0","0","0","0","1.45","15.79","7.95","9.08","1.55","0","0","59.3239759381266","8.50759094815239","0","5.18476081352048","26.3248352907476","0.0286450873675164","0.171870524205099","0.0572901747350329","0.171870524205099","NA","60408000","Lezo","Western Visayas","Visayas","0","0","0","0","0","0","0","0","1.56961834430695","0.692903935909271","0.705285310745239",1.570,0.69,0.705
"430","PH041013000","melor2015","240.5","47.8861927241618","15.436070857278","3.22","1.48","1.48","3.22","0","0","3.22","1.45","0.02","0","4.59","53.63","22.39","23.54","4.83","1","28353","80.7467818021908","11.0897897177581","0.119932837610938","0.79155672823219","6.46837770848325","0.0319820900295834","0.119932837610938","0.0239865675221875","0.0959462700887503","NA","41013000","Lian","CALABARZON","Luzon","70.8715652317595","154.193540571801","0.957723854483236","69.4349794500346","154.193540571801","0","0","0","1.12668120861053","1.22029662132263","1.59241080284119",1.127,1.22,1.592
"431","PH060409000","melor2015","87.9428571428572","14.7299414829666","160.369801534818","0","0","0","0","0","0","0","0","0","0","14","252.07","51.25","72.09","10.48","0","0","26.006711409396","24.6949359365467","0.0152532031726662","2.59304453935326","46.0341671751068","0.061012812690665","0.0305064063453325","0.183038438071995","0.0762660158633313","NA","60409000","Libacao","Western Visayas","Visayas","0","0","0","0","0","0","0","0","0.583932042121887","0.40664729475975","0.333762168884277",0.584,0.41,0.334
"432","PH086405000","melor2015","23.1625","9.66757907156913","244.649164931846","8.49","0.45","0.45","8.49","1.19","0","7.3","0.45","0","0","17.75","359.97","54.24","92.71","10.35","1","25161","53.921568627451","32.5110689437065","0.253004427577483","0.695762175838077","11.3851992409867","0.158127767235927","0.0316255534471853","0.284629981024668","0.0316255534471853","NA","86405000","Libagon","Eastern Visayas","Visayas","4.35041058220611","70.5733272224546","0","4.35041058220611","82.0777463176219","0","0","11.5044190951673","0.398073881864548","0.215375497937202","0.69996827840805",0.398,0.22,0.700
"433","PH060610000","melor2015","106.608333333333","19.1906235898413","124.572158669071","0","0","0","0","0","0","0","0","0","0","14.12","268.69","42.54","72.72","9","1","22038","50.1513900357831","13.102119460501","0.0825763831544178","3.49573355353702","33.0305532617671","0.0550509221029452","0","0","0","NA","60610000","Libertad","Western Visayas","Visayas","0","0","0","0","0","0","0","0","1.29799664020538","0.706388115882874","0.14834962785244",1.298,0.71,0.148
"434","PH168504000","melor2015","34.8416666666666","9.23958923683861","247.636444351341","3.2","0.09","0.09","3.2","0.19","0","3.01","0.09","0","0","10.92","127.61","34.72","54.27","7.63","1","78470","37.1703228986936","46.0931722947991","0.0246487552378604","0.468326349519349","16.0956371703229","0","0","0.0246487552378604","0","NA","168504000","Libjo","Caraga","Mindanao","0.831563031315475","27.8111636028842","0","0.831563031315475","29.5666855578836","0","0","1.75552195499934","0.0243670400232077","0.0526707395911217","-0.538326323032379",0.024,0.05,-0.538
"435","PH051718000","melor2015","305.909090909091","27.6138895415595","82.9806593934858","0.73","0.22","0.22","0.73","0.03","0","0.7","0.19","0.03","0","4.71","111.55","23.46","24.33","5.15","1","24471","42.9636293535535","14.1412843250653","0.0385554555969669","3.9369404104014","37.6215567836182","0.175641519941738","0.0171357580430964","0.0342715160861928","0.171357580430964","NA","51718000","Libmanan","Bicol Region","Luzon","6.07505569914309","19.3297226790916","0.828416686246785","5.24663901289631","20.1581393653384","0","0","0.828416686246785","1.38059329986572","1.73102605342865","-0.648096323013306",1.381,1.73,-0.648
"436","PH050507000","melor2015","279.771428571429","46.0103683276709","39.5850287823751","0.76","0.24","0.24","0.76","0","0","0.76","0.24","0","0","6.02","89.06","26.43","30.59","5.76","1","22405","43.0373197076515","12.5088933445443","0.0582109824720263","7.10820774852856","36.815212470086","0.0582109824720263","0.10348619106138","0.122889851885389","0.0711467563546989","NA","50507000","Libon","Bicol Region","Luzon","11.042488398641","34.9678799290299","0","11.042488398641","34.9678799290299","0","0","0","3.09063196182251","4.30880117416382","-0.194013312458992",3.091,4.31,-0.194
"437","PH034914000","melor2015","358.55","18.1233038024369","145.216290591375","0","0","0","0","0","0","0","0","0","0","0.52","23.38","1.84","3.97","0.32","0","0","71.681832444305","16.6300596171949","0.109821148415438","1.31785378098525","9.570128647631","0","0","0.0627549419516786","0.0627549419516786","NA","34914000","Licab","Central Luzon","Luzon","0","0","0","0","0","0","0","0","0.155681505799294","0.153510883450508","0.717676103115082",0.156,0.15,0.718
"438","PH043410000","melor2015","207.5","25.7869062152166","92.4527482704326","0","0","0","0","0","0","0","0","0","0","6.9","393.06","38.19","33.89","8.16","0","0","79.265850945495","13.3259176863181","0.456062291434928","0.233592880978865","4.39377085650723","0.0333704115684093","0.411568409343715","0.700778642936596","0.278086763070078","NA","43410000","Liliw","CALABARZON","Luzon","0","0","0","0","0","0","0","0","1.00262248516083","0.806587398052216","-1.10862815380096",1.003,0.81,-1.109
"439","PH072227000","melor2015","13.8","8.37488522490472","259.929934724704","3.35","0.25","0.25","3.35","0.06","0.01","3.29","0.24","0","0.01","6.31","75","30.08","34.58","6.13","1","19456","68.5809104682202","27.7793809970421","0.28136498088161","0.104610056994445","2.34831541735805","0.0505014068249044","0.003607243344636","0.0288579467570882","0.0865738402712647","NA","72227000","Liloan","Central Visayas","Visayas","2.09372130622618","27.5533723899365","0","2.00997245397713","28.0558655034308","0.0837488522490472","0.0837488522490472","0.502493113494283","0.0528949722647667","0.142748653888702","0.428432703018188",0.053,0.14,0.428
"440","PH086406000","melor2015","18.3928571428571","8.64811842910424","265.448009667364","9.26","0.44","0.44","9.26","1.42","0","7.84","0.33","0","0.11","14.89","220.01","38.89","75.17","8.2","1","20936","61.2458111571062","20.9540705696826","0.0985610092647348","1.3010053222945","16.0063079045929","0.177409816676523","0.0197122018529469","0.0394244037058939","0.0197122018529469","NA","86406000","Liloan","Eastern Visayas","Visayas","3.80517210880587","67.8012484841772","0","2.8538790816044","80.0815766535053","0.951293027201466","0","12.280328169328","0.0723946839570999","0.0903807803988457","-0.360114842653275",0.072,0.09,-0.360
"441","PH086419000","melor2015","33.725","7.51505247443541","293.735606701059","7.46","1.1","1.1","7.46","1.38","0","6.08","1.1","0","0","13.61","71.5","43.06","66.09","9.16","1","21011","61.8768328445748","5.79178885630498","0.146627565982405","12.316715542522","19.2815249266862","0.439882697947214","0","0","0","NA","86419000","Limasawa","Eastern Visayas","Visayas","8.26655772187895","45.6915190445673","0","8.26655772187895","56.0622914592882","0","0","10.3707724147209","0.207247629761696","0.370775014162064","-1.65144872665405",0.207,0.37,-1.651
"442","PH030806000","melor2015","180","36.2652763667449","35.3001828819736","4.76","0.24","0.24","4.76","0","0","4.76","0.21","0.02","0.02","8.49","259.6","34.88","42.62","7.06","1","13511","87.2838520883214","6.03884011705241","0.711625432295823","0.379090183559457","3.46501729183293","0.458898643256185","0.0798084596967278","0.252726789039638","0.84463953179037","NA","30806000","Limay","Central Luzon","Luzon","8.70366632801877","172.622715505706","0.725305527334898","7.61570803701643","172.622715505706","0.725305527334898","0","0","0.999829351902008","1.77039384841919","0.604904174804688",1.000,1.77,0.605
"443","PH175313000","melor2015","82.6868421052632","10.2791112065741","238.919577749266","1.94","0.61","0.61","1.94","0.1","0.1","1.74","0.41","0","0.2","12.84","72.32","30.23","63.6","6.88","1","13406","13.4861565942245","26.793688597797","0","0.506103006847276","58.5888657338494","0.0297707651086632","0","0","0","NA","175313000","Linapacan","MIMAROPA Region","Luzon","6.2702578360102","17.8856534994389","0","4.21443559469538","19.9414757407538","2.05582224131482","1.02791112065741","1.02791112065741","0.0930504202842712","0.0488230958580971","0.0591305494308472",0.093,0.05,0.059
"444","PH015522000","melor2015","207.5625","14.105765578175","187.56518688344","0.65","58.94","58.9","0.65","0","0","0.65","58.82","0.12","0","0.79","5.8","3.07","5.71","0.55","1","13087","69.8139863433012","12.94560866494","0.324935248410643","1.34683305862962","14.0287261596421","0.273133976924888","0.226041911937838","0.127148575465034","0.306098422415823","NA","15522000","Lingayen","Ilocos Region","Luzon","830.829592554507","9.16874762581375","1.692691869381","829.701131308253","9.16874762581375","0","0","0","0.192917943000793","0.197372868657112","0.0254365187138319",0.193,0.20,0.025
"445","PH041014000","melor2015","236.008333333333","35.8917577772669","49.8774090514547","0","0","0","0","0","0","0","0","0","0","3.64","310.32","29.42","19.22","5.96","1","3579","92.8841597738892","5.72342990149216","0.184269227039084","0.117766047355806","0.759244634717431","0.0124693461906147","0.0110838632805464","0.0581902822228687","0.0706596284134835","NA","41014000","","CALABARZON","Luzon","0","0","0","0","0","0","0","0","0.45033785700798","0.810436010360718","0.196680918335915",0.450,0.81,0.197
"446","PH034915000","melor2015","413.166666666667","16.7053204214061","164.890959097432","0","0","0","0","0","0","0","0","0","0","0.6","72.72","2.12","3.96","0.42","0","0","76.894891122278","12.8454773869347","0.157035175879397","0.690954773869347","7.86222780569514","0.0732830820770519","0.0209380234505862","0.261725293132328","0.177973199329983","NA","34915000","Llanera","Central Luzon","Luzon","0","0","0","0","0","0","0","0","0.13051001727581","0.084340788424015","-1.44032967090607",0.131,0.08,-1.440
"447","PH082613000","melor2015","62.4277777777778","19.7967510085987","121.194245333292","0","0","0","0","0","0","0","0","0","0","7.95","171.76","26.8","40.41","5.98","1","8","42.7841634738187","35.291613452533","0.638569604086845","1.04299702000851","18.7100893997446","0.191570881226054","0","0.042571306939123","0.085142613878246","NA","82613000","Llorente","Eastern Visayas","Visayas","0","0","0","0","0","0","0","0","1.21346879005432","0.812596440315247","0.552570521831512",1.213,0.81,0.553
"448","PH041015000","melor2015","328.65","48.0132207472818","31.6059325018993","1.87","0","0","1.87","0","0","1.87","0","0","0","14.6","257.63","45.13","74.12","9.43","1","26827","73.1246506428172","20.8272778088317","0.156512017887088","0.234768026830632","4.85187255449972","0.0111794298490776","0","0.0558971492453884","0.0447177193963107","NA","41015000","Lobo","CALABARZON","Luzon","0","89.784722797417","0","0","89.784722797417","0","0","0","0.833654522895813","1.04490661621094","-0.129378616809845",0.834,1.04,-0.129
"449","PH175103000","melor2015","187.15625","41.8429500513573","1.7607992855561","3.26","10.14","10.1","3.26","0.27","0","2.99","10.14","0","0","11.06","114.78","36.04","54.78","7.82","1","58593","62.1786492374728","4.31372549019608","0","7.10239651416122","26.0130718954248","0.0435729847494553","0.0871459694989106","0","0.0871459694989106","0.261437908496732","175103000","Looc","MIMAROPA Region","Luzon","422.613795518709","125.110420653558","0","424.287513520763","136.408017167425","0","0","11.2975965138665","27.1032657623291","31.5926380157471","0.822074294090271",27.103,31.59,0.822
"450","PH175907000","melor2015","146.916666666667","28.9940432597077","74.7774664559856","0.08","0","0","0.08","0.08","0","0","0","0","0","6.67","72.52","22.79","34.96","4.94","1","30566","56.1812418422525","18.3665858661197","0.093231400335633","1.97650568711542","21.8907327988066","0.0745851202685064","0.0186462800671266","0","0.0186462800671266","0.11187768040276","175907000","Looc","MIMAROPA Region","Luzon","0","0","0","0","2.31952346077662","0","0","2.31952346077662","0.955808103084564","1.05518901348114","0.0732555016875267",0.956,1.06,0.073
"451","PH084824000","melor2015","232.98125","48.0398115377082","35.4984733641334","0","0","0","0","0","0","0","0","0","0","9.4","137.79","26.89","49.16","5.97","0","0","25.9615384615385","29.2378917378917","0","0.712250712250712","43.8746438746439","0","0","0.0356125356125356","0.0712250712250712","3.77492877492877","84824000","Lope De Vega","Eastern Visayas","Visayas","0","0","0","0","0","0","0","0","19.6591472625732","6.17785787582397","6.00698137283325",19.659,6.18,6.007
"452","PH045622000","melor2015","297.83125","25.8618106518856","93.993949398442","2.76","4.52","4.52","2.76","0.02","0","2.74","4.46","0","0.06","6.25","88.48","19.68","32.62","4.48","1","34342","50.377285479346","22.9466963335591","0.261197639547257","1.31082519106124","23.8463770919996","0.203153719647867","0.0338589532746444","0.106413853148883","0.106413853148883","NA","45622000","Lopez","CALABARZON","Luzon","116.895384146523","70.8613611861665","0","115.34367550741","71.3785973992043","1.55170863911314","0","0.517236213037712","0.753282070159912","1.13666391372681","-0.825775265693665",0.753,1.14,-0.826
"453","PH168505000","melor2015","23.3416666666666","10.0806185186658","229.771617801297","4.58","3.4","3.4","4.58","0.79","0","3.8","3.27","0","0.13","15.43","235.62","43.85","76.24","9.35","1","77083","46.6337522441652","31.1938958707361","0.134649910233393","1.75044883303411","19.8833034111311","0.359066427289048","0","0.044883303411131","0","NA","168505000","Loreto","Caraga","Mindanao","34.2741029634637","38.30635037093","0","32.9636225560372","46.1692328154894","1.31048040742655","0","7.96368862974598","0.162428125739098","0.0892935320734978","-0.38172373175621",0.162,0.09,-0.382
"454","PH043411000","melor2015","242.625","30.0224586895847","73.9888114616756","0.09","0.01","0.01","0.09","0.09","0","0","0","0","0.01","9.55","257.86","41.85","48","8.53","1","9093","89.593102950725","8.0297236851598","0.162325950508621","0.133468003751533","1.37075247096169","0.0360724334463602","0.0180362167231801","0.43647644470096","0.0937883269605367","NA","43411000","Los Ba�os","CALABARZON","Luzon","0.300224586895847","0","0","0","2.70202128206262","0.300224586895847","0","2.70202128206262","0.271667450666428","0.215658232569695","-1.20465338230133",0.272,0.22,-1.205
"455","PH175104000","melor2015","166.358333333333","39.8711705765227","3.72047724579371","2.78","11.49","11.4","2.78","0.06","0","2.72","11.49","0","0","6.49","99.19","34.97","32.42","7.42","1","16664","71.7578629900905","5.77337354588539","0.0646273158121499","7.17363205514864","14.9289099526066","0.0430848772080999","0.0646273158121499","0.0215424386040499","0.0646273158121499","1.09866436880655","175104000","Lubang","MIMAROPA Region","Luzon","454.531344572359","108.449583968142","0","458.119749924246","110.841854202733","0","0","2.39227023459136","3.54804563522339","3.26781892776489","2.5038754940033",3.548,3.27,2.504
"456","PH035408000","melor2015","197.983333333333","28.7206262597251","65.6226027802699","0.19","1.65","1.65","0.19","0","0","0.19","1.55","0.1","0","0.73","8.63","3.62","5.45","0.55","1","16945","89.2966812330223","6.12672729420102","0.18011101925121","0.888744537616629","2.99692925475375","0.0236211172788472","0.0295263965985591","0.0413369552379827","0.239163812448329","NA","35408000","Lubao","Central Luzon","Luzon","47.3890333285464","5.45691898934777","2.87206262597251","44.5169707025739","5.45691898934777","0","0","0","0.375084817409515","0.31561553478241","0.519526124000549",0.375,0.32,0.520
"457","PH045623000","melor2015","209.3","24.4293066758962","90.3630679708282","0","0.02","0.02","0","0","0","0","0","0","0.02","7.58","527.95","33.91","37.55","7.39","0","0","86.0430259213543","11.4265561629342","0.079351084464821","0.220419679068947","2.02786104743431","0.0264503614882736","0","0.0176335743255157","0.079351084464821","NA","45623000","Lucban","CALABARZON","Luzon","0.488586133517924","0","0","0","0","0.488586133517924","0","0","0.306347101926804","0.326780289411545","0.316391676664352",0.306,0.33,0.316
"458","PH045624000","melor2015","289.4875","26.7957332026786","80.329209080869","1.58","3.08","3.08","1.58","0","0","1.58","3.07","0","0.01","1.26","30.91","4.64","7.52","0.93","1","22942","76.9062916717178","17.271357567151","0.722165457284866","0.244185442391286","3.36491003238488","0.195694716242661","0.0519543494449543","0.135081308556881","0.536861610931195","NA","45624000","","CALABARZON","Luzon","82.5308582642501","42.3372584602322","0","82.2629009322233","42.3372584602322","0.267957332026786","0","0","0.381036937236786","0.429010361433029","0.971291244029999",0.381,0.43,0.971
"459","PH043412000","melor2015","194.36","24.1399796446686","99.2293973722405","0","0","0","0","0","0","0","0","0","0","6.4","360.51","30","33.76","6.49","0","0","87.8748651564186","10.3128371089536","0.0862998921251348","0.107874865156419","1.27292340884574","0.0215749730312837","0.0431499460625674","0.151024811218986","0","NA","43412000","Luisiana","CALABARZON","Luzon","0","0","0","0","0","0","0","0","0.361849367618561","0.560591161251068","-0.0764925628900528",0.362,0.56,-0.076
"460","PH043413000","melor2015","179.266666666667","24.5084481007957","104.559080756899","0","0","0","0","0","0","0","0","0","0","3.96","206.97","22.74","20.95","4.89","1","40763","82.0279821145247","15.058416270013","0.173085244482908","0.0721188518678782","1.09620654839175","0.0144237703735756","0","0.0288475407471513","0","NA","43413000","Lumban","CALABARZON","Luzon","0","0","0","0","0","0","0","0","0.336505949497223","0.416724115610123","-0.604212403297424",0.337,0.42,-0.604
"461","PH013310000","melor2015","146.525","8.46875981041509","277.090493145203","6.13","1.58","1.58","6.13","0","0","6.13","1.58","0","0","2.09","15.31","14.43","11.31","3.14","1","10813","83.6610086701673","13.1151544755159","0.122115032360484","0.195384051776774","2.39345463426548","0.0122115032360483","0","0.036634509708145","0.0244230064720967","NA","13310000","Luna","Ilocos Region","Luzon","13.3806405004558","51.9134976378445","0","13.3806405004558","51.9134976378445","0","0","0","0.14265064895153","0.205588415265083","-0.148593366146088",0.143,0.21,-0.149
"462","PH034916000","melor2015","382.416666666667","15.3057794451591","180.209784788705","0","0","0","0","0","0","0","0","0","0","3.35","155.94","26.42","17.32","5.47","0","0","74.6770802042656","12.1157504756183","0.100130169219986","1.18153599679583","11.0643836988085","0.100130169219986","0.0600781015319915","0.100130169219986","0.0600781015319915","NA","34916000","Lupao","Central Luzon","Luzon","0","0","0","0","0","0","0","0","0.113966204226017","0.104581892490387","-1.35295116901398",0.114,0.10,-1.353
"463","PH051719000","melor2015","313.041666666667","23.8401199636572","99.4976023233408","0.19","0.13","0.13","0.19","0","0","0.19","0.13","0","0","4.82","114.63","18.39","26.11","3.98","1","4839","46.2978845054317","23.6706689536878","0.028587764436821","1.91538021726701","27.4585477415666","0.0428816466552315","0.0142938822184105","0.0428816466552315","0.0714694110920526","NA","51719000","Lupi","Bicol Region","Luzon","3.09921559527544","4.52962279309487","0","3.09921559527544","4.52962279309487","0","0","0","0.761691510677338","1.22303140163422","0.542358934879303",0.762,1.22,0.542
"464","PH061907000","melor2015","50.75","14.0411620641314","164.894512576872","0","0","0","0","0","0","0","0","0","0","7.31","96.66","30.51","37.94","6.57","0","0","44.4997295835587","50.6435911303407","0.627366143861547","0.129799891833423","3.2341806381828","0.0648999459167117","0.0216333153055705","0.0432666306111411","0.0865332612222823","NA","61907000","Ma-Ayon","Western Visayas","Visayas","0","0","0","0","0","0","0","0","0.676232695579529","0.315425425767899","0.698627054691315",0.676,0.32,0.699
"465","PH063029000","melor2015","56.2625","10.7022982804551","215.327087810875","0.2","0","0","0.2","0.2","0","0","0","0","0","10.66","294.13","35.66","54.93","7.57","0","0","38.7929862715781","54.927280141362","0.0135924969416881","0.584477368492592","5.26029631643333","0","0","0.0135924969416881","0","NA","63029000","Maasin","Western Visayas","Visayas","0","0","0","0","2.14045965609102","0","0","2.14045965609102","0.102585159242153","0.0604720897972584","1.07744300365448",0.103,0.06,1.077
"466","PH035409000","melor2015","227.708333333333","22.0594078223845","104.343171481846","0","0","0","0","0","0","0","0","0","0","3.87","160.33","27.02","20.53","5.6","0","0","95.0099123073351","3.25230840670822","0.0464360343626654","0.116090085906664","1.3466449965173","0.0125020092514868","0.0089300066082048","0.0160740118947688","0.0607240449357932","NA","35409000","","Central Luzon","Luzon","0","0","0","0","0","0","0","0","0.328715652227402","1.48106002807617","1.8964216709137",0.329,1.48,1.896
"467","PH015523000","melor2015","187.05","14.6784486727525","176.584467684671","0.16","0","0","0.16","0.16","0","0","0","0","0","6.83","136.64","23.23","35.38","5.22","0","0","59.375","23.0874316939891","0.717213114754098","0.461065573770492","15.0273224043716","0.102459016393443","0.102459016393443","0.580601092896175","0.153688524590164","NA","15523000","Mabini","Ilocos Region","Luzon","0","0","0","0","2.3485517876404","0","0","2.3485517876404","0.141151741147041","0.145688593387604","1.14311861991882",0.141,0.15,1.143
"468","PH041016000","melor2015","281.7","53.4275422634189","15.2035415109445","0","0","0","0","0","0","0","0","0","0","11.62","138.75","32.67","56.88","7.19","1","32007","82.9353284821154","11.2534590550374","0.235728195141949","0.676437429537768","4.2226094086297","0.102490519626935","0","0.348467766731577","0.092241467664241","NA","41016000","Mabini","CALABARZON","Luzon","0","0","0","0","0","0","0","0","1.91037559509277","4.7149167060852","1.99307239055634",1.910,4.71,1.993
"469","PH043414000","melor2015","171.1","25.0906355863262","109.915894126888","0.08","0","0","0.08","0","0","0.08","0","0","0","6.55","109.44","37.26","34.82","7.54","1","8995","63.652561247216","29.2427616926503","0.868596881959911","0.0668151447661469","3.02895322939866","0.0445434298440979","1.1358574610245","0.22271714922049","0.22271714922049","NA","43414000","Mabitac","CALABARZON","Luzon","0","2.0072508469061","0","0","2.0072508469061","0","0","0","1.08106470108032","1.85684823989868","0.964199006557465",1.081,1.86,0.964
"470","PH035410000","melor2015","234.33","28.5083624439965","68.407071293153","0.2","7.48","7.48","0.2","0","0","0.2","7.26","0.21","0","0.82","4.31","3.86","6.24","0.59","1","22172","85.0971241170535","12.4053985872856","0.0567608476286579","0.479313824419778","1.70282542885974","0.0126135216952573","0.0630676084762865","0.0567608476286579","0.0189202825428859","NA","35410000","Macabebe","Central Luzon","Luzon","213.242551081094","5.7016724887993","5.98675611323926","206.970711343415","5.7016724887993","0","0","0","0.615545392036438","0.929964363574982","0.232031866908073",0.616,0.93,0.232
"471","PH045625000","melor2015","325.4625","26.2807061173958","93.1022579316596","3.67","7.98","7.98","3.67","0.12","0","3.55","7.92","0","0.06","4.71","48.69","19.62","25.98","4.21","1","13642","38.2705624049992","24.3539942577267","0.0675561560547204","1.60445870629961","35.3487586556325","0.0337780780273602","0","0.101334234082081","0.0675561560547204","NA","45625000","Macalelon","CALABARZON","Luzon","209.720034816818","93.2965067167551","0","208.143192449775","96.4501914508426","1.57684236704375","0","3.1536847340875","0.878866910934448","1.08465480804443","-0.0158077981323004",0.879,1.08,-0.016
"472","PH083730000","melor2015","60.2","12.5502206547681","197.979662757891","0","0","0","0","0","0","0","0","0","0","4.85","123.25","32.63","26.14","6.54","1","6592","44.5932637384282","45.3417372464054","2.87571400433327","0.649990151664369","4.64841441796336","0.512113452826472","0.11818002757534","0.433326767776246","0.413630096513689","NA","83730000","Macarthur","Eastern Visayas","Visayas","0","0","0","0","0","0","0","0","0.963675260543823","0.885551035404205","0.721365869045258",0.964,0.89,0.721
"473","PH086408000","melor2015","32.08","8.32277067308807","275.129337165646","5.04","2.26","2.26","5.04","0.72","0","4.32","2.21","0","0.05","8.73","159.62","30.33","46.44","6.42","1","20584","58.3485325816614","32.913281379539","0.0165809981760902","0.613496932515337","7.82623113911457","0.0165809981760902","0","0.0497429945282706","0.0165809981760902","NA","86408000","Macrohon","Eastern Visayas","Visayas","18.809461721179","35.9543693077405","0","18.3933231875246","41.9467641923639","0.416138533654404","0","5.99239488462341","-0.0526740439236164","0.182953596115112","0.0414723679423332",-0.053,0.18,0.041
"474","PH060410000","melor2015","86.2625","15.2804268385259","154.838105023753","0","0","0","0","0","0","0","0","0","0","19.72","503.26","56.7","101.97","11.48","0","0","28.7096013210663","38.4052842651569","0.0471809389006841","2.92521821184242","29.7004010379807","0.0471809389006841","0","0","0","NA","60410000","Madalag","Western Visayas","Visayas","0","0","0","0","0","0","0","0","0.256966471672058","0.369912952184677","-0.231324389576912",0.257,0.37,-0.231
"475","PH025704000","melor2015","568.747058823529","10.9495417301522","262.56702214469","0.85","0.03","0.03","0.85","0.85","0","0","0","0","0.03","15.35","555.57","51.29","77.2","10.42","0","0","68.7401040488577","28.1497398778557","0.169644876724723","0.169644876724723","2.39764759104275","0.0452386337932594","0.0113096584483148","0.079167609138204","0.0113096584483148","NA","25704000","Maddela","Cagayan Valley","Luzon","0.328486251904566","0","0","0","9.30711047062937","0.328486251904566","0","9.30711047062937","0.0968522354960442","0.10318149626255","7.21315908432007",0.097,0.10,7.213
"476","PH072228000","melor2015","24.1","12.8535132711534","167.584125288972","0","0","0","0","0","0","0","0","0","0","0.89","10.36","3.02","5.59","0.61","1","18089","58.6878333126628","32.2336599280665","1.82314275083716","0.396874612427136","5.54384224234156","0.37206994915044","0.012402331638348","0.198437306213568","0.272851296043656","NA","72228000","Madridejos","Central Visayas","Visayas","0","0","0","0","0","0","0","0","0.679776906967163","0.736048579216003","0.891608119010925",0.680,0.74,0.892
"477","PH035411000","melor2015","242.7125","21.9017898491406","108.06022021722","0","0","0","0","0","0","0","0","0","0","1.15","45.61","7.3","6.63","1.69","0","0","93.0985265102221","3.15268040804332","0.0251878594517442","0.537341001637211","2.94278157927879","0.0041979765752907","0.0041979765752907","0.0209898828764535","0.0377817891776163","NA","35411000","Magalang","Central Luzon","Luzon","0","0","0","0","0","0","0","0","0.34133169054985","0.276741802692413","-0.648875653743744",0.341,0.28,-0.649
"478","PH042112000","melor2015","256.35","42.0093285004491","38.4571921686602","0","0","0","0","0","0","0","0","0","0","4.48","188.9","19.5","24.19","4.23","0","0","75.0104909777591","23.1221149811162","0.608476710029375","0.125891733109526","0.461603021401595","0","0","0.0839278220730172","0.0209819555182543","NA","42112000","Magallanes","CALABARZON","Luzon","0","0","0","0","0","0","0","0","0.795142233371735","1.09335482120514","-0.155683323740959",0.795,1.09,-0.156
"479","PH056211000","melor2015","216.29","62.5225453376173","1.53172514267871","3.15","9.2","9.2","3.15","0","0","3.15","9.2","0","0","7.74","99.2","30.4","39.19","6.47","1","18","30.2409638554217","4.51137884872825","0.0401606425702811","19.3708165997323","45.3279785809906","0.414993306559572","0","0","0.0133868808567603","27.041499330656","56211000","Magallanes","Bicol Region","Luzon","575.207417106079","196.946017813495","0","575.207417106079","196.946017813495","0","0","0","26.4085483551025","34.6594123840332","29.739294052124",26.409,34.66,29.739
"480","PH051720000","melor2015","253.1","25.4383175502629","91.9218562657572","0.67","0","0","0.67","0","0","0.67","0","0","0","0.64","9.14","2.08","4.23","0.44","0","0","56.4227948091029","7.22211773556517","0.18807598269701","6.20650742900132","29.1329697197668","0.413767161933421","0.0188075982697009","0.0752303930788038","0.0752303930788038","NA","51720000","Magarao","Bicol Region","Luzon","0","17.0436727586761","0","0","17.0436727586761","0","0","0","2.18259310722351","2.06658029556274","0.0205550771206617",2.183,2.07,0.021
"481","PH043415000","melor2015","197.075","25.5544415539499","96.7647465088763","0","0","0","0","0","0","0","0","0","0","2.23","57.24","12.36","12.61","2.57","0","0","68.5957594716719","24.7480013903372","0.139033715676051","0.173792144595064","5.02259297879736","0.0173792144595064","0.0347584289190128","0.208550573514077","0.139033715676051","NA","43415000","Magdalena","CALABARZON","Luzon","0","0","0","0","0","0","0","0","0.370169550180435","0.402708739042282","-0.109009250998497",0.370,0.40,-0.109
"482","PH175908000","melor2015","525.066666666666","37.8667973466738","47.5925103860603","2.7","7.56","7.56","2.7","0","0","2.7","7.56","0","0","13.29","190.04","52.65","67.12","10.48","1","30890","41.7808219178082","18.232224396608","0.0978473581213307","3.16373124592303","34.9641226353555","0.424005218525766","0.260926288323549","0.684931506849315","0.228310502283105","0.424005218525766","175908000","Magdiwang","MIMAROPA Region","Luzon","286.272987940854","102.240352836019","0","286.272987940854","102.240352836019","0","0","0","4.98361682891846","4.01003551483154","-0.425422996282578",4.984,4.01,-0.425
"483","PH175105000","melor2015","119.628571428571","29.4391509204222","73.8044359914044","0.2","0","0","0.2","0.2","0","0","0","0","0","6.7","145.51","34.99","33.71","7.46","1","40336","38.5633513235672","28.2575173477255","0.038550501156515","0.578257517347725","31.9455152916988","0.07710100231303","0","0","0.0514006682086867","NA","175105000","Magsaysay","MIMAROPA Region","Luzon","0","0","0","0","5.88783018408444","0","0","5.88783018408444","0.99296110868454","1.20933651924133","0.568741500377655",0.993,1.21,0.569
"484","PH175314000","melor2015","43.1545454545454","10.7090523841209","231.147647826243","0.32","0","0","0.33","0","0.05","0.27","0","0","0","4.97","45.32","24.75","24.2","5.28","1","913","56.8656169901135","11.7539362870743","0","1.46466495789088","29.7693152691322","0.036616623947272","0","0.036616623947272","0.0732332478945441","NA","175314000","Magsaysay","MIMAROPA Region","Luzon","0","2.89144414371264","0","0","3.5339872867599","0","0.535452619206045","0","0.34148782491684","0.26246389746666","-0.0508690029382706",0.341,0.26,-0.051
"485","PH083731000","melor2015","23.81","11.1161521208412","219.716036770916","0","0","0","0","0","0","0","0","0","0","11.34","217.58","38.1","58.37","7.98","0","0","56.4683053040103","32.2930142302717","0.0323415265200517","0.533635187580854","9.88033635187581","0.0485122897800776","0.0161707632600258","0.0161707632600258","0.0161707632600258","NA","83731000","Mahaplag","Eastern Visayas","Visayas","0","0","0","0","0","0","0","0","0.0501752123236656","0.0568240508437157","0.535902678966522",0.050,0.06,0.536
"486","PH043416000","melor2015","192.7875","25.1239878128394","91.4473991905785","0","0","0","0","0","0","0","0","0","0","7.64","411.55","32.51","38.16","6.75","0","0","75.3248762376238","17.032797029703","0.0928217821782178","0.309405940594059","6.07982673267327","0","0.0154702970297029","0.185643564356436","0.123762376237624","NA","43416000","Majayjay","CALABARZON","Luzon","0","0","0","0","0","0","0","0","0.399082392454147","0.328099459409714","0.939491748809814",0.399,0.33,0.939
"487","PH060411000","melor2015","122.0125","17.6538478076076","133.040066787884","0","0","0","0","0","0","0","0","0","0","5.14","68.34","31.61","28.14","6.55","1","4550","41.0370143774855","17.5894769042521","0.0458855919241358","6.4851636586112","31.2480881003365","0.214132762312634","2.08014683389416","1.00948302233099","0.107066381156317","NA","60411000","Makato","Western Visayas","Visayas","0","0","0","0","0","0","0","0","2.07079410552979","1.07399117946625","-0.326720893383026",2.071,1.07,-0.327
"488","PH015524000","melor2015","239.15","15.3128708061541","172.767322015131","0","0","0","0","0","0","0","0","0","0","1.06","22.73","4.23","6.63","0.88","0","0","74.7002691460729","19.4064804781712","0.199238002027334","0.353035757978259","4.22943828865043","0.0244678248103743","0.0384494389877311","0.0489356496207487","0.237687441015065","NA","15524000","Malasiqui","Ilocos Region","Luzon","0","0","0","0","0","0","0","0","0.10248888283968","0.0711560472846031","0.579953014850616",0.102,0.07,0.580
"489","PH133910000","melor2015","229.7","28.9111104040548","84.9529269169005","0.16","25.67","25.6","0.16","0","0","0.16","25.67","0","0","1.21","9.18","5.45","8.79","1.03","1","3411","100","0","0","0","0","0","0","0","0","NA","133910000","","National Capital Region","Luzon","740.124426343803","4.62577766464877","0","742.148204072087","4.62577766464877","0","0","0","13.7205219268799","15.2848949432373","18.8625755310059",13.721,15.28,18.863
"490","PH060412000","melor2015","113.08","21.7180770358281","108.48036294383","0","0","0","0","0","0","0","0","0","0","11.12","178.13","33.98","57.58","7.46","1","26889","44.6742748454589","18.2834046600095","0.02377555872563","4.07354572832462","32.4140117292756","0.110952607386273","0.02377555872563","0.0158503724837533","0.0317007449675067","NA","60412000","Malay","Western Visayas","Visayas","0","0","0","0","0","0","0","0","3.06767654418945","1.6616278886795","-0.03322933614254",3.068,1.66,-0.033
"491","PH050509000","melor2015","168.6375","35.3109823974116","59.556203242532","0","0","0","0","0","0","0","0","0","0","9.28","306.01","39.72","44.98","8.45","1","4140","67.8868345948629","5.732721181288","0.335029159945403","8.98374488149894","16.2551185010547","0.322620672540017","0.0992678992430822","0.124084874053853","0.136493361459238","NA","50509000","Malilipot","Bicol Region","Luzon","0","0","0","0","0","0","0","0","3.47110986709595","3.15599060058594","13.0860443115234",3.471,3.16,13.086
"492","PH050510000","melor2015","176.483333333333","33.0112741996541","64.0569915857137","0","0","0","0","0","0","0","0","0","0","8.36","301.09","37.94","40.72","8.07","1","6337","64.4645055395979","6.53467377923677","0.030775543701272","4.97537956503898","23.4817398440706","0.102585145670907","0.0410340582683627","0.0923266311038161","0.123102174805088","NA","50510000","Malinao","Bicol Region","Luzon","0","0","0","0","0","0","0","0","3.49457001686096","2.47256851196289","6.68442630767822",3.495,2.47,6.684
"493","PH060413000","melor2015","105.975","16.9998273485502","138.57687021129","0","0","0","0","0","0","0","0","0","0","13.12","289.94","44.2","67.37","9.31","0","0","46.4054703382","22.2324893734984","0.184808722971724","3.52984660875993","27.3147292552208","0.110885233783034","0","0.0369617445943448","0","NA","60413000","Malinao","Western Visayas","Visayas","0","0","0","0","0","0","0","0","0.774509966373444","0.400057911872864","-0.0164158586412668",0.775,0.40,-0.016
"494","PH086409000","melor2015","22.6375","8.82498932599577","263.138876349827","4.24","1.37","1.37","4.24","0.75","0","3.49","1.37","0","0","10.89","232.34","31.35","55.49","7","1","18041","58.9285714285714","32.7458256029685","0.0463821892393321","0.255102040816326","7.3747680890538","0","0","0.023191094619666","0.0927643784786642","NA","86409000","Malitbog","Eastern Visayas","Visayas","12.0902353766142","30.7992127477252","0","12.0902353766142","37.4179547422221","0","0","6.61874199449683","-0.0488381423056126","0.143674671649933","-0.108327567577362",-0.049,0.14,-0.108
"495","PH041017000","melor2015","224.55","33.3281355682257","58.3160579122036","0","0","0","0","0","0","0","0","0","0","2.34","212.77","10.27","12.84","2.11","0","0","89.511415880932","8.30670926517572","0.171433024234396","0.0467544611548351","0.74027896828489","0.0077924101924725","0.0623392815397802","0.202602665004286","0.763656198862308","NA","41017000","Malvar","CALABARZON","Luzon","0","0","0","0","0","0","0","0","0.552411496639252","0.674701392650604","1.83785581588745",0.552,0.67,1.838
"496","PH175106000","melor2015","267.9","44.044700434614","30.7549665440218","1.66","38.13","38.1","1.66","0.35","0.02","1.29","38.07","0","0.07","11.31","184.84","42.65","57.14","9.04","1","32032","65.2239709443099","14.9213075060533","0.121065375302663","2.03793381759483","16.9794188861985","0.161420500403551","0","0.0201775625504439","0.151331719128329","NA","175106000","Mamburao","MIMAROPA Region","Luzon","1678.10308655879","56.8176635606521","0","1676.78174554576","73.1142027214592","3.08312903042298","0.88089400869228","15.4156451521149","6.23699378967285","3.61969304084778","0.305599868297577",6.237,3.62,0.306
"497","PH061908000","melor2015","57.6375","14.8106861921925","157.354288866441","0","0","0","0","0","0","0","0","0","0","3.97","48.51","19.87","21.46","4.26","0","0","49.052893075251","44.4570955387641","0.890177000310527","0.15526343028672","4.34737604802815","0.134561639581824","0.0207017907048959","0.351930441983231","0.341579546630784","NA","61908000","Mambusao","Western Visayas","Visayas","0","0","0","0","0","0","0","0","0.577328562736511","0.338788837194443","0.62732869386673",0.577,0.34,0.627
"498","PH015525000","melor2015","229.3375","14.1775570405312","190.068433435994","0","0","0","0","0","0","0","0","0","0","1.01","23.68","3.93","6.43","0.83","0","0","77.9881090685437","16.2304380509807","0.321191826693091","0.246019271509602","3.56044556823618","0.0136677373060889","0.0136677373060889","0.0273354746121779","0.164012847673068","NA","15525000","Manaoag","Ilocos Region","Luzon","0","0","0","0","0","0","0","0","0.0972016081213951","0.0802676156163216","0.0569340884685516",0.097,0.08,0.057
"499","PH054110000","melor2015","158.03125","34.120495682561","54.030280481577","0.28","0","0","0.28","0.24","0.03","0","0","0","0","4.46","56.28","22.67","22.78","4.78","1","86751","35.3851444291609","27.0976616231087","0.263640531866116","1.39844108207244","34.9954149472719","0.160476845483723","0.0114626318202659","0.160476845483723","0.0687757909215956","0.0343878954607978","54110000","Mandaon","Bicol Region","Luzon","0","0","0","0","9.55373879111708","0","1.02361487047683","8.18891896381464","1.92424964904785","2.43242359161377","0.790295839309692",1.924,2.43,0.790
"500","PH072230000","melor2015","10.85","8.0677889847458","265.813589995671","2.49","1.62","1.62","2.49","0","0","2.49","1.54","0.06","0.01","1.52","16.66","7.46","9.38","1.46","1","17012","57.8119429108549","39.7927763432263","0.432166124658319","0.0378145359076028","0.651490432922415","0.0788703177501431","0.0064824918698747","0.0648249186987477","0.260380090106637","NA","72230000","","Central Visayas","Visayas","13.0698181552882","20.088794572017","0.484067339084748","12.4243950365085","20.088794572017","0.080677889847458","0","0","0.0599622838199139","0.304741978645325","-0.207954868674278",0.060,0.30,-0.208
"501","PH015526000","melor2015","206.766666666667","13.8223416067076","194.13060863482","1.15","1.67","1.67","1.15","0","0","1.15","1.34","0.33","0","0.6","6.38","2.18","4.54","0.38","0","0","81.5886073150237","11.1582857901022","0.283048073946309","0.632435540223785","5.65211622661536","0.0265357569324664","0.0088452523108221","0.0176905046216443","0.141524036973155","NA","15526000","Mangaldan","Ilocos Region","Luzon","23.0833104832017","15.8956928477137","4.56137273021351","18.5219377529882","15.8956928477137","0","0","0","0.217079669237137","0.108920507133007","0.588495492935181",0.217,0.11,0.588
"502","PH015527000","melor2015","233.785714285714","16.9637764334914","148.788863573507","0.42","0","0","0.42","0","0","0.42","0","0","0","8.12","260.25","38.46","39.42","8.39","0","0","70.9136836917011","18.1258086377919","0.197153594972583","0.529850286488818","8.22500154026246","0.0616104984289322","0.0862546978005052","0.0739325981147187","0.0924157476433984","NA","15527000","Mangatarem","Ilocos Region","Luzon","0","7.12478610206639","0","0","7.12478610206639","0","0","0","0.141874179244041","0.167424067854881","0.738489210605621",0.142,0.17,0.738
"503","PH050511000","melor2015","152.7625","53.5899376680708","32.638267986498","0","0","0","0","0","0","0","0","0","0","11.23","239.12","39.33","56.43","8.23","1","30626","50.4549050632911","7.61471518987342","0.21756329113924","12.1242088607595","26.0680379746835","0.909810126582278","0.237341772151899","1.52294303797468","0.791139240506329","NA","50511000","Manito","Bicol Region","Luzon","0","0","0","0","0","0","0","0","9.12720108032227","35.0087203979492","28.1828918457031",9.127,35.01,28.183
"504","PH141111000","melor2015","248.625","7.64685797869094","283.480878570288","0.03","0","0","0.03","0.03","0","0","0","0","0","18.68","1329.46","46.36","95.42","9.62","0","0","84.3463160506078","10.8905978665344","0.173654180104193","0.0992309600595385","0.3225006201935","0.0124038700074423","0","0","0.0124038700074423","NA","141111000","Mankayan","Cordillera Administrative Region","Luzon","0","0","0","0","0.229405739360728","0","0","0.229405739360728","0.0961304232478142","0.0958201512694359","-0.007063421420753",0.096,0.10,-0.007
"505","PH175207000","melor2015","159.4","39.2673886650826","49.4466443401773","3.94","2.35","2.35","3.94","0.6","0","3.33","2.33","0","0.02","12.42","388.19","37.05","61.26","8.13","1","36465","34.8515910508958","7.89731705143061","0.0802210535698368","2.38880470630181","54.0422497548801","0.0534807023798912","0.0623941527765397","0.106961404759782","0.160442107139674","NA","175207000","Mansalay","MIMAROPA Region","Luzon","92.2783633629441","130.760404254725","0","91.4930155896425","154.713511340425","0.785347773301652","0","23.5604331990496","1.74331533908844","1.89806306362152","-0.464479714632034",1.743,1.90,-0.464
"506","PH084812000","melor2015","206.36","60.8701260257806","12.2203378291529","2.3","7.47","7.47","2.3","0","0","2.3","7.47","0","0","6.92","127.24","21.64","34.56","4.87","1","14983","37.1808701905789","32.9737504494786","0.179791441927364","2.58899676375405","26.1057173678533","0.143833153541891","0.0359582883854728","0.107874865156419","0.0359582883854728","38.9428263214671","84812000","Mapanas","Eastern Visayas","Visayas","454.699841412581","140.001289859295","0","454.699841412581","140.001289859295","0","0","0","35.2748413085938","32.7048797607422","33.8659629821777",35.275,32.70,33.866
"507","PH015528000","melor2015","219.9","14.1801924002979","189.258783660852","0","0","0","0","0","0","0","0","0","0","0.76","14.13","2.65","5.19","0.53","0","0","88.6914165350184","8.50447604002106","0.157977883096367","0.329120589784097","1.84307530279094","0.0394944707740916","0","0.0263296471827277","0.0526592943654555","NA","15528000","Mapandan","Ilocos Region","Luzon","0","0","0","0","0","0","0","0","0.142140880227089","0.114337220788002","1.1853414773941",0.142,0.11,1.185
"508","PH086010000","melor2015","55.8583333333333","17.2899685341123","143.480700234117","0","0","0","0","0","0","0","0","0","0","9.02","175.63","30.68","44.92","6.68","1","42050","23.2318147495595","69.242386106217","0.755096904102693","0.352378555247923","5.3360181223257","0.427888245658193","0.0251698968034231","0.276868864837654","0.176189277623962","NA","86010000","Marabut","Eastern Visayas","Visayas","0","0","0","0","0","0","0","0","1.32492005825043","0.615445017814636","1.6178857088089",1.325,0.62,1.618
"509","PH042113000","melor2015","252.725","41.9117569517012","32.1609832835406","1.44","0.04","0.04","1.44","0.11","0","1.33","0.04","0","0","9.05","163.59","38.87","46.37","8.31","1","6883","75.1493720278015","19.0342641141324","0.999878063650774","0.146323619070845","3.38983050847458","0.0487745396902816","0.0487745396902816","0.182904523838556","0.29264723814169","NA","42113000","Maragondon","CALABARZON","Luzon","1.67647027806805","55.7426367457626","0","1.67647027806805","60.3529300104497","0","0","4.61029326468713","0.983949780464172","1.18253409862518","-0.382256090641022",0.984,1.18,-0.382
"510","PH037707000","melor2015","544.25","15.1897281867297","190.274604687456","0.03","0","0","0.03","0.03","0","0","0","0","0","10.53","280.69","37.28","53.28","7.9","0","0","70.0973574408901","24.7780036375308","0.213972397560715","0.235369637316786","3.95848935487322","0.0641917192682144","0","0.192575157804643","0.0641917192682144","0.0962875789023216","37707000","Maria Aurora","Central Luzon","Luzon","0","0","0","0","0.455691845601891","0","0","0.455691845601891","0.109389416873455","0.0577137731015682","-0.44209036231041",0.109,0.06,-0.442
"511","PH031411000","melor2015","256.583333333333","27.0833145043876","87.1798365463701","1","0.01","0.01","1","0","0","1","0.01","0","0","1.16","18.68","4.55","7.25","0.9","0","0","91.9792211819891","6.57479017658119","0.0755945804500785","0.0310131612102886","0.486518966486403","0.0174449031807873","0.0271365160590025","0.213215483320734","0.193832257564304","NA","31411000","Marilao","Central Luzon","Luzon","0.270833145043876","27.0833145043876","0","0.270833145043876","27.0833145043876","0","0","0","0.272166192531586","0.290145695209503","0.953045845031738",0.272,0.29,0.953
"512","PH087807000","melor2015","92.0125","20.4349983605094","107.293746025694","0","0","0","0","0","0","0","0","0","0","17.89","229.35","52.56","88.97","10.01","1","24079","43.5881998795906","19.3257074051776","0.0602046959662853","3.43166767007827","33.2329921733895","0.301023479831427","0","0","0.0602046959662853","NA","87807000","Maripipi","Eastern Visayas","Visayas","0","0","0","0","0","0","0","0","2.14401650428772","1.68070089817047","0.0314704850316048",2.144,1.68,0.031
"513","PH030807000","melor2015","188.214285714286","39.1489943130792","23.7747376610289","3.62","2.09","2.09","3.62","0.07","0","3.54","2.05","0.01","0.02","10.82","295.6","39","54.36","7.99","1","7","91.4665537128148","4.37913394806295","0.488742628132026","0.439868365318823","2.0657521749047","0.0488742628132025","0.0684239679384836","0.162914209377342","0.596266006321071","NA","30807000","Mariveles","Central Luzon","Luzon","81.8213981143355","138.5874398683","0.391489943130792","80.2554383418124","141.719359413347","0.782979886261584","0","2.74042960191554","0.366073936223984","-0.0425417535007","-2.50164747238159",0.366,-0.04,-2.502
"514","PH035412000","melor2015","234.33","28.2422595120947","71.5145706143576","1.08","4.6","4.6","1.08","0","0","1.08","3.08","1.52","0","0.75","4.12","3.61","5.72","0.57","0","0","75.7651093013288","19.2370338619803","0.188598371195885","0.420060008572653","3.93484783540506","0.0171453064723531","0.0257179597085297","0.120017145306472","0.0342906129447063","NA","35412000","Masantol","Central Luzon","Luzon","129.914393755636","30.5016402730623","42.928234458384","86.9861592972517","30.5016402730623","0","0","0","0.473046332597733","1.18047702312469","2.26167297363281",0.473,1.18,2.262
"515","PH037106000","melor2015","223.358333333333","18.2907657552663","132.042009408013","3.28","12.28","12.2","3.28","0.24","0","3.04","12.26","0","0.02","14.75","499.76","53.66","72.62","11.04","1","41867","71.2052730696798","15.5084745762712","0.414312617702448","0.64030131826742","11.0640301318267","0.0376647834274952","0.0282485875706214","0.263653483992467","0.112994350282486","NA","37106000","Masinloc","Central Luzon","Luzon","223.147342214249","55.6039278960096","0","224.244788159565","59.9937116772735","0.365815315105326","0","4.38978378126391","0.39505735039711","0.3966304063797","2.54735207557678",0.395,0.40,2.547
"516","PH082614000","melor2015","192.314285714286","45.5021863434612","40.3784800662912","0","0","0","0","0","0","0","0","0","0","8.55","256.67","25.79","43.84","5.75","0","0","10.6403013182674","62.3352165725047","0.282485875706215","0.376647834274953","25.9887005649718","0.0941619585687382","0","0.0941619585687382","0","NA","82614000","Maslog","Eastern Visayas","Visayas","0","0","0","0","0","0","0","0","13.715856552124","14.7009992599487","9.91719055175781",13.716,14.70,9.917
"517","PH041018000","melor2015","226.65","33.8386369442545","54.0918910880945","0","0","0","0","0","0","0","0","0","0","7.39","244.73","25.59","35.7","5.85","1","6420","88.7607170693687","7.80982073265783","0.0467653936087295","0.187061574434918","1.69914263445051","0.0155884645362431","0.265003897116134","0.233826968043648","0.6858924395947","NA","41018000","Mataasnakahoy","CALABARZON","Luzon","0","0","0","0","0","0","0","0","0.630732178688049","0.624945640563965","0.886610865592957",0.631,0.62,0.887
"518","PH083733000","melor2015","34.1333333333333","13.8497712764449","176.905432209751","0","0","0","0","0","0","0","0","0","0","7.9","137.11","25.01","39.17","5.66","0","0","38.4445426425099","57.0039770216527","1.85594343791427","0.0441891294741493","1.45824127264693","0.0220945647370746","0.0441891294741493","0.176756517896597","0.220945647370747","NA","83733000","Matag-Ob","Eastern Visayas","Visayas","0","0","0","0","0","0","0","0","0.802600383758545","0.342462241649628","-0.363125622272491",0.803,0.34,-0.363
"519","PH083734000","melor2015","23.51875","9.01861090043952","259.999973747848","0.19","0","0","0.19","0.04","0","0.15","0","0","0","6.47","164.5","24.89","35.36","5.24","1","18404","47.4919957310566","43.7033084311633","0.186766275346852","0.266808964781217","7.56403415154749","0.0667022411953041","0.0266808964781216","0.133404482390608","0.0800426894343649","NA","83734000","Matalom","Eastern Visayas","Visayas","0","1.35279163506593","0","0","1.71353607108351","0","0","0.360744436017581","0.452532678842545","0.457923024892807","2.97795176506042",0.453,0.46,2.978
"520","PH056212000","melor2015","256.941666666667","56.5861638804661","15.5703205619446","1.62","4.64","4.64","1.62","0.11","0","1.51","4.64","0","0","10.71","132.25","31.61","53.16","6.99","1","45604","23.8289205702648","1.9048760033545","0","25.8655804480652","48.1729962860908","0.131783874445909","0.0239607044447106","0","0.0239607044447106","36.7796813226309","56212000","Matnog","Bicol Region","Luzon","262.559800405363","85.4451074595038","0","262.559800405363","91.6695854863551","0","0","6.22447802685127","16.241886138916","28.4302177429199","30.1554565429688",16.242,28.43,30.155
"521","PH086011000","melor2015","198.2625","47.7273632699176","37.2979725867809","0","0","0","0","0","0","0","0","0","0","8.15","291.26","24.41","43.58","5.38","0","0","8.74392782789729","44.4829979181124","0.0693962526023594","0.346981263011797","46.2179042331714","0","0","0.138792505204719","0","NA","86011000","Matuguinao","Eastern Visayas","Visayas","0","0","0","0","0","0","0","0","15.8351049423218","7.04460191726685","6.53190231323242",15.835,7.04,6.532
"522","PH045627000","melor2015","194.29","22.0911109401235","104.714774659316","3.27","14.5","14.5","3.27","0.64","0","2.64","14.5","0","0","10.73","193.84","38.41","53.66","8.1","1","63007","50.3814194251464","24.4789538210053","0.143032284429914","1.56654406756573","22.4152022885166","0.136221223266585","0.0204331834899877","0.0340553058166462","0.0749216727966217","NA","45627000","Mauban","CALABARZON","Luzon","320.321108631791","58.320532881926","0","320.321108631791","72.2379327742038","0","0","14.138311001679","0.833427727222443","0.897344172000885","-0.700837969779968",0.833,0.90,-0.701
"523","PH036908000","melor2015","248.735","18.495491688164","132.141936140616","0.04","0","0","0.04","0.04","0","0","0","0","0","11.19","394.38","39.22","54.4","8.55","0","0","76.4619098712446","15.2092274678112","0.187768240343348","0.630364806866953","7.22907725321888","0","0","0.0268240343347639","0.0804721030042918","NA","36908000","Mayantoc","Central Luzon","Luzon","0","0","0","0","0.73981966752656","0","0","0.73981966752656","0.315156370401382","0.24402143061161","0.306087970733643",0.315,0.24,0.306
"524","PH082615000","melor2015","70.8083333333334","21.4472061519784","111.163187512401","0.08","0","0","0.11","0.08","0","0","0","0","0","8.4","143.51","28.02","43.7","6.26","1","13216","49.1315136476427","39.6712158808933","1.61290322580645","0.310173697270472","7.78535980148883","0.341191066997519","0","0.0620347394540942","0.620347394540943","NA","82615000","Maydolong","Eastern Visayas","Visayas","0","0","0","0","2.35919267671762","0","0","1.71577649215827","1.35370898246765","2.32160592079163","3.06722950935364",1.354,2.32,3.067
"525","PH083735000","melor2015","92.8625","12.9473216638601","192.562098759286","0","0","0","0","0","0","0","0","0","0","0.89","9.38","3.2","5.65","0.67","1","5899","36.4346590909091","52.8645833333333","2.27272727272727","0.994318181818182","5.01893939393939","0.757575757575758","0.0946969696969697","0.449810606060606","0.852272727272727","NA","83735000","Mayorga","Eastern Visayas","Visayas","0","0","0","0","0","0","0","0","1.18827629089355","0.361938416957855","-0.535379767417908",1.188,0.36,-0.535
"526","PH142706000","melor2015","366.927777777778","4.96068494257704","294.624522944897","0.12","0","0","0.12","0.12","0","0","0","0","0","19.55","776.11","45.77","101.25","9.77","0","0","47.3348071726848","46.4750675509703","0","0.098255956767379","6.01817735200197","0","0","0","0","NA","142706000","Mayoyao","Cordillera Administrative Region","Luzon","0","0","0","0","0.595282193109245","0","0","0.595282193109245","0.0439554303884506","0.152468845248222","0.872153043746948",0.044,0.15,0.872
"527","PH072231000","melor2015","24.3","12.068772046048","176.846346686664","0.22","0","0","0.22","0","0","0.22","0","0","0","2.14","27.66","9.77","12.09","1.95","1","40858","52.2929986581419","43.1604704396559","0.789328281632331","0.0868261109795563","1.66548267424422","0.0473596968979398","0.0473596968979398","1.22345883653011","0.394664140816165","NA","72231000","Medellin","Central Visayas","Visayas","0","2.65512985013056","0","0","2.65512985013056","0","0","0","0.37122106552124","0.230088397860527","-0.11031948029995",0.371,0.23,-0.110
"528","PH042114000","melor2015","229","39.6358361760902","47.3313370394534","0","0","0","0","0","0","0","0","0","0","2.18","513.78","4.21","10.9","0.94","0","0","90.4361459521095","7.96750285062714","0.114025085518814","0.24230330672748","0.912200684150513","0","0","0.0997719498289623","0.0855188141391106","NA","42114000","Mendez","CALABARZON","Luzon","0","0","0","0","0","0","0","0","1.64876520633698","1.12487161159515","4.07408905029297",1.649,1.12,4.074
"529","PH051607000","melor2015","400.328571428572","21.422021661471","112.521714747756","0","0","0","0","0","0","0","0","0","0","8.23","140.63","39.01","41.51","8.01","1","20949","42.9596907785754","7.5372722252899","0","13.4272041229523","35.4868396834162","0.128842260261366","0.0092030185900975","0.193263390392049","0.0552181115405853","NA","51607000","Mercedes","Bicol Region","Luzon","0","0","0","0","0","0","0","0","1.44745540618896","1.60124313831329","2.96795225143433",1.447,1.60,2.968
"530","PH082616000","melor2015","27.25","15.2241768930299","156.810435815195","0","0","0","0","0","0","0","0","0","0","2.48","22.41","15.7","13.08","3.41","1","17420","31.3032089063523","63.7197118533071","3.27439423706614","0","0.91683038637852","0.45841519318926","0","0.0654878847413228","0.130975769482646","NA","82616000","Mercedes","Eastern Visayas","Visayas","0","0","0","0","0","0","0","0","0.371696770191193","0.42914217710495","-0.679867684841156",0.372,0.43,-0.680
"531","PH083736000","melor2015","35.4833333333333","13.449525055715","182.40291809387","0.26","0.03","0.03","0.26","0.26","0","0","0","0","0.03","7.84","130.8","23","38.62","5.14","1","29876","38.0799794924378","53.6913611894386","2.063573442707","0.153806716226608","4.69110484491156","0.140989489874391","0.0384516790566521","0.217892847987695","0.140989489874391","NA","83736000","Merida","Eastern Visayas","Visayas","0.40348575167145","0","0","0","3.4968765144859","0.40348575167145","0","3.4968765144859","0.545140027999878","0.242935091257095","-1.17818903923035",0.545,0.24,-1.178
"532","PH035413000","melor2015","229.475","23.7258927521929","97.9561378789564","0","0","0","0","0","0","0","0","0","0","0.63","23.71","1.98","4.45","0.37","0","0","94.4982577283335","2.9314919599757","0.0223778012211885","0.457146510661424","1.97244333621048","0.003196828745884","0.0063936574917681","0.0095904862376522","0.0191809724753044","NA","35413000","Mexico","Central Luzon","Luzon","0","0","0","0","0","0","0","0","0.343990921974182","1.07762277126312","-0.680626094341278",0.344,1.08,-0.681
"533","PH063030000","melor2015","42.4333333333333","9.38788457662096","244.567691682831","0.26","0","0","0.26","0.26","0","0","0","0","0","11.02","269.64","37.95","54.57","8.06","1","16380","48.3225300947361","41.8334639219318","0.11396823135551","0.306289621767932","8.86815300235059","0.0142460289194387","0","0.0356150722985967","0.0498611012180354","NA","63030000","Miagao","Western Visayas","Visayas","0","0","0","0","2.44084998992145","0","0","2.44084998992145","0.0937304645776749","0.0963689535856247","0.0706841424107552",0.094,0.10,0.071
"534","PH054112000","melor2015","164.65625","34.1754478996301","53.6792492484639","0.08","0","0","0.08","0.08","0","0","0","0","0","3.99","66.26","20.9","20.15","4.5","1","70792","36.2182008916863","24.0318209633709","0.2447766413148","1.7221785121077","36.1395226855494","0.0961622519451001","0.0437101145205","0.1049042748492","1.049042748492","NA","54112000","Milagros","Bicol Region","Luzon","0","0","0","0","2.73403583197041","0","0","2.73403583197041","1.42638874053955","2.8066201210022","2.21740317344666",1.426,2.81,2.217
"535","PH051721000","melor2015","252.025","27.9251584791805","81.610196241312","0","0","0","0","0","0","0","0","0","0","0.65","9.31","2.77","4.58","0.46","0","0","58.6610334741631","15.8433539161521","0.227494312642184","2.55118622034449","21.8557036074098","0.146246343841404","0.0162495937601559","0","0.0324991875203119","NA","51721000","Milaor","Bicol Region","Luzon","0","0","0","0","0","0","0","0","1.9650491476059","2.0450553894043","2.00763440132141",1.965,2.05,2.008
"536","PH063031000","melor2015","32.6875","10.7333694214551","213.106633518983","0","0","0","0","0","0","0","0","0","0","1.23","37.36","6.12","8.14","1.09","0","0","46.8379843404939","42.6621160409556","0.0401525798032523","0.361373218229271","9.53623770327244","0.0401525798032523","0.0200762899016261","0.0200762899016261","0.0200762899016261","NA","63031000","Mina","Western Visayas","Visayas","0","0","0","0","0","0","0","0","0.106736481189728","0.157594487071037","0.0887603387236595",0.107,0.16,0.089
"537","PH051722000","melor2015","266.275","31.2022951969423","70.5838999347065","1.1","0.03","0.03","1.1","0","0","1.1","0","0","0.03","3.14","49.29","20.64","15.92","4.54","1","8165","42.4632173828315","10.8740134463607","0.292312189418299","7.044723764981","38.2344343759135","0.214362272240086","0.0487186982363831","0.0876936568254896","0.11692487576732","NA","51722000","Minalabac","Bicol Region","Luzon","0.936068855908269","34.3225247166365","0","0","34.3225247166365","0.936068855908269","0","0","3.0964572429657","2.47015500068665","0.272691816091537",3.096,2.47,0.273
"538","PH035414000","melor2015","231.816666666667","25.2866225204626","88.4122505983125","0","0","0","0","0","0","0","0","0","0","0.7","5.07","3.88","5.41","0.55","0","0","86.8374094678283","9.69875091844232","0.0629789020678072","0.272908575627165","2.57163850110213","0","0.0104964836779678","0.262412091949197","0.0524824183898394","NA","35414000","Minalin","Central Luzon","Luzon","0","0","0","0","0","0","0","0","0.310844540596008","0.342318326234818","-1.12726986408234",0.311,0.34,-1.127
"539","PH072232000","melor2015","10.85","7.56840538076673","272.481385478968","2.42","1.83","1.83","2.42","0.16","0.02","2.23","1.81","0.01","0.01","11.37","217.63","39.24","59.09","8.23","1","6309","76.6687688784147","18.8302851262987","0.411590931722375","0.202476184153749","2.64546752082849","0.0398313804892621","0.006638563414877","0.0995784512231553","0.119494141467786","NA","72232000","Minglanilla","Central Visayas","Visayas","13.8501818468031","16.8775439991098","0.0756840538076673","13.6988137391878","18.3155410214555","0.0756840538076673","0.151368107615335","1.21094486092268","0.122788697481155","0.0948510244488716","0.0421474874019623",0.123,0.09,0.042
"540","PH054113000","melor2015","227.73","35.0160558422093","51.6140703075683","0.04","0","0","0.04","0.04","0","0","0","0","0","9.25","175.07","25.41","46.01","5.85","1","22494","34.7234814143246","23.8570133402409","0.0388550705867115","2.53853127833182","38.1556793161508","0.168371972542417","0.0129516901955705","0.271985494106981","0.116565211760135","NA","54113000","Mobo","Bicol Region","Luzon","0","0","0","0","1.40064223368837","0","0","1.40064223368837","2.83778023719788","3.94869136810303","-4.32119178771973",2.838,3.95,-4.321
"541","PH174004000","melor2015","329.3625","39.4688417063347","55.5723927919711","0","0","0","0","0","0","0","0","0","0","10.48","130.32","29.59","53.13","6.71","1","1673","68.1348095875411","21.401630368658","0.182503954252342","0.632680374741453","9.02786227034919","0.133836233118384","0","0.24333860566979","0.0851685119844263","0.0608346514174473","174004000","Mogpog","MIMAROPA Region","Luzon","0","0","0","0","0","0","0","0","0.981412470340729","1.56735563278198","0.847402155399323",0.981,1.57,0.847
"542","PH036909000","melor2015","275.5","16.5710701746109","157.288827053298","0","0","0","0","0","0","0","0","0","0","0.56","18.97","1.99","4.12","0.36","0","0","79.074658254469","15.4949677031696","0.277902959290972","0.277902959290972","3.732912723449","0.0600871263331831","0.0150217815832957","0.0450653447498873","0.0751089079164789","NA","36909000","Moncada","Central Luzon","Luzon","0","0","0","0","0","0","0","0","0.14701484143734","0.115165293216705","0.819966554641724",0.147,0.12,0.820
"543","PH084813000","melor2015","223.861111111111","58.5754066499996","18.2286468354839","1.23","7.59","7.59","1.23","0","0","1.23","7.59","0","0","8.54","106.74","29.13","45.48","6.19","1","19593","31.4259283731994","15.0654156204572","0.0264305537201004","6.35654816968415","45.7380732126338","0.0264305537201004","0.0264305537201004","0","0.0264305537201004","47.2181842209594","84813000","Mondragon","Eastern Visayas","Visayas","444.587336473497","72.0477501794995","0","444.587336473497","72.0477501794995","0","0","0","59.8582191467285","64.7369384765625","49.5177917480469",59.858,64.74,49.518
"544","PH054114000","melor2015","232.958333333333","55.6217989798999","14.0296452276255","0","0","0","0","0","0","0","0","0","0","8.63","113.47","28.82","44.3","6.04","1","5157","20.4718417047184","8.5806697108067","0.30441400304414","4.58523592085236","63.7176560121766","0.551750380517504","0.171232876712329","0.076103500761035","1.33181126331811","18.3409436834094","54114000","Monreal","Bicol Region","Luzon","0","0","0","0","0","0","0","0","19.170051574707","20.2698917388916","19.8923110961914",19.170,20.27,19.892
"545","PH030808000","melor2015","176.39","32.7101519769896","38.65376923608","2.51","11.14","11.1","2.51","0.06","0","2.45","11.11","0","0.03","11.61","279.41","40.56","58.99","8.35","1","29331","73.1985940246046","11.4528412419449","0.234329232571763","1.27416520210896","13.0345635618043","0.131810193321617","0.0292911540714704","0.0878734622144112","0.175746924428822","NA","30808000","Morong","Central Luzon","Luzon","363.082686944585","80.1398723436245","0","363.409788464354","82.1024814622439","0.981304559309688","0","1.96260911861938","1.54975485801697","1.43785440921783","0.619638085365295",1.550,1.44,0.620
"546","PH045809000","melor2015","161.725","26.4497029380259","104.023810167563","0","0","0","0","0","0","0","0","0","0","3.97","50.73","15.73","20.72","3.5","1","4375","82.3849276250287","12.2309872099257","0.268055449184345","0.367618901738531","3.63023665466799","0.130198361032396","0.0382936355977636","0.199126905108371","0.130198361032396","NA","45809000","Morong","CALABARZON","Luzon","0","0","0","0","0","0","0","0","0.305044025182724","0.308143854141235","-1.77970850467682",0.305,0.31,-1.780
"547","PH086012000","melor2015","145.05","31.2005246955982","72.2986212691692","0","0","0","0","0","0","0","0","0","0","6.43","204.08","22.74","34.37","4.77","1","9162","29.4736842105263","38.8157894736842","0.0328947368421052","1.11842105263158","30.1315789473684","0","0","0.0328947368421052","0","NA","86012000","Motiong","Eastern Visayas","Visayas","0","0","0","0","0","0","0","0","3.18525719642639","2.47328090667725","0.332175374031067",3.185,2.47,0.332
"548","PH045628000","melor2015","349.942857142857","37.3173504798636","56.7224912007216","2.19","1.19","1.19","2.19","0.04","0","2.15","1.15","0","0.04","6.63","92.98","18.45","33.8","4.19","1","27345","38.2949348520148","34.3860557425145","0.923289326085081","0.802485115195444","23.9968936060057","0.664423159893002","0.0086288722064026","0.0862887220640262","0.388299249288118","NA","45628000","Mulanay","CALABARZON","Luzon","44.4076470710377","80.2323035317067","0","42.9149530518431","81.7249975509013","1.49269401919454","0","1.49269401919454","1.58822619915009","4.6388053894043","0.19595792889595",1.588,4.64,0.196
"549","PH060414000","melor2015","128.771428571429","19.952376134008","118.461691857408","0","0","0","0","0","0","0","0","0","0","13.15","184.72","45.69","67.72","9.61","1","605","59.3690126452931","11.1891684761783","0.332098607740452","4.99425213948142","23.3490867288287","0.102184186997062","0.102184186997062","0.191595350619492","0.217141397368757","NA","60414000","Nabas","Western Visayas","Visayas","0","0","0","0","0","0","0","0","2.12131595611572","0.867615044116974","4.66348075866699",2.121,0.87,4.663
"550","PH051723000","melor2015","257.825","34.4693344809395","61.4923216922495","0","0","0","0","0","0","0","0","0","0","1.22","19.11","5.15","8","0.96","0","0","61.6996789629899","5.43945726573384","0.102974135320128","7.03858501423466","24.5684172269671","0.181719062329638","0.0242292083106184","0.0484584166212369","0.109031437397783","NA","51723000","Nabua","Bicol Region","Luzon","0","0","0","0","0","0","0","0","2.62705183029175","2.06688809394836","4.55151605606079",2.627,2.07,4.552
"551","PH051724000","melor2015","232.783333333333","26.5236909461745","87.1303634264305","0","0.01","0.01","0","0","0","0","0","0","0.01","3.5","175.93","31.45","17.82","6.26","0","0","74.3483527131783","12.953003875969","0.176841085271318","2.00339147286822","9.3968023255814","0.218023255813953","0.0363372093023255","0.186531007751938","0.184108527131783","NA","51724000","","Bicol Region","Luzon","0.265236909461745","0","0","0","0","0.265236909461745","0","0","0.428907424211502","0.469538956880569","-1.34653604030609",0.429,0.47,-1.347
"552","PH043417000","melor2015","208.883333333333","26.6822354315113","87.0454769965116","0","0","0","0","0","0","0","0","0","0","7.88","342.48","35.5","38.29","7.53","1","525","82.5466736786747","13.6602682093084","0.124901393636603","0.131475151196424","2.55719169077044","0","0.0328687877991059","0.420720483828556","0.0394425453589271","NA","43417000","Nagcarlan","CALABARZON","Luzon","0","0","0","0","0","0","0","0","0.39088761806488","0.418774396181107","-0.364396154880524",0.391,0.42,-0.364
"553","PH025706000","melor2015","476.14","12.9904123790877","223.854192903268","3.06","0.05","0.05","3.06","3.01","0.02","0.02","0","0","0.05","17.79","754.42","45.35","88.48","9.36","0","0","40.2576160294418","54.4264976487426","0","0.0613371498671028","4.78429768963402","0","0","0","0","NA","25706000","Nagtipunan","Cagayan Valley","Luzon","0.649520618954385","0.259808247581754","0","0","39.7506618800084","0.649520618954385","0.259808247581754","39.101141261054","0.046197310090065","0.0653550550341606","-1.78104591369629",0.046,0.07,-1.781
"554","PH013311000","melor2015","173.33","11.3842154856376","238.865183947558","0.19","0.03","0.03","0.19","0.16","0.02","0.02","0","0","0.03","8.24","108.69","31.28","42","6.69","0","0","79.2908876536972","17.4751558025939","0.227387569479535","0.151591712986357","1.7769917466734","0.0168435236651507","0","0.0084217618325753","0.0084217618325753","NA","13311000","Naguilian","Ilocos Region","Luzon","0.341526464569128","0.227684309712752","0","0","2.16300094227114","0.341526464569128","0.227684309712752","1.82147447770202","0.0835357084870338","0.0918215736746788","-0.623745799064636",0.084,0.09,-0.624
"555","PH042115000","melor2015","244.3375","37.762031918595","50.0726147842736","2.05","6.45","6.45","2.05","0","0","2.05","6.43","0","0.02","1.32","49.12","6.08","7.96","1.19","1","180","83.8423530327199","11.6484457067268","0.330700696416761","0.385169046414815","3.01521223203517","0.0194529821421623","0.0194529821421623","0.124499085709839","0.248998171419679","NA","42115000","Naic","CALABARZON","Luzon","243.565105874938","77.4121654331197","0","242.809865236566","77.4121654331197","0.7552406383719","0","0","0.446592062711716","0.363555431365967","-0.204244360327721",0.447,0.36,-0.204
"556","PH034918000","melor2015","330.125","16.4303864146936","162.286870826304","0","0","0","0","0","0","0","0","0","0","0.48","22.57","1.7","3.7","0.32","0","0","77.0709078860172","10.8349900596421","0.0331345261762756","1.15970841616965","10.7355864811133","0","0","0","0.0331345261762756","NA","34918000","Nampicuan","Central Luzon","Luzon","0","0","0","0","0","0","0","0","0.145608589053154","0.108367763459682","1.06289124488831",0.146,0.11,1.063
"557","PH041019000","melor2015","231.935","45.6900680809044","22.7602413792505","1.72","13.08","13","1.72","0.08","0","1.64","13.07","0.01","0","7.97","143.38","33.81","40.74","7.23","1","85856","80.391706580933","13.1323403976117","0.23620497342694","0.433042451282724","4.91437569713273","0.0820156157732432","0.0557706187258053","0.154189357653697","0.288694967521816","0","41019000","Nasugbu","CALABARZON","Luzon","593.970885051757","74.9317116526832","0.456900680809044","597.169189817421","78.5869170991556","0","0","3.65520544647235","1.52371108531952","1.50216853618622","0.0391859821975231",1.524,1.50,0.039
"558","PH015529000","melor2015","328.3375","13.9858775183524","197.375084352271","0.38","0","0","0.38","0.38","0","0","0","0","0","14.56","487.21","63.83","73.05","12.82","0","0","79.7539543057997","11.4059753954306","0.0351493848857645","1.05448154657293","6.44991212653779","0","0.0351493848857645","0","0","NA","15529000","Natividad","Ilocos Region","Luzon","0","0","0","0","5.31463345697391","0","0","5.31463345697391","0.115620888769627","0.0753945484757423","-0.0854132771492004",0.116,0.08,-0.085
"559","PH175208000","melor2015","283.41875","60.4189830009235","1.25989534820448","0.82","7.89","7.89","0.82","0.4","0","0.43","7.74","0.15","0","8.7","265.07","58.93","44.31","11.84","1","32516","64.131605012704","10.761810430214","0.228241677791654","3.90594720296284","20.1111063261703","0.0990482752680763","0.0301451272555014","0.13780629602515","0.155032083028293","33.9907842039533","175208000","Naujan","MIMAROPA Region","Luzon","476.705775877286","25.9801626903971","9.06284745013852","467.642928427148","49.5435660607573","0","0","24.1675932003694","30.7433795928955","28.4638652801514","32.9694747924805",30.743,28.46,32.969
"560","PH087808000","melor2015","77.92","18.2033463317011","127.46907290014","0.3","0.02","0.02","0.3","0","0","0.3","0.02","0","0","7.96","202.8","33.58","39.51","6.96","1","16793","55.2385804041433","32.9257938529462","0.365087451180166","0.883002207505519","9.8403803701817","0.0509424350483953","0.0169808116827984","0.0849040584139921","0.118865681779589","NA","87808000","Naval","Eastern Visayas","Visayas","0.364066926634022","5.46100389951033","0","0.364066926634022","5.46100389951033","0","0","0","1.14203703403473","1.76432514190674","1.03395557403564",1.142,1.76,1.034
"561","PH063032000","melor2015","30.6","10.1071192031656","224.124143283295","0","0","0","0","0","0","0","0","0","0","1.69","27.14","6.42","10.49","1.25","0","0","47.9504099180164","47.5904819036193","0","0.0799840031993601","3.45930813837233","0","0","0","0","NA","63032000","New Lucena","Western Visayas","Visayas","0","0","0","0","0","0","0","0","0.00116902322042733","0.123728208243847","-0.279512345790863",0.001,0.12,-0.280
"562","PH060415000","melor2015","113.316666666667","16.4326388554932","142.964178129931","0.08","0","0","0.08","0","0","0.08","0","0","0","0.85","6.07","3.78","5.52","0.72","1","63800","58.7060998151571","10.4805914972274","0.166358595194085","7.48613678373383","21.3863216266174","0.452865064695009","0.22181146025878","0.166358595194085","0.841035120147874","NA","60415000","New Washington","Western Visayas","Visayas","0","1.31461110843946","0","0","1.31461110843946","0","0","0","1.04282283782959","0.939946115016937","1.21795952320099",1.043,0.94,1.218
"563","PH031413000","melor2015","256.2625","24.6498305185365","102.745513804997","0.11","0","0","0.11","0.11","0","0","0","0","0","12.39","410.06","39.58","62.58","8.57","1","18700","84.1613379242499","11.6822429906542","0.0573864567961961","0.250040990326283","3.05787834071159","0.0081980652565994","0.106574848335793","0.14346614199049","0.159862272503689","NA","31413000","Norzagaray","Central Luzon","Luzon","0","0","0","0","2.71148135703902","0","0","2.71148135703902","0.352337300777435","0.374758124351501","-0.575107991695404",0.352,0.37,-0.575
"564","PH042116000","melor2015","213.55","33.9113436720057","63.6192873478392","3.04","30.18","30.1","3.04","0","0","3.04","30.15","0.03","0","0.74","5.76","3.5","5.59","0.52","1","3154","88.5010822510823","9.46969696969697","0.198412698412698","0.0721500721500721","1.01911976911977","0.144300144300144","0.036075036075036","0.108225108225108","0.297619047619048","NA","42116000","Noveleta","CALABARZON","Luzon","1020.73144452737","103.090484762897","1.01734031016017","1022.42701171097","103.090484762897","0","0","0","0.25801545381546","0.846702337265015","0.66813462972641",0.258,0.85,0.668
"565","PH067903000","melor2015","16.1714285714286","8.24924321449279","263.359768375102","0","0","0","0","0","0","0","0","0","0","4.01","58.01","14.72","21.74","3.23","1","104996","41.2908157693568","32.6198536638637","0.24025335808671","0.971934039532598","23.9925739871137","0.22933275090095","0.0546030359287976","0.22933275090095","0.131047286229114","NA","67903000","Nueva Valencia","Western Visayas","Visayas","0","0","0","0","0","0","0","0","0.328015148639679","0.17918087542057","0.174139261245728",0.328,0.18,0.174
"566","PH060416000","melor2015","118.425","17.6567003011779","132.726601928425","0","0","0","0","0","0","0","0","0","0","0.97","8.51","3.13","6.38","0.64","1","6153","64.1707583196945","11.2111292962357","0.16366612111293","6.16475722858702","18.1123840698309","0.0545553737043098","0.0136388434260774","0.0409165302782324","0.0272776868521549","NA","60416000","Numancia","Western Visayas","Visayas","0","0","0","0","0","0","0","0","2.11876821517944","1.28304982185364","2.96896481513977",2.119,1.28,2.969
"567","PH050512000","melor2015","252.494444444444","54.4747461325281","28.4850869791298","0","0","0","0","0","0","0","0","0","0","8.62","161.72","36.01","44.69","7.58","1","17693","46.5089769165004","9.99572527785694","0.142490738102023","7.75862068965517","34.7321174123682","0.463094898831576","0.042747221430607","0.0498717583357081","0.227985180963237","NA","50512000","Oas","Bicol Region","Luzon","0","0","0","0","0","0","0","0","8.00191593170166","36.7195510864258","34.1402320861816",8.002,36.72,34.140
"568","PH031414000","melor2015","225.95","27.8943071974986","83.7842997292458","0","27.74","27.7","0","0","0","0","27.74","0","0","1.11","3.11","6.07","7.9","0.96","1","7803","75.7432275091205","22.5723822091128","0.124194675153303","0.0698595047737328","0.884887060467282","0.0310486687883256","0.0077621671970814","0.131956842350384","0.116432507956221","NA","31414000","Obando","Central Luzon","Luzon","772.672309370711","0","0","773.788081658611","0","0","0","0","0.412750482559204","0.502874612808228","0.55916690826416",0.413,0.50,0.559
"569","PH051725000","melor2015","200.3625","27.347428240958","83.5272887062641","0","0","0","0","0","0","0","0","0","0","6.36","257.85","43.76","31.52","8.82","0","0","49.1097442538038","13.5426783209237","0.388475234703788","2.33085140822273","32.5995467788928","0.302147404769613","0.0647458724506312","0.140282723643034","0.733786554440488","0","51725000","Ocampo","Bicol Region","Luzon","0","0","0","0","0","0","0","0","1.17545878887177","2.03241491317749","-0.390100449323654",1.175,2.03,-0.390
"570","PH175909000","melor2015","195.275","37.0438709635683","52.2607233896542","1.67","15.97","15.9","1.67","0.32","0","1.35","15.97","0","0","8.53","119.93","30.25","42.82","6.69","1","23634","57.1478749560941","28.5036880927292","0.0175623463294696","0.755180892167194","13.3561643835616","0.0175623463294696","0","0","0","0","175909000","Odiongan","MIMAROPA Region","Luzon","588.997548320736","50.0092258008172","0","591.590619288186","61.8632645091591","0","0","11.8540387083419","1.65228962898254","3.06194067001343","1.14526426792145",1.652,3.06,1.145
"571","PH037107000","melor2015","175.225","30.0884261987915","48.9386667622356","2.58","20.57","20.5","2.58","0.64","0.03","1.92","20.41","0.13","0.03","10.14","142.36","32.43","50.29","7.14","1","52494","92.5793902108025","5.20220754546277","0.206278838324437","0.139328689043698","1.04586989957478","0.0325703428933321","0.0452365873518501","0.177327422419253","0.338369673391839","NA","37107000","","Central Luzon","Luzon","616.812737075226","57.7697783016797","3.9114954058429","614.104778717335","77.6281395928821","0.902652785963745","0.902652785963745","19.2565927672266","0.739344954490662","0.731746196746826","0.345116347074509",0.739,0.73,0.345
"572","PH030809000","melor2015","168.56","28.8747678374565","63.1250753578346","2.85","4.43","4.43","2.85","0","0","2.85","4.41","0","0.02","3.56","129.96","22.23","18.79","4.63","1","19534","88.9782836211408","7.80350601779173","0.183150183150183","0.451334379905808","2.145473574045","0.0130821559392987","0.0130821559392987","0.0457875457875457","0.0915750915750915","NA","30809000","Orani","Central Luzon","Luzon","127.915221519932","82.293088336751","0","127.337726163183","82.293088336751","0.57749535674913","0","0","0.292191594839096","0.37677988409996","0.132402703166008",0.292,0.38,0.132
"573","PH082617000","melor2015","193.73125","47.3435498305038","36.7426807399652","0","0","0","0","0","0","0","0","0","0","5.71","44.6","20.23","30.68","4.34","1","42132","29.3081017149616","37.5753991720875","1.65582495564755","1.41927853341218","24.5062093435837","1.20638675340035","0.0827912477823773","0.792430514488468","3.0869308101715","NA","82617000","Oras","Eastern Visayas","Visayas","0","0","0","0","0","0","0","0","25.9532432556152","30.4623203277588","12.0604133605957",25.953,30.46,12.060
"574","PH030810000","melor2015","173.725","35.074434379554","36.0583339937174","1.47","35.92","35.9","1.47","0.01","0","1.45","35.9","0","0.02","7.39","235.36","35.03","37.84","7.03","1","15820","79.488926746167","13.6115843270869","0.119250425894378","0.96252129471891","5.28109028960818","0.0425894378194207","0","0.0766609880749574","0.0255536626916524","NA","30810000","Orion","Central Luzon","Luzon","1259.17219422599","50.8579298503533","0","1259.17219422599","51.5594185379444","0.70148868759108","0","0.35074434379554","3.15181279182434","2.11364603042603","0.942919135093689",3.152,2.11,0.943
"575","PH083738000","melor2015","45.3","14.5301173782446","172.823963398822","0.11","0.01","0.01","0.11","0.11","0","0","0","0","0.01","9.39","361.33","45.71","48.28","9.14","1","26421","53.3284683369821","34.778642666018","2.68385632044109","0.587853725776372","5.27243979567015","0.610151625719614","0.0831103543339009","0.302035190140274","1.30949485121219","NA","83738000","","Eastern Visayas","Visayas","0.145301173782446","0","0","0","1.59831291160691","0.145301173782446","0","1.59831291160691","0.62919270992279","0.32750329375267","0.14400327205658",0.629,0.33,0.144
"576","PH063034000","melor2015","25.8","9.25212623676032","241.970268841474","0","0","0","0","0","0","0","0","0","0","0.62","18.91","2.8","4.33","0.52","1","9006","56.4173637578577","31.8170568727417","0.153442558035935","0.598920952333812","10.1866059496114","0.069296639113003","0.004949759936643","0.0742463990496461","0.143543038162649","NA","63034000","Oton","Western Visayas","Visayas","0","0","0","0","0","0","0","0","0.0645483359694481","0.0930169150233269","-0.250275760889053",0.065,0.09,-0.250
"577","PH133911000","melor2015","194.275","28.9111104040548","84.9529269169005","0.33","7.84","7.84","0.33","0","0","0.33","7.47","0.37","0","0.99","6.59","4","7.93","0.63","0","0","100","0","0","0","0","0","0","0","0","NA","133911000","","National Capital Region","Luzon","226.66310556779","9.54066643333808","10.6971108495003","215.965994718289","9.54066643333808","0","0","0","13.8816318511963","15.4350490570068","19.3819713592529",13.882,15.44,19.382
"578","PH045629000","melor2015","282.358333333333","24.8643255376683","97.5013421799818","6.9","1.42","1.42","6.9","0.06","0","6.84","1.42","0","0","5.38","59.33","21.51","29.03","4.7","1","28696","62.098335269067","21.4092140921409","0.387146728610143","0.871080139372822","14.2469996128533","0.309717382888115","0.0193573364305071","0.0774293457220286","0.193573364305072","NA","45629000","Padre Burgos","CALABARZON","Luzon","35.307342263489","170.071986677651","0","35.307342263489","171.563846209911","0","0","1.4918595322601","1.53467285633087","1.15115988254547","-0.755047917366028",1.535,1.15,-0.755
"579","PH086410000","melor2015","22.25","8.11761295528568","279.486394626695","6.46","3.15","3.15","6.46","0.9","0","5.56","3","0","0.15","10.23","160.8","31.36","51.35","6.82","1","17961","64.7108130762783","27.3679798826488","0.0838222967309304","0.628667225481978","6.16093880972339","0.0419111483654652","0","0.125733445096396","0.209555741827326","NA","86410000","Padre Burgos","Eastern Visayas","Visayas","25.5704808091499","45.1339280313884","0","24.352838865857","52.4397796911455","1.21764194329285","0","7.30585165975711","0.0218540523201227","0.0853857770562172","-0.224209845066071",0.022,0.09,-0.224
"580","PH041020000","melor2015","260.975","35.3757151468493","52.5349960283642","0","0","0","0","0","0","0","0","0","0","1.14","142.57","3.32","7.16","0.68","0","0","89.2413281394917","8.74605824522352","0.315340382118345","0.259692079391579","0.881098126507141","0.0185494342422556","0.0092747171211278","0.0834724540901502","0.092747171211278","NA","41020000","Padre Garcia","CALABARZON","Luzon","0","0","0","0","0","0","0","0","0.421781092882156","0.347196489572525","0.764130055904388",0.422,0.35,0.764
"581","PH043418000","melor2015","178.266666666667","23.2470420311966","116.659420714753","0","0","0","0","0","0","0","0","0","0","6.61","359.77","26.32","33.06","5.73","1","2788","78.7834101382488","15.63133640553","0.368663594470046","2.17511520737327","1.93548387096774","0.129032258064516","0.0368663594470046","0.0921658986175115","0.202764976958525","NA","43418000","Paete","CALABARZON","Luzon","0","0","0","0","0","0","0","0","0.462390154600143","0.43023294210434","0.547536969184875",0.462,0.43,0.548
"582","PH045630000","melor2015","249.107142857143","24.9765970660168","91.4694728016695","3.87","1.69","1.69","3.87","0.3","0","3.57","1.69","0","0","5.68","86.45","30.88","30.38","6.36","1","34642","69.3345008756567","22.8721541155867","0.28604786923526","0.297723292469352","6.47985989492119","0.0583771161704611","0.0700525394045534","0.151780502043199","0.140105078809107","NA","45630000","Pagbilao","CALABARZON","Luzon","42.2104490415684","89.16645152568","0","42.2104490415684","96.659430645485","0","0","7.49297911980504","0.429150342941284","0.464589267969131","0.185027733445168",0.429,0.46,0.185
"583","PH086026000","melor2015","147.9","28.1414852014912","78.2538313368206","0","0","0","0","0","0","0","0","0","0","3.93","18.08","17.85","22.07","3.76","1","4149","37.4310915104741","6.7805953693495","0","5.23704520396913","50.4410143329658","0.0551267916207276","0","0.0551267916207276","0","NA","86026000","Pagsanghan","Eastern Visayas","Visayas","0","0","0","0","0","0","0","0","2.46805739402771","2.05480027198792","2.08000683784485",2.468,2.05,2.080
"584","PH043419000","melor2015","212.35","25.2987546213246","100.250333146978","0","0","0","0","0","0","0","0","0","0","3.96","46.85","25.84","20.66","5.69","0","0","83.0810980064711","14.3513203214696","0.407055630936228","0.146122534182236","1.04373238701597","0.0104373238701596","0","0.104373238701597","0.031311971610479","NA","43419000","Pagsanjan","CALABARZON","Luzon","0","0","0","0","0","0","0","0","0.364952921867371","0.556521236896515","-0.139233589172363",0.365,0.56,-0.139
"585","PH043420000","melor2015","176.283333333333","25.4478601571554","105.789925373604","1.36","0","0","1.36","0","0","1.36","0","0","0","9.03","252.25","34.1","44.19","7.38","1","2230","72.8068256399037","22.9927805731787","0.131262305841173","0.131262305841173","3.06278713629403","0","0","0.306278713629403","0.0218770509735287","NA","43420000","Pakil","CALABARZON","Luzon","0","34.6090898137313","0","0","34.6090898137313","0","0","0","0.456899434328079","0.559652984142303","-0.905918896198273",0.457,0.56,-0.906
"586","PH054115000","melor2015","150.75","27.7050772898741","72.0475811802639","0.09","0","0","0.09","0.09","0","0","0","0","0","5.74","121.08","19.34","28.97","4.32","1","14651","30.2926578812254","25.8771179188773","0.0171144959780934","2.92657881225398","40.475782988191","0.0513434879342803","0","0.0513434879342803","0","NA","54115000","Palanas","Bicol Region","Luzon","0","0","0","0","2.49345695608867","0","0","2.49345695608867","1.44588875770569","2.21872282028198","-0.738969147205353",1.446,2.22,-0.739
"587","PH084814000","melor2015","193.735714285714","61.5858446407897","6.98505782684356","1.23","3.88","3.88","1.23","0.18","0","1.06","3.88","0","0","7.54","87.13","29.43","38","6.42","1","6560","44.9420289855072","11.463768115942","0.0144927536231884","6.11594202898551","37.2173913043478","0.072463768115942","0","0.0434782608695652","0.0144927536231884","33.2608695652174","84814000","Palapag","Eastern Visayas","Visayas","238.953077206264","65.2809953192371","0","238.953077206264","75.7505889081713","0","0","11.0854520353421","34.3045082092285","35.8909683227539","36.9076347351074",34.305,35.89,36.908
"588","PH037108000","melor2015","221.705555555556","19.2446858394309","120.943212650246","1.09","31.81","31.8","1.09","0.12","0","0.97","31.81","0","0","13.93","598.32","58.84","68.63","11.89","1","31254","73.2722413134784","8.36197021764032","0.305460099274532","1.78185057910144","15.5402825505918","0.152730049637266","0.0254550082728776","0.0381825124093165","0.0890925289550719","NA","37108000","Palauig","Central Luzon","Luzon","611.981009693903","18.667345264248","0","612.173456552297","20.9767075649797","0","0","2.30936230073171","0.638934254646301","0.302643656730652","1.7636513710022",0.639,0.30,1.764
"589","PH034919000","melor2015","453.891666666667","18.1470990451116","151.529397880296","0","0","0","0","0","0","0","0","0","0","4.09","116.36","21.46","21.02","4.61","0","0","74.4719827586207","10.3556034482759","0.0862068965517241","1.22844827586207","13.3297413793103","0.021551724137931","0","0.0754310344827586","0.107758620689655","NA","34919000","","Central Luzon","Luzon","0","0","0","0","0","0","0","0","0.185241267085075","0.12615929543972","1.75469279289246",0.185,0.13,1.755
"590","PH083739000","melor2015","63.3833333333333","16.300627527684","154.638156278635","0","0","0","0","0","0","0","0","0","0","3.6","27.1","29.12","19.9","5.92","1","7459","51.0202772073922","43.4804928131417","0.462012320328542","0.539014373716632","2.33572895277207","0.205338809034908","0.0320841889117043","0.102669404517454","0.154004106776181","NA","83739000","Palo","Eastern Visayas","Visayas","0","0","0","0","0","0","0","0","0.650297820568085","0.427555769681931","1.04761481285095",0.650,0.43,1.048
"591","PH083740000","melor2015","33.7916666666667","13.6605988709484","177.726414912373","0.17","0.08","0.08","0.17","0.17","0","0","0","0","0.08","5.86","87.2","24.4","31.06","5.37","1","83375","43.4550620192641","50.3638001524496","1.40669392280507","0.13859053426651","2.97969648672996","0.0762247938465802","0.0207885801399764","0.29104012195967","0.381123969232901","NA","83740000","Palompon","Eastern Visayas","Visayas","1.09284790967587","0","0","0","2.32230180806123","1.09284790967587","0","2.32230180806123","0.430416196584702","0.23614975810051","-0.0957039967179298",0.430,0.24,-0.096
"592","PH175107000","melor2015","227.169230769231","43.5213230553689","27.9273051200421","4.37","3.59","3.59","4.37","1.8","0","2.57","3.59","0","0","14.24","353.62","35.69","69.25","7.95","1","96185","37.9201378914105","15.2255099109451","0.0287273771904625","3.53346739442689","42.9761562769319","0.11490950876185","0.0287273771904625","0.0861821315713875","0","0.172364263142775","175107000","Paluan","MIMAROPA Region","Luzon","156.241549768774","111.849800252298","0","156.241549768774","190.188181751962","0","0","78.338381499664","4.25931262969971","5.12346649169922","-0.61066347360611",4.259,5.12,-0.611
"593","PH084815000","melor2015","214.625","58.6803119171693","20.4467212518994","0.85","24.07","24","0.85","0.06","0","0.79","24.07","0","0","6.6","63.1","31.74","34.48","6.68","1","26270","27.3260687342833","14.3671416596815","0","6.20284995808885","51.8692372170998","0.016764459346186","0.016764459346186","0.016764459346186","0","62.2632020117351","84815000","Pambujan","Eastern Visayas","Visayas","1408.32748601206","46.3574464145637","0","1412.43510784627","49.8782651295939","0","0","3.52081871503016","57.5834846496582","56.5028610229492","54.6904220581055",57.583,56.50,54.690
"594","PH051726000","melor2015","275.3875","28.2986859193598","80.2638309564698","0","0","0","0","0","0","0","0","0","0","2.29","28.08","15.89","12.33","3.4","0","0","50.8391700806132","17.3913043478261","0.211444429760803","2.48447204968944","27.2499008854235","0.330381921501255","0.0396458305801506","0.0528611074402008","0.158583322320603","NA","51726000","Pamplona","Bicol Region","Luzon","0","0","0","0","0","0","0","0","1.83591568470001","2.04055857658386","-0.299610137939453",1.836,2.04,-0.300
"595","PH061909000","melor2015","61.9","16.091181135382","143.575874059355","0","0","0","0","0","0","0","0","0","0","0.78","3.99","3.53","5.13","0.67","1","35202","45.4379228378131","44.1122691534101","0.758822453830682","0.612543426586213","8.22819528250137","0.155421466447248","0.0365697568111172","0.0365697568111172","0.0182848784055586","NA","61909000","Panay","Western Visayas","Visayas","0","0","0","0","0","0","0","0","1.10783433914185","0.643266379833221","0.812889158725739",1.108,0.64,0.813
"596","PH133912000","melor2015","194.275","28.9111104040548","84.9529269169005","6.52","1.71","1.71","6.52","0","0","6.52","1.51","0.21","0","0.89","5.86","2.7","6.7","0.49","0","0","100","0","0","0","0","0","0","0","0","NA","133912000","","National Capital Region","Luzon","49.4379987909337","188.500439834437","6.07133318485151","43.6557767101227","188.500439834437","0","0","0","13.6276235580444","14.9444408416748","15.4744606018066",13.628,14.94,15.474
"597","PH052006000","melor2015","109.18","16.9623061198593","140.290420688737","3.97","13.01","13","3.97","0.79","0","3.17","13.01","0","0","8.67","111.38","27.56","45.85","6.04","1","52579","42.962786259542","13.3349236641221","0.524809160305344","6.34541984732824","32.5620229007634","1.57442748091603","0.381679389312977","0.0954198473282442","1.50286259541985","0","52006000","Pandan","Bicol Region","Luzon","220.509979558171","53.770510399954","0","220.67960261937","67.3403552958414","0","0","13.4002218346888","2.52549314498901","2.64239263534546","4.14461135864258",2.525,2.64,4.145
"598","PH060611000","melor2015","124.908333333333","18.4413512024389","129.117598023522","0","0","0","0","0","0","0","0","0","0","11.58","204.66","43.16","59.01","9.04","1","18398","57.7061855670103","21.6881443298969","0.154639175257732","2.82216494845361","16.5592783505155","0.115979381443299","0.0515463917525773","0.141752577319588","0.0515463917525773","NA","60611000","Pandan","Western Visayas","Visayas","0","0","0","0","0","0","0","0","1.1679173707962","0.728393077850342","1.56455838680267",1.168,0.73,1.565
"599","PH031415000","melor2015","252.975","25.529100903485","94.2664457405396","0","0","0","0","0","0","0","0","0","0","1.41","31.97","4.78","7.86","1.06","0","0","91.2742039320557","7.04699648393007","0.168375179517655","0.163422968355371","0.851780319912841","0","0.0148566334868518","0.0643787451096914","0.138661912543951","NA","31415000","Pandi","Central Luzon","Luzon","0","0","0","0","0","0","0","0","0.315435081720352","0.330408543348312","-0.164506822824478",0.315,0.33,-0.165
"600","PH052007000","melor2015","136.2","18.4025794041619","130.028750718046","2.34","24.58","24.5","2.34","0.17","0","2.17","24.58","0","0","8.13","95.01","29.86","41.8","6.54","1","28772","52.8151469855506","9.06826108619831","0.0498256103637269","6.02889885401096","30.9417040358744","0.348779272546089","0","0.0498256103637269","0","NA","52007000","Panganiban","Bicol Region","Luzon","450.863195401967","39.9335973070313","0","452.3354017543","43.0620358057388","0","0","3.12843849870752","1.6505708694458","1.73331773281097","8.07843112945557",1.651,1.73,8.078
"601","PH043421000","melor2015","175.65","23.6510439310518","117.301199863331","0.06","0","0","0.06","0.06","0","0","0","0","0","8.57","277.23","35.22","43.16","7.61","1","3475","68.4961987761914","25.3291303541628","0.68607454107176","0.0556276654923048","2.55887261264602","0.0741702206564064","0.0185425551641016","0.593361765251252","0.723159651399963","NA","43421000","Pangil","CALABARZON","Luzon","0","0","0","0","1.41906263586311","0","0","1.41906263586311","0.437000244855881","0.338912606239319","1.72021198272705",0.437,0.34,1.720
"602","PH036910000","melor2015","292.65","17.0245739552682","151.847577865549","0","0","0","0","0","0","0","0","0","0","0.9","25.63","3.99","6.04","0.82","0","0","83.47794485077","11.6885476763731","0.0726843229001044","0.377049925044292","3.825012492618","0.0181710807250261","0.009085540362513","0.0181710807250261","0.0408849316313087","NA","36910000","Paniqui","Central Luzon","Luzon","0","0","0","0","0","0","0","0","0.168478652834892","0.205283373594284","0.189719051122665",0.168,0.21,0.190
"603","PH061910000","melor2015","54.8333333333333","14.9040146006864","155.243792674715","0","0","0","0","0","0","0","0","0","0","1.93","20.4","9.45","11.58","1.97","0","0","58.6838250680059","32.6218874241473","1.48566645741787","0.23017367650136","6.01590290855828","0.146474157773593","0.0209248796819418","0.0732370788867964","0.46034735300272","NA","61910000","Panitan","Western Visayas","Visayas","0","0","0","0","0","0","0","0","0.556705474853516","1.07535719871521","2.38085556030273",0.557,1.08,2.381
"604","PH034920000","melor2015","478.361111111111","15.3304879958897","184.785651621069","0.02","0","0","0.02","0.02","0","0","0","0","0","10.18","358.28","29.28","51.16","6.44","1","176919","67.005076142132","20.6320615686917","0.0163746520386441","0.884231210086786","11.1511380383167","0.0163746520386441","0","0.0327493040772883","0","0.0491239561159325","34920000","Pantabangan","Central Luzon","Luzon","0","0","0","0","0.306609759917794","0","0","0.306609759917794","0.250237256288528","0.0885913819074631","-0.294758856296539",0.250,0.09,-0.295
"605","PH045631000","melor2015","185.35","16.930794069255","184.171649492852","3.18","0.98","0.98","3.18","0","0","3.18","0.98","0","0","5.97","64","26.72","33.17","5.33","1","100901","30.5536332179931","6.33217993079585","0.0346020761245674","6.9204152249135","55.121107266436","0.173010380622837","0.0346020761245674","0.0346020761245674","0.0346020761245674","NA","45631000","Panukulan","CALABARZON","Luzon","16.5921781878699","53.8399251402309","0","16.5921781878699","53.8399251402309","0","0","0","0.301399290561676","0.160376682877541","0.727361142635345",0.301,0.16,0.727
"606","PH031416000","melor2015","232.8875","28.4944302333838","74.5429049507974","2.13","9.3","9.3","2.13","0","0","2.13","8.34","0.96","0","0.69","4.42","2.9","5.31","0.45","1","8087","87.3879362868831","6.1798241796501","0.208895465227609","1.80172338758813","3.49899904256245","0.0957437548959874","0.0435198885890852","0.261119331534511","0.165375576638524","NA","31416000","Paombong","Central Luzon","Luzon","264.998201170469","60.6931363971075","27.3546530240484","237.643548146421","60.6931363971075","0","0","0","0.355912566184998","0.701921701431274","1.96167743206024",0.356,0.70,1.962
"607","PH051608000","melor2015","218.76875","17.0994023442384","147.406024224479","2.07","8.89","8.89","2.07","0","0","2.07","8.89","0","0","6.29","62.52","26.08","31.38","5.88","1","32646","49.4043982895541","10.4917532070861","0.0687232742822235","9.18601099572388","30.3833231521075","0.160354306658522","0.0229077580940745","0.0916310323762981","0.0534514355528405","0.0076359193646915","51608000","Paracale","Bicol Region","Luzon","152.013686840279","35.3957628525735","0","152.013686840279","35.3957628525735","0","0","0","0.579886138439178","0.479460299015045","0.616915106773376",0.580,0.48,0.617
"608","PH086022000","melor2015","147.655555555556","32.2343271903216","68.653016308602","0.49","0","0","0.49","0.49","0","0","0","0","0","9.44","210.8","29.07","49.86","6.31","1","12295","32.3641563393708","46.3933905306641","0.063552589768033","0.587861455354306","20.2573879885605","0.254210359072132","0","0.0158881474420082","0.0158881474420082","NA","86022000","Paranas","Eastern Visayas","Visayas","0","0","0","0","15.7948203232576","0","0","15.7948203232576","2.34236979484558","0.870885372161865","-0.863952934741974",2.342,0.87,-0.864
"609","PH051727000","melor2015","309.078571428571","30.3520154013868","73.277521580696","4.62","1.15","1.15","4.63","0.24","0.04","4.34","1.1","0","0.05","9.11","114.21","30.18","44.64","6.59","1","33231","38.1988208985566","10.7135596665989","0.0203293352307379","10.2459849562919","40.1809310835536","0.132140678999797","0","0.0101646676153689","0.0101646676153689","NA","51727000","Pasacao","Bicol Region","Luzon","34.9048177115948","131.727746842019","0","33.3872169415255","140.529831308421","1.51760077006934","1.21408061605547","7.28448369633283","2.13838577270508","1.97539019584656","-2.45619034767151",2.138,1.98,-2.456
"610","PH137605000","melor2015","194.275","29.627656840124","82.8902255877839","2.16","2.67","2.67","2.16","0","0","2.16","2.37","0.31","0","1.02","9.7","5.25","7.51","0.8","1","7170","85.6346682158788","13.8631507429325","0.0964975334048859","0.0029540061246393","0.200872416475477","0.0108313557903443","0.0068926809574918","0.0108313557903443","0.0758194905324103","NA","137605000","","National Capital Region","Luzon","79.1058437631311","63.9957387746678","9.18457362043844","70.2175467110939","63.9957387746678","0","0","0","0.651276230812073","0.721759557723999","1.01210463047028",0.651,0.72,1.012
"611","PH083741000","melor2015","65.325","15.141743007899","166.703875241459","0","0","0","0","0","0","0","0","0","0","1.02","42.06","3.25","6.46","0.68","0","0","27.606936416185","67.0982658959538","0.115606936416185","0.485549132947977","4.06936416184971","0.0924855491329479","0.0462427745664739","0.138728323699422","0.0693641618497109","NA","83741000","Pastrana","Eastern Visayas","Visayas","0","0","0","0","0","0","0","0","0.936888158321381","0.332305669784546","1.82925462722778",0.937,0.33,1.829
"612","PH137606000","melor2015","158.85","28.8102997204132","88.1244738647533","0","0","0","0","0","0","0","0","0","0","0.6","7.37","1.96","4.41","0.34","0","0","86.0300156798327","12.596132307922","0.0970656312999328","0.029866348092287","0.477861569476592","0","0.0447995221384305","0.559994026730382","0.119465392369148","NA","137606000","Pateros","National Capital Region","Luzon","0","0","0","0","0","0","0","0","0.388133227825165","0.29929918050766","-2.14191317558289",0.388,0.30,-2.142
"613","PH045632000","melor2015","151.05","15.4121686067458","196.874042548428","2.74","2.05","2.05","2.74","0","0","2.74","2.05","0","0","2.53","20.96","9.63","14.96","1.96","1","2736","28.6672766087222","10.1860323269289","0","3.84263494967978","57.2735590118939","0.0304971027752363","0","0","0","NA","45632000","Patnanungan","CALABARZON","Luzon","31.5949456438289","42.2293419824835","0","31.5949456438289","42.2293419824835","0","0","0","0.152737736701965","0.154154375195503","0.313493132591248",0.153,0.15,0.313
"614","PH060612000","melor2015","54.0125","10.9000339532332","218.043178777478","0","0","0","0","0","0","0","0","0","0","10.17","135.29","37.62","51.1","7.84","1","16266","40.0585480093677","35.6908665105386","0.0351288056206089","1.29976580796253","22.3419203747073","0","0.0468384074941451","0","0.0351288056206089","NA","60612000","Patnongon","Western Visayas","Visayas","0","0","0","0","0","0","0","0","0.192528963088989","0.172545358538628","0.576279044151306",0.193,0.17,0.576
"615","PH063036000","melor2015","20.75","9.52971372264869","235.827344673416","0","0","0","0","0","0","0","0","0","0","0.58","17.03","1.85","4.14","0.35","0","0","71.9987404550106","22.6167047154216","0.228292529323782","0.196803904589467","2.83397622608833","0.0078721561835786","0.0078721561835786","0.0551050932850507","0.0393607809178934","NA","63036000","Pavia","Western Visayas","Visayas","0","0","0","0","0","0","0","0","0.0743108168244362","0.084143839776516","0.0350681096315384",0.074,0.08,0.035
"616","PH034921000","melor2015","403.8125","18.8288013120995","143.812847369644","0","0","0","0","0","0","0","0","0","0","0.88","45.96","2.81","5.21","0.62","0","0","83.179351811116","11.2186537615486","0.381287578823874","0.11731925502273","2.83032702742338","0.263968323801144","0.0146649068778413","0.703915530136384","0.293298137556826","NA","34921000","Pe�aranda","Central Luzon","Luzon","0","0","0","0","0","0","0","0","0.328506618738174","0.452381551265717","6.10868883132935",0.329,0.45,6.109
"617","PH045633000","melor2015","198.975","19.9087066890659","129.516976181706","2.52","2.52","2.52","2.52","0","0","2.52","2.52","0","0","5.64","48.13","21.49","30.27","4.56","1","874","45.8665699782451","23.0964467005076","0.326323422770123","4.45975344452502","25.5620014503263","0.326323422770123","0.0362581580855692","0.0725163161711385","0.0362581580855692","NA","45633000","Perez","CALABARZON","Luzon","50.1699408564461","50.1699408564461","0","50.1699408564461","50.1699408564461","0","0","0","0.962153196334839","0.742904484272003","0.549319684505463",0.962,0.74,0.549
"618","PH043422000","melor2015","215.35","26.4120747459528","93.216103749733","0","0","0","0","0","0","0","0","0","0","0.92","13.7","2.77","6.1","0.59","1","5261","82.7123432809465","15.22161398552","0.185414091470952","0.105950909411972","0.909411972452764","0","0.0088292424509977","0.0618046971569839","0.0529754547059862","NA","43422000","Pila","CALABARZON","Luzon","0","0","0","0","0","0","0","0","0.31947523355484","0.37095233798027","-0.249030962586403",0.319,0.37,-0.249
"619","PH030811000","melor2015","173.725","33.7338824371308","40.8154431135277","0.71","24.32","24.3","0.71","0","0","0.71","24.18","0.11","0.03","5.83","122.29","30.66","29.28","6.57","1","6823","88.5201599827046","6.70197816452275","0.151334990811804","0.659388174251432","3.37260836666306","0.0324289266025294","0.0216192844016863","0.0864771376067452","0.237812128418549","NA","30811000","Pilar","Central Luzon","Luzon","819.733343222279","23.9510565303629","3.71072706808439","815.685277329823","23.9510565303629","1.01201647311392","0","0","1.07170367240906","1.37655901908875","1.12641870975494",1.072,1.38,1.126
"620","PH056213000","melor2015","212.116666666667","64.8739260054626","10.3808480226782","1.82","4.25","4.25","1.82","0.04","0","1.78","4.25","0","0","2.66","28.62","9.3","16.19","1.92","1","108873","32.2794117647059","3.71657754010695","0.0401069518716577","14.966577540107","47.8609625668449","0.160427807486631","0.053475935828877","0.0601604278074866","0.053475935828877","11.2967914438503","56213000","Pilar","Bicol Region","Luzon","275.714185523216","115.475588289723","0","275.714185523216","118.070545329942","0","0","2.5949570402185","13.5999240875244","12.9217357635498","17.3306884765625",13.600,12.92,17.331
"621","PH061911000","melor2015","63.925","15.7159377715009","145.726979420645","0","0","0","0","0","0","0","0","0","0","8.18","94.3","41.39","41.16","8.82","1","24569","42.8731972279453","36.7671848660798","0.393332084660049","1.24555160142349","17.9153399513017","0.187300992695261","0.009365049634763","0.131110694886683","0.234126240869077","NA","61911000","Pilar","Western Visayas","Visayas","0","0","0","0","0","0","0","0","0.852641940116882","0.710321247577667","0.664600729942322",0.853,0.71,0.665
"622","PH072236000","melor2015","17.3666666666667","11.4397834829124","214.204646058779","0","0","0","0","0","0","0","0","0","0","5.53","61.37","18.84","28.73","4.02","1","52838","50.3515232674925","38.1653833277536","0.903916973552059","0.435219283562102","8.26916638767995","0.100435219283562","0.033478406427854","0.736524941412789","0.602611315701373","NA","72236000","Pilar","Central Visayas","Visayas","0","0","0","0","0","0","0","0","0.407477974891663","0.386182606220245","-0.383549243211746",0.407,0.39,-0.384
"623","PH166716000","melor2015","106.37","7.21025891433771","286.050884109701","2.05","9.42","9.42","2.05","0","0","2.05","9.3","0.12","0","3.83","28.46","22.68","21.62","4.51","1","22492","26.9018274543136","28.1767955801105","0.0424989375265618","1.69995750106247","43.0939226519337","0.0424989375265618","0","0","0","NA","166716000","Pilar","Caraga","Mindanao","67.9206389730612","14.7810307743923","0.865231069720525","67.0554079033407","14.7810307743923","0","0","0","0.108503833413124","0.133828297257423","-0.363206684589386",0.109,0.13,-0.363
"624","PH051728000","melor2015","224.425","27.5412277930267","82.9418742247459","0","0","0","0","0","0","0","0","0","0","3.08","140.19","29.38","15.87","5.82","0","0","60.8958033440372","8.11095116819843","0.232532388439818","4.58420994352785","24.3992913298638","0.271287786513121","0.138412135976082","0.155021592293212","0.326652640903554","NA","51728000","Pili","Bicol Region","Luzon","0","0","0","0","0","0","0","0","2.41594171524048","2.62986397743225","1.96794331073761",2.416,2.63,1.968
"625","PH045810000","melor2015","173.1625","25.4403758853404","110.186270600255","0.17","0.02","0.02","0.17","0.17","0","0","0","0","0.02","8.2","162.23","34.7","41.29","7.44","1","18304","75.9924931427746","16.6305760069294","0.815648910062076","0.68572253500794","3.9844088349935","0.0505269236321639","0.0649631875270679","0.194889562581204","0.21654395842356","NA","45810000","Pililla","CALABARZON","Luzon","0.508807517706808","0","0","0","4.32486390050787","0.508807517706808","0","4.32486390050787","0.517810940742493","0.280164837837219","1.41686153411865",0.518,0.28,1.417
"626","PH086013000","melor2015","85.3583333333334","21.3496951444305","115.546957899186","0","0","0","0","0","0","0","0","0","0","5.32","97.31","20.24","29.96","4.3","1","10756","27.3446019629226","35.9596510359869","0.408942202835333","0.981461286804798","34.5692475463468","0.0817884405670665","0","0.0817884405670665","0.163576881134133","NA","86013000","Pinabacdao","Eastern Visayas","Visayas","0","0","0","0","0","0","0","0","1.71693980693817","1.25021040439606","2.64168620109558",1.717,1.25,2.642
"627","PH175209000","melor2015","254.275","61.9444362662518","2.5303429538474","1.59","10.43","10.4","1.59","0.05","0.01","1.53","9.99","0.44","0","5.76","106.19","35.85","30.01","7.34","1","20061","67.0971422644054","17.0063793371713","0.383797520875473","1.74783465587884","12.2089103262279","0.798713759659769","0.0363051708936258","0.0726103417872516","0.243763290285774","54.0843317255329","175209000","Pinamalayan","MIMAROPA Region","Luzon","644.222137169019","94.7749874873653","27.2555519571508","618.824918299856","98.4916536633404","0","0.619444362662518","3.09722181331259","10.84046459198","10.4749603271484","50.2038955688477",10.840,10.47,50.204
"628","PH072237000","melor2015","13","7.0483960794172","278.719859756189","2.55","4.73","4.73","2.55","0.64","0","1.91","4.73","0","0","6.64","99.57","28.09","37.93","5.68","1","17098","57.3133680555556","34.4907407407407","0.33275462962963","0.412326388888889","7.00954861111111","0.0868055555555555","0","0.0578703703703703","0.0723379629629629","NA","72237000","Pinamungajan","Central Visayas","Visayas","33.3389134556434","13.4624365116869","0","33.3389134556434","17.9734100025139","0","0","4.51097349082701","0.0179313141852617","0.0933408141136169","0.0972757786512375",0.018,0.09,0.097
"629","PH086411000","melor2015","17.825","7.98419392778094","279.925728078626","12.52","0.19","0.19","12.5","1.9","0","10.63","0.19","0","0","16.92","277.18","40.89","83.75","8.45","1","16359","53.297199638663","26.7389340560072","0.1806684733514","3.7940379403794","15.8084914182475","0.04516711833785","0","0.04516711833785","0.04516711833785","NA","86411000","Pintuyan","Eastern Visayas","Visayas","1.51699684627838","84.8719814523114","0","1.51699684627838","99.8024240972617","0","0","15.1699684627838","0.409653723239899","0.221676617860794","-0.338260650634766",0.410,0.22,-0.338
"630","PH050513000","melor2015","252.021428571429","59.0531280240916","24.7425587463022","0.24","0","0","0.24","0","0","0.24","0","0","0","6.33","115.79","23.26","33.57","5.22","1","15918","37.2407955988151","5.55438002539145","0","11.3097757088447","45.6622936944562","0.0846381718154887","0","0.0317393144308082","0.0528988573846804","1.05797714769361","50513000","Pio Duran","Bicol Region","Luzon","0","14.172750725782","0","0","14.172750725782","0","0","0","6.65180063247681","15.3802099227905","31.6749496459961",6.652,15.38,31.675
"631","PH054116000","melor2015","91.0916666666667","22.4986167746073","93.4196379520478","0","0","0","0","0","0","0","0","0","0","3.85","57.53","16.41","20.59","3.65","1","27896","40.0075915733536","28.1457582083887","0.132852533687607","2.18257733915354","20.0417536534447","0.0759157335357752","0.0189789333839438","0.0759157335357752","0.15183146707155","NA","54116000","Pio V. Corpus","Bicol Region","Luzon","0","0","0","0","0","0","0","0","0.938693523406982","2.03192329406738","-0.298568338155746",0.939,2.03,-0.299
"632","PH045634000","melor2015","329.3625","26.5294121931178","92.5541478170082","4.95","0.79","0.79","4.95","0","0","4.95","0.79","0","0","3.27","26.9","10.05","18.82","2.19","1","23447","42.8458184700753","24.5739199365834","0.1585414189457","2.53666270313119","29.3499801823226","0.118906064209275","0","0.0792707094728497","0.198176773682124","NA","45634000","Pitogo","CALABARZON","Luzon","20.9582356325631","131.320590355933","0","20.9582356325631","131.320590355933","0","0","0","1.07913720607758","1.80554282665253","0.274685502052307",1.079,1.81,0.275
"633","PH054117000","melor2015","101.578571428571","23.1443714759494","89.0521612047644","0","0","0","0","0","0","0","0","0","0","1.69","23.42","6.65","9.65","1.4","1","21726","30.1575330987096","34.439416792358","0.16758840288252","1.26529244176303","33.2746773923245","0.108932461873638","0.008379420144126","0.0335176805765041","0.16758840288252","NA","54117000","Placer","Bicol Region","Luzon","0","0","0","0","0","0","0","0","0.950963973999023","2.81501865386963","0.507054388523102",0.951,2.82,0.507
"634","PH031417000","melor2015","237.025","25.9404142787068","90.240408827225","0","0","0","0","0","0","0","0","0","0","0.75","11.66","3.09","5.05","0.59","0","0","94.542675369743","4.44517888126911","0.0702305213583409","0.0660993142196149","0.66099314219615","0.0165248285549037","0.0123936214161778","0.0330496571098074","0.057836899942163","NA","31417000","Plaridel","Central Luzon","Luzon","0","0","0","0","0","0","0","0","0.320430070161819","0.292825251817703","0.426657289266586",0.320,0.29,0.427
"635","PH045635000","melor2015","260.75","23.8963479595075","107.702979813055","1.36","2.58","2.58","1.36","0.27","0","1.09","2.45","0","0.14","8.45","77.12","25.43","43.55","5.68","1","5326","71.9875500222321","15.1622943530458","1.0226767452201","1.46731880835927","9.47087594486438","0.48910626945309","0","0","0.177856825255669","NA","45635000","Plaridel","CALABARZON","Luzon","61.6525777355294","26.0470192758632","0","58.5460525007934","32.4990332249302","3.34548871433105","0","6.45201394906703","0.41680172085762","0.625068008899689","0.989622235298157",0.417,0.63,0.990
"636","PH175210000","melor2015","274.114285714286","63.1613645665291","1.07521135694684","1.47","1.63","1.63","1.47","0.06","0.03","1.38","1.63","0","0","9.32","144.89","36.23","46.97","7.82","1","38617","52.8338841963521","14.9467499081895","0.0734484024972456","3.91724813318644","27.359529930224","0.110172603745868","0.0122414004162076","0.0979312033296609","0.061207002081038","22.6710735708165","175210000","Pola","MIMAROPA Region","Luzon","102.953024243442","87.1626831018102","0","102.953024243442","92.8472059127978","0","1.89484093699587","3.78968187399175","22.8258571624756","22.1751480102539","30.6920680999756",22.826,22.18,30.692
"637","PH050514000","melor2015","228.3125","36.1213261759634","57.567611216892","0","0","0","0","0","0","0","0","0","0","5.03","127.6","23.1","25.89","5.04","1","1379","59.7701781394326","11.7000219925225","0.0769738288981746","4.00263910270508","23.6089729491973","0.0989663514405102","0.0219925225423356","0.115460743347262","0.0989663514405102","NA","50514000","Polangui","Bicol Region","Luzon","0","0","0","0","0","0","0","0","2.77187967300415","3.20624208450317","3.01229286193848",2.772,3.21,3.012
"638","PH045636000","melor2015","113.022222222222","17.5301291409899","170.278661933618","0.94","13.51","13.5","0.94","0","0","0.94","13.51","0","0","4.44","65.41","15.52","23.61","3.45","1","69691","43.3984092552422","11.236442516269","0.274765003615329","6.56543745480839","37.7874186550976","0.375994215473608","0","0.0144613159797541","0.115690527838033","NA","45636000","Polillo","CALABARZON","Luzon","236.656743403364","16.4783213925305","0","236.832044694774","16.4783213925305","0","0","0","0.418180495500565","0.366080015897751","-0.313346207141876",0.418,0.37,-0.313
"639","PH061912000","melor2015","59.0083333333333","15.0477108854817","153.854984676531","0","0","0","0","0","0","0","0","0","0","3.18","33.37","23.22","17.22","4.82","1","22809","50.152466367713","34.609865470852","1.46188340807175","0.538116591928251","11.542600896861","0.251121076233184","0.0358744394618834","0.143497757847534","0.573991031390135","NA","61912000","Pontevedra","Western Visayas","Visayas","0","0","0","0","0","0","0","0","0.767561614513397","0.28954404592514","0.187394365668297",0.768,0.29,0.187
"640","PH035415000","melor2015","216.057142857143","24.347582473305","85.4040122910016","0.16","0","0","0.16","0.16","0","0","0","0","0","10.94","392.56","49.02","56.99","9.86","0","0","91.8029164825453","2.93857711003093","0.191486227721314","0.41611430254824","4.2311091471498","0.0515539843865075","0.0294594196494329","0.0441891294741493","0.16570923552806","NA","35415000","Porac","Central Luzon","Luzon","0","0","0","0","3.8956131957288","0","0","3.8956131957288","0.297990649938583","1.19662272930145","0.896154046058655",0.298,1.20,0.896
"641","PH072238000","melor2015","7.95","10.6000364618947","227.108606266754","0","0","0","0","0","0","0","0","0","0","4.52","95.43","18.37","22.27","4.1","1","39944","48.0630334865397","34.8161523309258","0.114904793171372","0.558108995403808","15.9717662508207","0.0492449113591595","0","0.114904793171372","0.0492449113591595","NA","72238000","Poro","Central Visayas","Visayas","0","0","0","0","0","0","0","0","0.277073383331299","0.303753674030304","0.0194904878735542",0.277,0.30,0.019
"642","PH133913000","melor2015","229.7","28.8819983825832","82.4092633722502","0.08","15.72","15.7","0.08","0","0","0.08","15.72","0","0","1.08","4.88","4.99","7.49","0.79","1","15277","100","0","0","0","0","0","0","0","0","NA","133913000","","National Capital Region","Luzon","453.447374606556","2.31055987060666","0","454.025014574208","2.31055987060666","0","0","0","13.7205219268799","15.2848949432373","18.2374668121338",13.721,15.28,18.237
"643","PH063037000","melor2015","34.65","10.7218488802768","212.426288492598","0","0","0","0","0","0","0","0","0","0","0.92","23.47","4.5","6.09","0.85","0","0","53.0330594065617","33.6365347217866","0.106643246973214","0.526943102691174","11.0030738347657","0.0376387930493695","0.200740229596638","1.06015933755724","0.0501850573991594","NA","63037000","Pototan","Western Visayas","Visayas","0","0","0","0","0","0","0","0","0.206075102090836","0.156791627407074","-0.536039471626282",0.206,0.16,-0.536
"644","PH015530000","melor2015","218.3375","13.4752674242737","201.947983424389","0","0","0","0","0","0","0","0","0","0","1.33","55.76","7.38","7.68","1.63","0","0","83.8115143454304","10.8683260497815","0.671353473937552","0.323009690290709","3.25543099626322","0.0443346633732345","0.0063335233390335","0.063335233390335","0.164671606814871","NA","15530000","Pozorrubio","Ilocos Region","Luzon","0","0","0","0","0","0","0","0","0.140784829854965","0.0954706892371178","0.150654584169388",0.141,0.10,0.151
"645","PH071235000","melor2015","11.1","8.05139615993881","283.560547457888","2.42","0.19","0.19","2.42","0","0","2.42","0.19","0","0","3.39","15.26","15.25","17.76","3.2","1","3700","49.4849368318756","18.7949465500486","0.155490767735666","1.5354713313897","29.3877551020408","0.116618075801749","0.0194363459669582","0.0777453838678328","0.0583090379008746","NA","71235000","President Carlos P. Garcia","Central Visayas","Visayas","1.52976527038837","19.4843787070519","0","1.52976527038837","19.4843787070519","0","0","0","0.274829149246216","0.173612579703331","-0.176830217242241",0.275,0.17,-0.177
"646","PH051729000","melor2015","157.935714285714","22.4397019952565","103.515317572628","9.59","0.5","0.5","9.59","0.5","0","9.09","0.5","0","0","14.67","278.21","32.89","71.99","7.28","1","25937","39.4997523526498","13.1748390292224","0.0990589400693412","8.51906884596335","37.444279346211","0.272412085190688","0.0742942050520059","0.123823675086676","0.148588410104012","NA","51729000","Presentacion","Bicol Region","Luzon","11.2198509976282","203.976891136882","0","11.2198509976282","215.19674213451","0","0","11.2198509976282","2.97113680839539","2.20538926124573","4.04533195495605",2.971,2.21,4.045
"647","PH061913000","melor2015","62.6875","15.0941926455097","153.143758344886","0","0","0","0","0","0","0","0","0","0","7.79","94.48","44.01","39.49","9.14","1","13783","54.3077146593055","35.0428592183641","1.13322679064361","0.508499200929827","7.3369170419875","0.290570971959901","0.0290570971959901","0.145285485979951","0.246985326165916","NA","61913000","President Roxas","Western Visayas","Visayas","0","0","0","0","0","0","0","0","0.861249685287476","0.703474283218384","0.995972156524658",0.861,0.70,0.996
"648","PH056214000","melor2015","153.425","58.0983648241698","29.1886495326385","6.1","3.54","3.54","6.1","0","0","6.1","3.45","0.09","0","3.29","54.06","15.17","17.39","3.31","1","37261","57.1967316153363","12.36119840771","0.125707102451288","4.52545568824639","25.434737062644","0.125707102451288","0","0.0628535512256442","0.0628535512256442","6.39011104127383","56214000","Prieto Diaz","Bicol Region","Luzon","205.668211477561","354.400025427436","5.22885283417528","200.439358643386","354.400025427436","0","0","0","5.38385200500488","5.10572910308838","13.4788112640381",5.384,5.11,13.479
"649","PH175211000","melor2015","300.43","52.5196581179886","3.22938291051373","6.47","1.07","1.07","6.47","0.64","0.03","5.8","0.92","0","0.15","15.68","383.29","41.16","76.77","8.73","1","57128","64.0014471780029","15.7018813314038","0.530631934394597","1.60395561987458","15.520984081042","0.940665701881332","0.0482392667631452","0.0964785335262904","1.18186203569706","1.01302460202605","175211000","Puerto Galera","MIMAROPA Region","Luzon","56.1960341862478","304.614017084334","0","48.3180854685495","339.802188023386","7.87794871769829","1.57558974353966","33.6125811955127","7.844810962677","6.46856069564819","2.79657769203186",7.845,6.47,2.797
"650","PH013312000","melor2015","199.05","12.2282519379405","223.00229519407","0","0","0","0","0","0","0","0","0","0","12.35","230.42","35.16","59.56","7.75","0","0","84.8171152518979","11.9162640901771","0.253048079135036","0.115021854152289","1.84034966643662","0","0","0.0230043708304577","0","NA","13312000","Pugo","Ilocos Region","Luzon","0","0","0","0","0","0","0","0","0.104993753135204","0.0933789685368538","0.262123703956604",0.105,0.09,0.262
"651","PH031418000","melor2015","240.9","25.5134374785766","90.5396704445431","0","0","0","0","0","0","0","0","0","0","0.66","10.69","2.79","4.67","0.53","0","0","92.6926702275686","4.48853180124781","0.237892185466134","0.363571075901073","1.40491045379057","0.0538623816149737","0.0359082544099825","0.0763050406212128","0.255846312671125","NA","31418000","Pulilan","Central Luzon","Luzon","0","0","0","0","0","0","0","0","0.33311402797699","0.303689420223236","0.287044703960419",0.333,0.30,0.287
"652","PH036911000","melor2015","317.1","17.3953023593168","150.074826301255","0","0","0","0","0","0","0","0","0","0","0.61","25.7","1.86","4.37","0.35","0","0","85.7296329453894","8.20053715308863","0.0716204118173679","1.14592658907789","4.01074306177261","0","0.0179051029543419","0.196956132497762","0.125335720680394","NA","36911000","Pura","Central Luzon","Luzon","0","0","0","0","0","0","0","0","0.229732930660248","0.116315834224224","-0.663564801216125",0.230,0.12,-0.664
"653","PH025011000","melor2015","422.7","10.9375609626958","259.190711661403","0.75","0.06","0.06","0.75","0.72","0.03","0","0","0","0.06","12.97","506.79","40.87","64.9","8.75","0","0","63.941427699817","31.1368720764694","0.0203376042302216","0.142363229611552","4.63697376449054","0","0","0","0","NA","25011000","Quezon","Cagayan Valley","Luzon","0.656253657761748","0","0","0","8.20317072202185","0.656253657761748","0.328126828880874","7.87504389314098","0.0463418997824192","0.069948136806488","-0.38972133398056",0.046,0.07,-0.390
"654","PH034922000","melor2015","369.766666666666","17.5315641451237","152.543250323853","0","0","0","0","0","0","0","0","0","0","0.57","31.24","1.93","4.26","0.33","0","0","78.597903208726","11.998305623213","0.391824632002541","0.783649264005083","6.74573758339511","0.116488404108864","0.052949274594938","0.137668113946839","0.540082600868368","NA","34922000","Quezon","Central Luzon","Luzon","0","0","0","0","0","0","0","0","0.187484756112099","0.232160076498985","-1.54542231559753",0.187,0.23,-1.545
"655","PH045637000","melor2015","209.2875","21.4911858550492","120.190835099544","5.55","1.65","1.65","5.55","0","0","5.55","1.65","0","0","7.14","60.69","25.85","37.34","5.64","1","50051","45.4022988505747","11.1384783798577","0.164203612479474","5.5008210180624","37.1100164203612","0.191570881226054","0","0.0547345374931581","0.0821018062397372","NA","45637000","Quezon","CALABARZON","Luzon","35.4604566608312","119.276081495523","0","35.4604566608312","119.276081495523","0","0","0","1.2079416513443","1.27470648288727","-0.4304578602314",1.208,1.27,-0.430
"656","PH137404000","melor2015","247.491666666667","28.186687097372","87.3201871591145","0","0","0","0","0","0","0","0","0","0","1.91","56.23","7.23","10.81","1.57","0","0","90.1123666980185","8.98312606304591","0.0855737759542233","0.0221128695386134","0.150094888443602","0.015903091106537","0.0533132197095338","0.071639638984686","0.19719832972106","NA","137404000","","National Capital Region","Luzon","0","0","0","0","0","0","0","0","0.240499094128609","0.026823041960597","0.060074470937252",0.240,0.03,0.060
"657","PH133903000","melor2015","243.475","28.8819983825832","82.4092633722502","0","4.8","4.8","0","0","0","0","4.8","0","0","1.29","9.1","4.78","8.92","0.86","0","0","100","0","0","0","0","0","0","0","0","NA","133903000","","National Capital Region","Luzon","138.633592236399","0","0","138.633592236399","0","0","0","0","13.5429630279541","15.2914257049561","15.9378700256348",13.543,15.29,15.938
"658","PH082618000","melor2015","55.1875","16.9274875068207","144.005164663957","0.15","0.08","0.08","0.15","0.15","0","0","0","0","0.08","5.34","81.21","22.21","27.94","4.85","1","52976","30.9742374888955","64.435889843056","0.414569144210838","0.26650873556411","3.22771690849867","0.207284572105419","0","0.148060408646728","0.207284572105419","NA","82618000","Quinapondan","Eastern Visayas","Visayas","1.35419900054566","0","0","0","2.5391231260231","1.35419900054566","0","2.5391231260231","1.61106717586517","1.13976752758026","1.40291047096252",1.611,1.14,1.403
"659","PH051730000","melor2015","308.40625","24.1703839336407","98.2308957705848","2.23","18.02","18","2.23","0","0","2.23","17.99","0","0.02","7.31","185.88","30.81","39.49","6.43","1","60787","44.9048422066972","14.8719184132338","0.0803019352766401","5.03493134184534","33.2530313980567","0.256966192885249","0","0.281056773468241","0.216815225246928","NA","51730000","Ragay","Bicol Region","Luzon","435.066910805533","53.8999561720188","0","434.825206966196","53.8999561720188","0.483407678672814","0","0","1.28180420398712","2.13952994346619","-0.424245923757553",1.282,2.14,-0.424
"660","PH036912000","melor2015","315.55","16.9306999144234","155.419935260399","0","0","0","0","0","0","0","0","0","0","0.57","20.77","1.84","4.09","0.35","0","0","83.7367303609342","6.09341825902335","0","1.50743099787686","8.23779193205945","0.106157112526539","0.0212314225053078","0.0636942675159235","0.0212314225053078","NA","36912000","Ramos","Central Luzon","Luzon","0","0","0","0","0","0","0","0","0.260603934526443","0.124675326049328","0.455006241798401",0.261,0.12,0.455
"661","PH050515000","melor2015","109.93125","40.8419975315516","50.5719553178322","5.29","1.3","1.3","5.29","0","0","5.29","1.3","0","0","10.54","126.24","30.44","50.74","6.77","1","5335","32.3597025016903","5.17917511832319","0.0676132521974307","16.8086544962813","44.841108857336","0.405679513184584","0.0405679513184584","0.121703853955375","0.148749154834348","NA","50515000","Rapu-Rapu","Bicol Region","Luzon","53.0945967910171","216.054166941908","0","53.0945967910171","216.054166941908","0","0","0","2.91006326675415","3.0311131477356","1.16430473327637",2.910,3.03,1.164
"662","PH045638000","melor2015","189.16","22.6851689639117","119.197044052151","3.81","4.5","4.5","3.81","0.95","0","2.86","4.5","0","0","12.43","316.8","34.72","62.13","7.59","1","35282","55.7510999371465","22.7906976744186","0.301697045883092","2.60213702074167","17.0584538026398","0.515399120050283","0.0628535512256442","0.21370207416719","0.502828409805154","NA","45638000","Real","CALABARZON","Luzon","102.083260337603","64.8795832367875","0","102.083260337603","86.4304937525036","0","0","21.5509105157161","1.11286962032318","0.473990619182587","1.32508540153503",1.113,0.47,1.325
"663","PH034923000","melor2015","470.866666666667","16.009754775509","175.048902175138","0.01","0","0","0.01","0.01","0","0","0","0","0","1.96","106.24","15.84","10.71","3.26","0","0","76.4151582943529","9.28750593180123","0.128804826791404","1.34228187919463","12.0059656972409","0.162700833841773","0.0271168056402955","0.061012812690665","0.135584028201478","NA","34923000","Rizal","Central Luzon","Luzon","0","0","0","0","0.16009754775509","0","0","0.16009754775509","0.102583885192871","0.161283686757088","-0.0670856758952141",0.103,0.16,-0.067
"664","PH043423000","melor2015","205.5375","26.9133262291315","83.6778963322096","0","0","0","0","0","0","0","0","0","0","9.71","475.76","42.14","46.13","9.13","1","486","83.5754740211771","11.2287613888205","0.418616104407781","0.0984979069194779","1.50209308052204","0","0.46786505786752","1.28047278995321","0.270869244028564","NA","43423000","Rizal","CALABARZON","Luzon","0","0","0","0","0","0","0","0","1.261873960495","0.853090763092041","1.15549957752228",1.262,0.85,1.155
"665","PH175108000","melor2015","126.971428571429","35.0766556662208","57.069343931006","0.37","0","0","0.37","0.37","0","0","0","0","0","5.6","131.35","34.67","28.28","7.15","1","14025","48.9793496320911","23.4749584619036","0.0237360550676477","1.05625445051033","25.7180156657963","0.0118680275338238","0.0118680275338238","0.0356040826014716","0","NA","175108000","Rizal","MIMAROPA Region","Luzon","0","0","0","0","12.9783625965017","0","0","12.9783625965017","1.51721823215485","2.6934084892273","1.02507817745209",1.517,2.69,1.025
"666","PH045808000","melor2015","254.5","25.5569698241161","102.35786469492","0.61","0.01","0.01","0.61","0.6","0.01","0","0","0","0.01","14.97","407.71","44.07","75.53","9.35","0","0","89.1224964036738","7.46560436723101","0.233607514784897","0.254509239791966","2.04345099774999","0.179508932413657","0.0356558838355894","0.119262783863868","0.188115525063627","NA","45808000","Rodriguez","CALABARZON","Luzon","0.255569698241161","0","0","0","15.5897515927108","0.255569698241161","0.255569698241161","15.3341818944697","0.273267060518265","0.28874197602272","-0.459939926862717",0.273,0.29,-0.460
"667","PH175910000","melor2015","488.76","43.1626932542712","38.966402094454","6.03","0.38","0.38","6.03","0.05","0.11","5.87","0.38","0","0","13.35","141.16","27.71","65.04","6.55","1","8701","57.0145903479237","13.4455667789001","0.168350168350168","4.50056116722783","24.2199775533109","0.224466891133558","0.0561167227833894","0.0673400673400673","0.0336700336700336","1.88552188552189","175910000","Romblon","MIMAROPA Region","Luzon","16.4018234366231","253.365009402572","0","16.4018234366231","260.271040323255","0","4.74789625796983","2.15813466271356","3.31052327156067","4.47224903106689","0.542002379894257",3.311,4.47,0.542
"668","PH015531000","melor2015","284.133333333333","15.6383750184728","171.533363044426","0","0","0","0","0","0","0","0","0","0","1.09","38.6","7.82","6.82","1.67","0","0","82.9237730595197","13.4632788026453","0.160111381830839","0.264531848242256","2.42951618517229","0","0.0069613644274277","0.0139227288548555","0.0208840932822833","NA","15531000","Rosales","Ilocos Region","Luzon","0","0","0","0","0","0","0","0","0.120883904397488","0.0966781601309776","0.20029953122139",0.121,0.10,0.200
"669","PH013313000","melor2015","203.175","12.8385851021212","211.286085773433","0.1","0","0","0.1","0","0","0.1","0","0","0","5.8","144.08","23.07","29.77","5.17","1","4282","82.7212923640603","14.4391706220335","0.391373136814056","0.141560496294446","1.21575485052877","0.0083270880173203","0.024981264051961","0.049962528103922","0.0915979681905237","NA","13313000","Rosario","Ilocos Region","Luzon","0","1.28385851021212","0","0","1.28385851021212","0","0","0","0.112234242260456","0.0839478373527527","0.243142887949944",0.112,0.08,0.243
"670","PH041021000","melor2015","304.8875","39.3914015727252","44.7504458342327","0","0","0","0","0","0","0","0","0","0","2.45","135.11","14.88","14.02","3.11","0","0","81.0134380655346","15.4518501405414","0.246428708944592","0.207924223172","2.19475568903777","0.0231026914635555","0.0077008971545185","0.134765700204074","0.0962612144314812","NA","41021000","Rosario","CALABARZON","Luzon","0","0","0","0","0","0","0","0","0.619190692901611","0.518454313278198","-0.625173389911652",0.619,0.52,-0.625
"671","PH042117000","melor2015","216.1","33.9113436720057","63.6192873478392","3.03","6.99","6.99","3.03","0","0","3.03","6.95","0.05","0","0.72","8.68","2.66","5.08","0.53","1","8","88.5518380241241","9.16858127512924","0.244112578977599","0.118466398621482","1.20620333141872","0.100516944284894","0.0502584721424468","0.118466398621482","0.34821941412981","NA","42117000","Rosario","CALABARZON","Luzon","237.04029226732","102.751371326177","1.69556718360029","235.68383852044","102.751371326177","0","0","0","0.327335596084595","0.282639622688293","0.361479938030243",0.327,0.28,0.361
"672","PH084816000","melor2015","263.5","56.9588163019432","18.2193517288862","6.69","0.84","0.84","6.69","0","0","6.69","0.84","0","0","4.22","57.66","18.54","23.01","4.08","1","13716","30.765456329735","14.5731108930324","0.0490677134445534","2.69872423945044","51.0794896957802","0.14720314033366","0.0490677134445534","0.0981354268891069","0.14720314033366","43.9156035328754","84816000","Rosario","Eastern Visayas","Visayas","47.8454056936323","381.05448106","0","47.8454056936323","381.05448106","0","0","0","42.7584800720215","39.9245910644531","39.8338317871094",42.758,39.92,39.834
"673","PH175212000","melor2015","185.7","41.7577911463646","45.71364428959","1.22","4.11","4.11","1.22","0.16","0","1.07","4.05","0.06","0","5.04","94.74","34.72","26.75","7.16","1","10101","60.2769177846577","16.0302717578259","0.361197110423117","1.39318885448916","20.983832129343","0.171998624011008","0.0171998624011007","0.128998968008256","0.0945992432060543","NA","175212000","Roxas","MIMAROPA Region","Luzon","171.624521611559","44.6808365266101","2.50546746878188","169.119054142777","50.9445051985648","0","0","6.68124658341834","2.45172643661499","3.03698253631592","0.374847233295441",2.452,3.04,0.375
"674","PH061914000","melor2015","61.65","15.9952303161867","144.242277014557","0","0","0","0","0","0","0","0","0","0","3.43","21.18","23.49","18.74","4.84","1","32958","56.1663672199726","33.5362419886836","0.871523960204875","0.630178863532756","7.35566222412915","0.19039446515245","0.0214528974819661","0.101901263039339","0.230618647931136","NA","61914000","","Western Visayas","Visayas","0","0","0","0","0","0","0","0","0.555888473987579","0.910825312137604","1.93199396133423",0.556,0.91,1.932
"675","PH144407000","melor2015","271.17","4.87537243244982","298.071488449882","10.02","0","0","10","10.02","0","0","0","0","0","23.17","1587.75","49.43","118.85","9.92","0","0","75.1693002257336","23.882618510158","0.0451467268623024","0.0451467268623024","0.0902934537246049","0","0","0.0451467268623024","0","NA","144407000","Sabangan","Cordillera Administrative Region","Luzon","0","0","0","0","48.7537243244982","0","0","48.8512317731472","0.0709114298224449","0.0539919249713421","-0.0438897088170052",0.071,0.05,-0.044
"676","PH141112000","melor2015","190.2125","11.3829519578836","239.507198844478","0.12","0","0","0.12","0.12","0","0","0","0","0","19.8","702.93","41.56","99.5","8.81","0","0","91.6506348595614","5.69449788380146","0.192381685263563","0","0.192381685263563","0","0","0.0384763370527125","0.0384763370527125","NA","141112000","Sablan","Cordillera Administrative Region","Luzon","0","0","0","0","1.36595423494603","0","0","1.36595423494603","0.0745127871632576","0.0292790327221155","0.101861454546452",0.075,0.03,0.102
"677","PH175109000","melor2015","198.798333333333","54.593595204536","21.2855425386015","3.67","10.66","10.6","3.67","2.59","0.01","1.08","10.6","0.01","0.04","17.81","682.92","60.01","90.15","11.82","1","55435","51.6483516483517","17.9938288312673","0.0649596708710009","1.34249986466735","28.3819628647215","0.0378931413414172","0.0054133059059167","0.0324798354355004","0.0108266118118334","NA","175109000","Sablayan","MIMAROPA Region","Luzon","578.692109168082","58.9610828208989","0.54593595204536","578.692109168082","200.358494400647","2.18374380818144","0.54593595204536","141.397411579748","5.97219324111938","6.18078994750977","13.4779615402222",5.972,6.18,13.478
"678","PH051731000","melor2015","170.11","28.1382463428036","80.180507869092","2.91","0.53","0.53","2.91","0","0","2.91","0.42","0","0.11","8.86","162.96","39.53","45.14","8.3","1","24802","42.306031380452","15.7621995105801","0.302288757737153","2.86454584712826","35.0511011947603","1.29552324744494","0.0575788109975529","0.690945731970635","0.374262271484094","NA","51731000","Sag�ay","Bicol Region","Luzon","14.9132705616859","81.8822968575585","0","11.8180634639775","81.8822968575585","3.0952070977084","0","0","4.15032339096069","4.11934852600098","3.57004189491272",4.150,4.12,3.570
"679","PH025705000","melor2015","583.75","6.687515457668","284.503524248443","0.35","0","0","0.35","0","0","0.35","0","0","0","1.21","102.22","3.98","7.36","0.84","0","0","78.3865292787132","15.2048253329982","0.226187484292536","0.578034682080925","5.32797185222418","0.0502638853983412","0","0.0251319426991706","0","NA","25705000","Saguday","Cagayan Valley","Luzon","0","2.3406304101838","0","0","2.3406304101838","0","0","0","0.102127365767956","0.0795890018343925","4.37102270126343",0.102,0.08,4.371
"680","PH086412000","melor2015","18.31","9.41573518750984","249.044463745537","4.28","1.71","1.71","4.28","1.35","0.07","2.85","1.71","0","0","10.59","157.01","36.41","52.98","7.8","1","12107","59.2812341074758","21.0883200542465","0.0508560773012374","1.98338701474826","17.12154602475","0.0508560773012374","0","0.0847601288353958","0.0169520257670791","NA","86412000","Saint Bernard","Eastern Visayas","Visayas","16.1009071706418","26.834845284403","0","16.1009071706418","40.2993466025421","0","0.659101463125689","12.7112425031383","0.194191336631775","0.124308630824089","-0.0691161900758743",0.194,0.12,-0.069
"681","PH082619000","melor2015","47.6928571428572","16.3862445248324","146.541562734947","0.05","0.52","0.52","0.05","0","0","0.05","0.52","0","0","3.22","33.79","18.13","16.82","3.81","1","91555","39.9346279561623","53.2205345125937","1.46125745049029","0.519130936358393","3.26860219188618","0.61526629494328","0.0192270717169775","0.211497788886752","0.46144972120746","NA","82619000","Salcedo","Eastern Visayas","Visayas","8.52084715291285","0.81931222624162","0","8.52084715291285","0.81931222624162","0","0","0","0.948286056518555","0.499540090560913","-0.650512397289276",0.948,0.50,-0.651
"682","PH030812000","melor2015","160.225","30.0637758283363","55.6489709939499","0.7","38.25","38.2","0.7","0","0","0.7","38.19","0.03","0.03","4.82","177.65","33.64","25.52","6.58","1","8958","86.6929651545036","8.83629191321499","0.0920447074293228","0.368178829717291","3.66863905325444","0.0131492439184746","0","0.039447731755424","0.0262984878369493","NA","30812000","Samal","Central Luzon","Luzon","1148.43623664245","21.0446430798354","0.901913274850089","1148.13559888416","21.0446430798354","0.901913274850089","0","0","0.779314815998077","1.53904795646667","0.591894388198853",0.779,1.54,0.592
"683","PH045639000","melor2015","185.4875","22.6691984047303","105.871848206285","0.21","0.11","0.11","0.21","0.21","0","0","0","0","0.11","8.24","297.36","29.51","40.6","6.49","0","0","76.8072289156626","15.8299866131191","0.0669344042838018","1.40562248995984","5.72289156626506","0.0669344042838018","0","0.0334672021419009","0","NA","45639000","Sampaloc","CALABARZON","Luzon","2.49361182452033","0","0","0","4.76053166499336","2.49361182452033","0","4.76053166499336","0.396257221698761","0.432369321584702","0.742954432964325",0.396,0.43,0.743
"684","PH133906000","melor2015","223.6375","28.186687097372","87.3201871591145","3.95","3.15","3.15","3.95","0","0","3.95","2.18","0.97","0","0.94","8.44","3.73","7.07","0.62","0","0","100","0","0","0","0","0","0","0","0","NA","133906000","","National Capital Region","Luzon","88.7880643567218","111.337414034619","27.3410864844508","61.446977872271","111.337414034619","0","0","0","13.5860605239868","15.0321779251099","15.3981761932373",13.586,15.03,15.398
"685","PH023127000","melor2015","611.414285714286","5.95929565027388","283.885902501744","0.1","0","0","0.1","0","0","0.1","0","0","0","4.16","166.15","20.54","21.84","4.53","0","0","83.4480193416403","14.4876325088339","0.0929886553840431","0.0743909243072345","1.71099125906639","0.0185977310768086","0","0.0557931932304258","0.0185977310768086","NA","23127000","San Agustin","Cagayan Valley","Luzon","0","0.595929565027388","0","0","0.595929565027388","0","0","0","0.0931601598858833","0.0934472903609276","1.76152312755585",0.093,0.09,1.762
"686","PH175911000","melor2015","333.416666666667","42.8681180782142","40.3298194560896","5.98","4.64","4.64","5.98","0.45","0.07","5.46","4.64","0","0","15.11","234.84","40.67","75.05","8.59","1","41231","56.2951692658806","10.6694560669456","0.171167744389502","3.87980220616204","27.8052491441613","0.342335488779003","0.0380372765310003","0.0950931913275009","0.570559147965006","0.589577786230506","175911000","San Agustin","MIMAROPA Region","Luzon","198.908067882914","234.05992470705","0","198.908067882914","256.351346107721","0","3.00076826547499","19.2906531351964","3.99714064598083","3.82262229919434","19.7816009521484",3.997,3.82,19.782
"687","PH045640000","melor2015","355.421428571429","48.3575997754155","36.5107320027762","7.06","0.53","0.53","7.06","0.21","0","6.85","0.48","0","0.05","7.27","152.26","26.11","36.81","5.63","1","43019","32.6969802152031","18.0261483281268","0.0578502834663889","2.68425315284045","46.2570866597246","0.0231401133865555","0","0.0231401133865555","0.0115700566932777","0","45640000","San Andres","CALABARZON","Luzon","25.6295278809702","331.249558461596","0","23.2116478921994","341.404654414433","2.41787998877078","0","10.1550959528373","3.14597582817078","4.35733842849731","4.87212228775024",3.146,4.36,4.872
"688","PH052008000","melor2015","124","24.4625780711288","95.2841506677131","3.9","11.17","11.1","3.9","1.57","0","2.32","11.17","0","0","14.13","230.45","42.22","71.55","9.07","1","55546","57.1148312843317","15.7598744441538","0.0784724038713052","4.19827360711483","22.0376667538582","0.209259743656814","0","0.117708605806958","0.0261574679571017","NA","52008000","San Andres","Bicol Region","Luzon","271.53461658953","56.7531811250188","0","273.246997054509","95.4040544774023","0","0","38.4062475716722","1.56938016414642","1.549675822258","0.590281963348389",1.569,1.55,0.590
"689","PH175912000","melor2015","297.925","42.715045344137","40.5895079182089","3.18","6.35","6.35","3.18","0","0","3.18","6.35","0","0","11.13","167.6","30.6","54.78","6.86","1","23759","57.9288939051919","11.7381489841986","0.112866817155756","2.25733634311512","27.765237020316","0","0","0","0","0.028216704288939","175912000","San Andres","MIMAROPA Region","Luzon","271.24053793527","135.833844194356","0","271.24053793527","135.833844194356","0","0","0","1.96440649032593","2.6171247959137","0.184281826019287",1.964,2.62,0.184
"690","PH034924000","melor2015","315.733333333334","20.6910952792469","122.758545719899","0","0","0","0","0","0","0","0","0","0","0.53","15.53","2.1","3.94","0.38","0","0","85.2058097479763","10.2359492508181","0.338710603364143","0.275561168838624","2.81876112291176","0.040186003788966","0.034445146104828","0.241116022733796","0.298524599575177","NA","34924000","San Antonio","Central Luzon","Luzon","0","0","0","0","0","0","0","0","0.34933003783226","0.617257833480835","-0.617859363555908",0.349,0.62,-0.618
"691","PH037109000","melor2015","209.933333333333","28.5277292616901","54.3607515778154","2.03","4.52","4.52","2.03","0.08","0","1.95","4.44","0.06","0.02","15.05","213.04","59.87","74.86","12.11","1","62947","83.3294447036864","8.9477368175455","0.244983667755483","0.711619225384974","6.0079328044797","0.0349976668222118","0","0.0933271115258982","0.244983667755483","NA","37109000","San Antonio","Central Luzon","Luzon","128.945336262839","55.6290720602957","1.71166375570141","126.663117921904","57.9112904012309","0.570554585233802","0","2.28221834093521","0.66958224773407","1.19467425346375","1.15855991840363",0.670,1.19,1.159
"692","PH045641000","melor2015","255.575","32.9355948422853","59.311571530625","0","0.03","0.03","0","0","0","0","0","0","0.03","3.32","111.24","24.06","17.72","5","0","0","79.2455418381344","16.241426611797","0.56241426611797","0.425240054869684","3.15500685871056","0","0","0.0411522633744856","0.027434842249657","NA","45641000","San Antonio","CALABARZON","Luzon","0.988067845268559","0","0","0","0","0.988067845268559","0","0","0.500503778457642","0.611011564731598","-0.410824626684189",0.501,0.61,-0.411
"693","PH084817000","melor2015","248","42.246979486154","41.4770021253521","0.74","0","0","0.74","0","0","0.74","0","0","0","3.02","30.61","12.86","16","2.98","1","26565","48.5851575013347","11.3187399893219","0.0533902829684997","6.35344367325147","33.2621462893753","0.427122263747998","0","0","0","6.78056593699947","84817000","San Antonio","Eastern Visayas","Visayas","0","31.262764819754","0","0","31.262764819754","0","0","0","5.3109245300293","4.0031590461731","6.07708072662354",5.311,4.00,6.077
"694","PH166718000","melor2015","151.55","7.64981090367827","275.368724462309","2.29","0.92","0.92","2.29","0","0","2.29","0.92","0","0","6.1","44.43","30.93","36.12","5.75","1","20993","27.8716216216216","32.179054054054","0","1.43581081081081","38.3445945945946","0.0844594594594594","0","0","0","NA","166718000","San Benito","Caraga","Mindanao","7.03782603138401","17.5180669694232","0","7.03782603138401","17.5180669694232","0","0","0","0.0649885088205338","0.129952982068062","0.929772317409515",0.065,0.13,0.930
"695","PH015532000","melor2015","224.8625","15.2889148970012","171.520022633582","0","0","0","0","0","0","0","0","0","0","0.88","10.5","2.63","6.1","0.53","0","0","76.7905645141557","12.2176817481097","0.464922798345854","0.704725083808452","8.25360315168718","0.117454180634742","0.0440453177380282","0.124795066924413","0.464922798345854","NA","15532000","","Ilocos Region","Luzon","0","0","0","0","0","0","0","0","0.154387444257736","0.168138787150383","1.19128131866455",0.154,0.17,1.191
"696","PH036913000","melor2015","245.5","17.4314832673134","143.451542018045","0","0","0","0","0","0","0","0","0","0","8.15","291.45","41.1","39.86","8.84","0","0","75.4060324825986","19.6221411998674","0","0.0994365263506794","4.07689758037786","0","0","0","0.0331455087835598","NA","36913000","San Clemente","Central Luzon","Luzon","0","0","0","0","0","0","0","0","0.162886336445808","0.16392382979393","0.153162926435471",0.163,0.16,0.153
"697","PH063038000","melor2015","46.5125","14.1332729293335","161.692031616683","0.09","0","0","0.09","0.06","0.03","0","0","0","0","7.3","87.57","33.64","36.62","7.19","1","24663","39.2478518022542","49.1686195737083","4.4414685860953","0.278986720232117","4.63117955585314","0.323624595469256","0.0223189376185693","0.535654502845665","0.624930253319942","NA","63038000","San Dionisio","Western Visayas","Visayas","0","0","0","0","1.27199456364001","0","0.423998187880005","0.84799637576001","0.242443352937698","0.284071981906891","-0.380324244499207",0.242,0.28,-0.380
"698","PH063039000","melor2015","51.25","11.8307525107282","193.796803995364","0.35","0","0","0.35","0.35","0","0","0","0","0","5.86","108.42","29.75","29.58","6.51","0","0","46.5607771068522","43.8829088999737","0.315043318456288","0.328170123391966","7.87608296140719","0.0262536098713573","0.0262536098713573","0.0525072197427146","0.157521659228144","NA","63039000","San Enrique","Western Visayas","Visayas","0","0","0","0","4.14076337875487","0","0","4.14076337875487","0.325704276561737","0.354247808456421","1.48958015441895",0.326,0.35,1.490
"699","PH015533000","melor2015","200.28","13.4873274251972","200.267667428174","0.96","29.8","29.8","0.96","0","0","0.96","29.61","0.19","0","2.99","37.07","15.33","16.36","3.33","1","12672","73.3452688115423","18.7509873097783","0.847769996314044","0.631878258122268","4.76541519667211","0.205360433889737","0.0368595650571323","0.0579221736612079","0.205360433889737","NA","15533000","San Fabian","Ilocos Region","Luzon","401.922357270877","12.9478343281893","2.56259221078747","399.359765060089","12.9478343281893","0","0","0","0.164339020848274","0.120232194662094","0.891166090965271",0.164,0.12,0.891
"700","PH037110000","melor2015","218.566666666667","23.898273762406","82.0999861020836","2.14","25.94","25.9","2.14","0.15","0","1.99","23.74","2.2","0","9.43","127.25","42.62","45.83","9.14","1","10820","79.4449418084154","6.51745747538048","0.125335720680394","1.71888988361683","11.6562220232766","0.0537153088630259","0","0.0358102059086839","0.161145926589078","NA","37110000","San Felipe","Central Luzon","Luzon","618.965290446315","47.5575647871879","52.5762022772932","567.345019119518","51.1423058515488","0","0","3.5847410643609","1.01146006584167","0.713780164718628","0.878404498100281",1.011,0.71,0.878
"701","PH051732000","melor2015","283.2375","31.4524263325307","69.9375120778505","1.1","0.06","0.06","1.1","0","0","1.1","0.06","0","0","5.73","86.52","27.9","29.26","6.01","1","9490","51.9683947879124","12.1291932353757","0.249514832270585","6.37649015802606","28.6248960354866","0.166343221513723","0.0138619351261436","0.0554477405045744","0.0554477405045744","NA","51732000","San Fernando","Bicol Region","Luzon","1.88714557995184","34.5976689657838","0","1.88714557995184","34.5976689657838","0","0","0","3.0674319267273","2.45851731300354","1.88720738887787",3.067,2.46,1.887
"702","PH054118000","melor2015","240.45","45.0398529223007","34.9148970422907","1.64","15.7","15.7","1.64","0.07","0","1.57","15.7","0","0","7.52","77.16","27.72","38.87","6.02","1","25280","26.4776727811747","6.5591995553085","0.0185288123031313","6.00333518621456","60.515100982027","0.0741152492125254","0.12970168612192","0.148230498425051","0.0185288123031313","1.66759310728182","54118000","San Fernando","Bicol Region","Luzon","707.125690880121","70.7125690880121","0","707.125690880121","73.8653587925731","0","0","3.15278970456105","4.15828514099121","4.83339691162109","1.65574300289154",4.158,4.83,1.656
"703","PH072241000","melor2015","10.2","6.8261237579365","284.264514020659","4.13","0.17","0.17","4.13","0.75","0","3.38","0.14","0","0.03","9.48","162.17","32.65","50.58","6.85","1","15466","60.4021655065739","31.1607958939745","0.21092596498629","0.344512409477607","7.10117415453842","0.0281234619981719","0","0.0421851929972579","0.0632777894958869","NA","72241000","San Fernando","Central Visayas","Visayas","1.1604410388492","23.0722983018254","0","0.95565732611111","28.1918911202777","0.204783712738095","0","5.11959281845238","0.028599014505744","0.0884830877184868","-0.125366136431694",0.029,0.09,-0.125
"704","PH175913000","melor2015","329.957142857143","35.3162082798197","53.1359049389666","3.54","2.11","2.11","3.54","1.58","0","1.96","2.11","0","0","20.59","500.58","64.04","103.99","11.89","1","45377","42.5672961028526","18.6621132985135","0","3.83688228204098","33.8288469264765","0.140618722378465","0.180795500200884","0.542386500602652","0.0803535556448372","0","175913000","San Fernando","MIMAROPA Region","Luzon","74.5171994704196","69.2197682284466","0","74.5171994704196","125.019377310562","0","0","55.7996090821151","2.27120232582092","2.17933940887451","0.177572712302208",2.271,2.18,0.178
"705","PH045642000","melor2015","327.05","49.4201950609303","35.556104798048","2.82","3.91","3.91","2.82","0.19","0","2.63","3.91","0","0","6.9","128","21.8","34.25","4.85","1","61378","30.0771393554899","22.9543652224065","0.309999279071444","1.77348424771105","43.6882704923942","0.598370701463485","0.007209285559801","0.0793021411578112","0.410929276908658","NA","45642000","San Francisco","CALABARZON","Luzon","193.232962688237","129.975113010247","0","193.232962688237","139.364950071823","0","0","9.38983706157676","3.37812948226929","4.68530225753784","5.77767086029053",3.378,4.69,5.778
"706","PH072242000","melor2015","8.51999999999999","10.3716073559133","228.668099372763","0","0","0","0","0","0","0","0","0","0","2.98","47.11","13.61","14.8","3.05","1","4450","46.5525712414019","30.7238781526368","0.302980674746151","0.687848018342614","19.9803471994759","0.327546675401245","0.0409433344251555","0.425810678021618","0.286603340976089","NA","72242000","San Francisco","Central Visayas","Visayas","0","0","0","0","0","0","0","0","0.393504828214645","0.472113311290741","-0.889110267162323",0.394,0.47,-0.889
"707","PH086413000","melor2015","17.0833333333333","8.19472655704319","275.355840398586","5.18","3.88","3.88","5.18","0","0","5.18","3.88","0","0","13.86","200.51","38.76","69.07","8.17","1","18646","61.5202702702703","27.2972972972973","0.27027027027027","0.878378378378378","9.93243243243243","0","0.0337837837837837","0.0337837837837837","0","NA","86413000","San Francisco","Eastern Visayas","Visayas","31.7955390413276","42.4486835654837","0","31.7955390413276","42.4486835654837","0","0","0","0.0935382172465324","0.152923092246056","0.265949815511703",0.094,0.15,0.266
"708","PH013315000","melor2015","163.9","10.3673768665896","260.954553420657","1.34","0.18","0.18","1.34","1.29","0.06","0","0","0","0.18","15.18","500.58","42.58","74.84","8.78","0","0","72.066030435904","25.277276244519","0.490069641475368","0.0515862780500386","1.21227753417591","0","0","0.0515862780500386","0.180551973175135","NA","13315000","San Gabriel","Ilocos Region","Luzon","1.86612783598613","0","0","0","13.8922850012301","1.86612783598613","0.622042611995376","13.3739161579006","0.0839964225888252","0.0839396268129349","-0.7332404255867",0.084,0.08,-0.733
"709","PH031419000","melor2015","273.066666666667","23.0538862058393","109.915399459116","0","0","0","0","0","0","0","0","0","0","1.77","45.45","7.2","9.94","1.5","0","0","86.4282132709343","9.63145579140899","0.221460805615912","0.259067357512953","2.77034932308207","0.0208925288316897","0.0125355172990138","0.188032759485208","0.104462644158449","NA","31419000","San Ildefonso","Central Luzon","Luzon","0","0","0","0","0","0","0","0","0.468498587608337","0.299335092306137","0.19383493065834",0.468,0.30,0.194
"710","PH034925000","melor2015","321.225","20.2989719483081","128.427872215354","0","0","0","0","0","0","0","0","0","0","0.53","16.84","2.3","3.91","0.43","0","0","86.5010608203677","9.33521923620934","0.592291371994342","0.282885431400283","2.11280056577086","0.0176803394625176","0.0442008486562942","0.132602545968883","0.406647807637907","NA","34925000","San Isidro","Central Luzon","Luzon","0","0","0","0","0","0","0","0","0.485738456249237","0.370005935430527","0.668036758899689",0.486,0.37,0.668
"711","PH083742000","melor2015","65.9142857142858","16.1449795676655","140.502365189835","0","0","0","0","0","0","0","0","0","0","6.21","73.45","16.73","31.31","3.92","1","43183","30.1106729423737","58.3386337616079","2.31522707034728","0.165373362167663","7.08561251749141","0.38163083577153","0.063605139295255","0.228978501462918","0.699656532247806","NA","83742000","San Isidro","Eastern Visayas","Visayas","0","0","0","0","0","0","0","0","1.33498764038086","0.771413922309875","0.769130706787109",1.335,0.77,0.769
"712","PH084818000","melor2015","249.741666666667","43.7822540944134","40.1903210883073","1.11","0.74","0.74","1.11","0.07","0","1.04","0.74","0","0","8.28","240.75","22.63","42.29","5.25","1","26875","49.9909828674482","11.90261496844","0.018034265103697","6.76284941388638","30.8385933273219","0.270513976555455","0.018034265103697","0.054102795311091","0.054102795311091","3.19206492335437","84818000","San Isidro","Eastern Visayas","Visayas","32.3988680298659","45.5335442581899","0","32.3988680298659","48.5983020447989","0","0","3.06475778660894","6.95159292221069","4.26197624206543","3.61119937896729",6.952,4.26,3.611
"713","PH166720000","melor2015","113.4","7.41050156974792","280.520659803955","2.01","0.43","0.43","2.01","0","0","2.01","0.29","0","0.14","4.3","35.71","24.04","23.62","4.93","1","7799","37.420584498094","22.9351969504447","0","1.33418043202033","37.7382465057179","0.127064803049555","0","0.25412960609911","0","NA","166720000","San Isidro","Caraga","Mindanao","3.18651567499161","14.8951081551933","0","2.1490454552269","14.8951081551933","1.03747021976471","0","0","0.0747974812984467","0.177315756678581","0.207984820008278",0.075,0.18,0.208
"714","PH015534000","melor2015","205.725","13.827963742438","194.761932638166","0","0","0","0","0","0","0","0","0","0","1.54","25.85","7.7","9.02","1.63","0","0","78.5595012801959","14.2602693977513","0.111321384838027","1.11321384838027","4.49738394745631","0.0445285539352109","0.0222642769676054","0.0111321384838027","0.0779249693866191","NA","15534000","San Jacinto","Ilocos Region","Luzon","0","0","0","0","0","0","0","0","0.124716624617577","0.0753147378563881","1.01485133171082",0.125,0.08,1.015
"715","PH054119000","melor2015","219.5875","51.9584551391952","23.8818433552671","0.22","0.05","0.05","0.22","0","0","0.22","0","0.05","0","7.4","108.05","24.83","39.08","5.3","1","33231","30.056657223796","4.63172804532578","0","8.24362606232295","56.8696883852691","0.0849858356940509","0.0424929178470254","0.0141643059490084","0.0141643059490084","2.28045325779037","54119000","San Jacinto","Bicol Region","Luzon","2.59792275695976","11.4308601306229","2.59792275695976","0","11.4308601306229","0","0","0","26.7243194580078","11.7626600265503","2.09084153175354",26.724,11.76,2.091
"716","PH063040000","melor2015","40.95","9.17268181120092","250.871928535766","0.42","0","0","0.42","0.42","0","0","0","0","0","11","208.94","30.25","53.97","6.66","1","27513","38.1713151006408","47.1612961458615","0.0812347684809098","0.658904233234046","12.8892499323044","0.0270782561603032","0","0.0270782561603032","0.0451304269338387","NA","63040000","San Joaquin","Western Visayas","Visayas","0","0","0","0","3.85252636070439","0","0","3.85252636070439","0.0639506578445435","0.213911652565002","-0.423882156610489",0.064,0.21,-0.424
"717","PH086025000","melor2015","155.108333333333","33.4859985237492","63.8573298469915","0.27","0","0","0.27","0.27","0","0","0","0","0","7.55","147.23","27.87","41.43","5.87","0","0","25.6521739130435","29.2463768115942","0.0289855072463768","1.21739130434783","43.1014492753623","0.0579710144927536","0.0289855072463768","0.144927536231884","0.202898550724638","0.173913043478261","86025000","San Jorge","Eastern Visayas","Visayas","0","0","0","0","9.04121960141229","0","0","9.04121960141229","3.01050543785095","2.04070568084717","0.839462399482727",3.011,2.04,0.839
"718","PH036918000","melor2015","252.546153846154","20.1371513448457","115.437869329741","0.01","0","0","0.01","0.01","0","0","0","0","0","12.59","473.62","42.29","62.24","9.03","0","0","64.0062223285868","23.4174943161422","0.107694148617925","0.526504726576523","11.3437836544214","0.0239320330262055","0","0.0119660165131027","0.0717960990786167","NA","36918000","San Jose","Central Luzon","Luzon","0","0","0","0","0.201371513448457","0","0","0.201371513448457","0.545967280864716","0.508833467960358","-0.00248903385363519",0.546,0.51,-0.002
"719","PH041022000","melor2015","246.525","39.8143906751329","42.0924156186423","0","0","0","0","0","0","0","0","0","0","1.87","245.65","9.04","10.12","2.04","0","0","89.2666369908747","7.88448697974627","0.0278210549744046","0.306031604718451","2.11996438904963","0.0111284219897618","0.0111284219897618","0.0333852659692855","0.261517916759404","NA","41022000","San Jose","CALABARZON","Luzon","0","0","0","0","0","0","0","0","0.539057195186615","0.361694693565369","1.88634824752808",0.539,0.36,1.886
"720","PH051733000","melor2015","169.9","24.1685906314646","96.8094335752792","2.24","0.14","0.14","2.24","0","0","2.24","0.14","0","0","2.71","45.26","26.08","14.32","5.43","1","3404","58.3343026637199","4.66441782016983","0.116319646388275","6.3859485867163","29.7196696522043","0.337326974525997","0.0116319646388275","0.023263929277655","0.13958357566593","NA","51733000","San Jose","Bicol Region","Luzon","3.38360268840504","54.1376430144807","0","3.38360268840504","54.1376430144807","0","0","0","1.53099071979523","1.57142674922943","0.571491301059723",1.531,1.57,0.571
"721","PH060613000","melor2015","48.75","9.76535961881491","240.637348345942","0","0","0","0","0","0","0","0","0","0","1.52","13.89","10.36","8.86","2.12","1","17976","55.6568801897983","19.0465599051008","0.0963819691577698","2.40213523131673","21.6933570581257","0.0963819691577698","0.0222419928825622","0.059311981020166","0.185349940688019","NA","60613000","San Jose","Western Visayas","Visayas","0","0","0","0","0","0","0","0","0.102744027972221","0.16597107052803","-0.0151735637336969",0.103,0.17,-0.015
"722","PH084819000","melor2015","261.2125","55.805052003626","22.7774463805057","1.06","4.53","4.53","1.06","0","0","1.06","4.53","0","0","5.74","69.19","29.3","30.32","6.4","1","32407","29.9684542586751","22.6077812828601","0.0788643533123028","2.70767613038906","41.9821240799159","0.210304942166141","0.0262881177707676","1.97160883280757","0.315457413249211","99.3690851735016","84819000","San Jose","Eastern Visayas","Visayas","252.796885576426","59.1533551238436","0","252.796885576426","59.1533551238436","0","0","0","47.8673477172852","38.0461082458496","34.3292579650879",47.867,38.05,34.329
"723","PH168506000","melor2015","75.6","8.01242379277681","273.875961904507","0","0","0","0","0","0","0","0","0","0","11.34","129.7","26.58","55.67","6.23","1","21645","51.9690576652602","34.3706047819972","0.29887482419128","0.738396624472574","10.9353023909986","0.351617440225035","0.0351617440225035","0.281293952180028","0.263713080168776","NA","168506000","San Jose","Caraga","Mindanao","0","0","0","0","0","0","0","0","0.450290977954865","0.710329055786133","1.06405472755432",0.450,0.71,1.064
"724","PH175110000","melor2015","115.75","36.475186865941","54.2351089320916","0.13","0.01","0.01","0.13","0.13","0","0","0","0","0.01","7.88","217.27","38.11","38.66","8.12","1","38653","57.9500015262049","19.8803455327981","0.0976771160831476","0.695949452092427","20.5915570342786","0.0366289185311803","0.0122096395103934","0.0610481975519672","0.0579957876743689","0","175110000","San Jose","MIMAROPA Region","Luzon","0.36475186865941","0","0","0","4.74177429257233","0.36475186865941","0","4.74177429257233","1.2679785490036","2.19303965568542","-1.59049654006958",1.268,2.19,-1.590
"725","PH175914000","melor2015","174.15","23.7211634542537","97.4650746162038","0","0","0","0","0","0","0","0","0","0","5.21","74.23","15.17","26","3.38","1","29576","40.3178586365537","12.7979924717691","0","7.61187787536596","39.0213299874529","0.125470514429109","0","0","0.041823504809703","NA","175914000","San Jose","MIMAROPA Region","Luzon","0","0","0","0","0","0","0","0","1.55547285079956","1.74610316753387","1.6236799955368",1.555,1.75,1.624
"726","PH034926000","melor2015","409.96","15.8804922926787","174.796223409163","0","0","0","0","0","0","0","0","0","0","2.85","140.05","21.34","14.45","4.6","0","0","79.6244741400643","14.6189062113338","0.21343726800297","0.346448898787429","4.31205147240782","0.0309329373917347","0.0123731749566938","0.170131155654541","0.111358574610245","NA","34926000","","Central Luzon","Luzon","0","0","0","0","0","0","0","0","0.120601452887058","0.0740549489855766","0.432235866785049",0.121,0.07,0.432
"727","PH086014000","melor2015","166.438888888889","37.9332497856773","54.7822023859347","0.47","0","0","0.47","0.47","0","0","0","0","0","9.86","332.51","24.98","48.72","5.78","0","0","5.46116504854369","59.4660194174757","0","0.182038834951456","34.7694174757282","0","0","0","0","NA","86014000","San Jose De Buan","Eastern Visayas","Visayas","0","0","0","0","17.8286273992683","0","0","17.8286273992683","5.99366807937622","3.27641797065735","4.76550912857056",5.994,3.28,4.766
"728","PH013316000","melor2015","154.2875","10.3639685029892","260.4837072735","2.6","7.44","7.44","2.6","0.06","0","2.54","7.4","0","0.04","5.25","42.11","25.79","26.6","5.67","1","6422","79.7211061214843","17.2299692744032","0.189080595603876","0.189080595603876","1.86717088158828","0","0","0.0354526116757267","0.129992909477665","NA","13316000","San Juan","Ilocos Region","Luzon","77.1079256622397","26.3244799975926","0","76.6933669221201","26.9463181077719","0.414558740119568","0","0.621838110179352","0.0797555819153786","0.0819028839468956","-0.329575270414352",0.080,0.08,-0.330
"729","PH041023000","melor2015","318.016666666667","40.3301517338483","44.8645293032071","0.33","0.11","0.11","0.33","0","0","0.33","0.11","0","0","4.14","80.63","25.49","22.27","5.28","1","37721","72.1081263441994","23.1771602074811","0.28676253531818","0.396407034116308","3.39476236663434","0.0210854805381014","0.0168683844304811","0.0421709610762029","0.0463880571838232","NA","41023000","San Juan","CALABARZON","Luzon","4.43631669072331","13.3089500721699","0","4.43631669072331","13.3089500721699","0","0","0","1.06387734413147","0.978245377540588","1.72777819633484",1.064,0.98,1.728
"730","PH086414000","melor2015","20.8333333333333","9.17229095580362","253.526329179432","6.81","0.44","0.44","6.81","0.11","0","6.7","0.44","0","0","11.87","162.56","43.49","58.95","8.56","1","10552","57.5894198978058","22.0318605350165","0","1.14217012323415","18.7856928163511","0","0","0.0300571085061617","0","NA","86414000","San Juan","Eastern Visayas","Visayas","4.03580802055359","61.4543494038843","0","4.03580802055359","62.4633014090226","0","0","1.0089520051384","0.16607278585434","0.0688977763056755","0.062035970389843",0.166,0.07,0.062
"731","PH082620000","melor2015","127.083333333333","26.7901287580876","85.7319543607613","0","0","0","0","0","0","0","0","0","0","7.97","203.51","27.14","41.7","5.73","1","34647","42.7297056199822","41.3321439191198","1.78412132024978","0.743383883437407","12.1320249776985","0.297353553374963","0","0.178412132024978","0.624442462087422","NA","82620000","San Julian","Eastern Visayas","Visayas","0","0","0","0","0","0","0","0","4.18911361694336","2.79301834106445","4.40690040588379",4.189,2.79,4.407
"732","PH034927000","melor2015","376.425","19.7486358203771","133.123571571358","0","0","0","0","0","0","0","0","0","0","0.61","26.47","2.41","4.45","0.44","0","0","82.784206943499","12.2396187882914","0.340367597004765","0.401633764465623","2.70251872021784","0.0953029271613342","0.068073519400953","0.245064669843431","0.353982300884956","NA","34927000","San Leonardo","Central Luzon","Luzon","0","0","0","0","0","0","0","0","0.397103607654572","0.638417840003967","-1.22559630870819",0.397,0.64,-1.226
"733","PH067904000","melor2015","21.69","8.72458343660888","250.240686594526","0","0","0","0","0","0","0","0","0","0","3.55","66.26","13.23","18.93","2.92","1","23292","42.063094641963","44.0827908529461","0.0166917042230011","0.400600901352028","12.8526122517109","0.0333834084460023","0","0","0","NA","67904000","San Lorenzo","Western Visayas","Visayas","0","0","0","0","0","0","0","0","0.0861991122364998","0.133469447493553","-0.338053166866302",0.086,0.13,-0.338
"734","PH051604000","melor2015","325.11","20.0474069940949","121.502300910625","0","0","0","0","0","0","0","0","0","0","6.54","238.19","42","35.13","7.93","0","0","48.7951807228916","15.5041217501585","0","4.05833861762841","31.1984781230184","0.0634115409004438","0","0.253646163601775","0.0951173113506658","NA","51604000","San Lorenzo Ruiz","Bicol Region","Luzon","0","0","0","0","0","0","0","0","0.768606722354889","0.78206467628479","2.15668940544128",0.769,0.78,2.157
"735","PH035417000","melor2015","241","23.9860639629202","99.26177923304","0","0","0","0","0","0","0","0","0","0","0.55","9.49","2.08","4.22","0.34","0","0","88.6240220892775","9.84813621721123","0.0184077312471237","0.211688909341924","1.18729866543948","0","0.0092038656235618","0.0644270593649332","0","NA","35417000","San Luis","Central Luzon","Luzon","0","0","0","0","0","0","0","0","0.354031890630722","0.474652171134949","0.0484919175505638",0.354,0.47,0.048
"736","PH037708000","melor2015","547.829166666667","16.1889647218935","180.534221738876","2.56","0.17","0.17","2.56","1.19","0","1.36","0.17","0","0","21.16","646.8","58.92","107.85","11.72","1","57067","57.1594491455119","34.5445495271279","0.331840053094409","0.365024058403849","6.0892649742824","0.0995520159283225","0.0165920026547204","0.248880039820806","0.248880039820806","NA","37708000","San Luis","Central Luzon","Luzon","2.7521240027219","22.0169920217752","0","2.7521240027219","41.4437496880474","0","0","19.2648680190533","0.251793444156647","0.156207785010338","6.86858606338501",0.252,0.16,6.869
"737","PH041024000","melor2015","276.6","48.3856210237518","26.9689585337033","0","0","0","0","0","0","0","0","0","0","5.24","132.23","25.96","26.44","5.51","1","8790","82.8899972291493","11.9285120532003","0","0.249376558603491","4.2809642560266","0","0.0692712662787475","0.110834026045996","0.027708506511499","NA","41024000","San Luis","CALABARZON","Luzon","0","0","0","0","0","0","0","0","1.53582811355591","1.6682962179184","3.03245162963867",1.536,1.67,3.032
"738","PH015535000","melor2015","273.5375","13.7702655568263","198.585897214038","0.25","0","0","0.25","0.25","0","0","0","0","0","6.9","176.58","39.78","34.99","8.3","0","0","81.8103596627086","10.6263982102908","0.438822922044398","0.352779211839615","6.10049905351919","0.0344174840819136","0.043021855102392","0.0688349681638272","0.21510927551196","NA","15535000","San Manuel","Ilocos Region","Luzon","0","0","0","0","3.44256638920658","0","0","3.44256638920658","0.129222571849823","0.0924963280558586","-0.0829005092382431",0.129,0.09,-0.083
"739","PH036914000","melor2015","286.9","15.674479353653","170.288388500446","0","0","0","0","0","0","0","0","0","0","0.52","24.3","1.75","3.75","0.33","0","0","83.5783879539415","9.35341009743136","0.194862710363153","0.620017714791851","5.63330380868025","0.0885739592559787","0.0177147918511957","0.0177147918511957","0.0354295837023915","NA","36914000","San Manuel","Central Luzon","Luzon","0","0","0","0","0","0","0","0","0.14041069149971","0.11574500054121","1.11515188217163",0.140,0.12,1.115
"740","PH037111000","melor2015","198.215","26.0516488363588","71.0032827101632","1.11","0.03","0.03","1.11","1","0","0.1","0","0","0.03","12.42","384.18","53.25","63.45","10.41","1","25014","81.705948372615","7.10811821922933","0.211996508292805","0.910337947374984","8.9287941139793","0.112233445566779","0.137174211248285","0.0872926798852724","0.174585359770545","NA","37111000","San Marcelino","Central Luzon","Luzon","0.781549465090764","2.60516488363588","0","0","28.9173302083583","0.781549465090764","0","26.0516488363588","0.466630637645721","0.453237473964691","-0.185236141085625",0.467,0.45,-0.185
"741","PH045811000","melor2015","259.7875","26.1773293829602","99.7301718195105","0.18","0.04","0.04","0.18","0.18","0","0","0","0","0.04","8.77","197.35","33.69","44.6","7.36","0","0","88.0532008710833","9.98506200169177","0.255565754188939","0.107985529938988","0.840487374691791","0.0359951766463293","0.0557925238018105","0.17817612439933","0.228569371704192","NA","45811000","San Mateo","CALABARZON","Luzon","1.04709317531841","0","0","0","4.71191928893284","1.04709317531841","0","4.71191928893284","0.279916405677795","0.269640058279037","0.531912684440613",0.280,0.27,0.532
"742","PH031421000","melor2015","312.864285714286","21.8009314700803","118.250936277728","0","0","0","0","0","0","0","0","0","0","1.29","37.43","5.89","7.37","1.26","0","0","82.202259183492","10.8274778380622","0.720448278929111","0.385425005188413","3.70897447300543","0.0533665391799341","0.213466156719737","0.293515965489638","0.518841353138249","NA","31421000","San Miguel","Central Luzon","Luzon","0","0","0","0","0","0","0","0","0.545336902141571","0.670421659946442","-0.0331860035657883",0.545,0.67,-0.033
"743","PH052009000","melor2015","113","23.1891573602997","101.542631921216","3.45","0","0","3.45","3.45","0","0","0","0","0","13.86","335.47","32.33","69.51","7.28","0","0","50.9078903928689","29.0524925718059","0.396170353251898","1.35358204027732","16.0779135028062","0.0990425883129745","0","0.264113568834599","0.198085176625949","NA","52009000","San Miguel","Bicol Region","Luzon","0","0","0","0","80.002592893034","0","0","80.002592893034","1.64962196350098","2.30423188209534","2.16078090667725",1.650,2.30,2.161
"744","PH063041000","melor2015","34.7","9.52661551011194","236.4509429346","0","0","0","0","0","0","0","0","0","0","1.08","37.5","7.21","7.03","1.37","0","0","50.8294625082946","43.3808891838089","0.116124751161247","0.182481751824817","4.96018579960186","0","0","0.0165892501658925","0.033178500331785","NA","63041000","San Miguel","Western Visayas","Visayas","0","0","0","0","0","0","0","0","0.107134073972702","0.141722708940506","0.313702315092087",0.107,0.14,0.314
"745","PH071238000","melor2015","10.8166666666667","6.5419913203828","299.095344797415","0","0","0","0","0","0","0","0","0","0","2.6","65.63","11.75","14.6","2.5","1","5857","53.1615056554793","35.39773780827","0.519191544594845","0.148340441312813","10.6248841090302","0.0185425551641016","0","0.0370851103282032","0.0185425551641016","NA","71238000","San Miguel","Central Visayas","Visayas","0","0","0","0","0","0","0","0","0.365087240934372","0.231426104903221","-0.274703949689865",0.365,0.23,-0.275
"746","PH083743000","melor2015","63.2583333333333","17.7010161061647","142.101849853244","0","0","0","0","0","0","0","0","0","0","7.14","69.33","41.54","38.14","8.46","1","6430","40.7615043214202","35.2254146227517","0.607334734875029","1.51833683718757","20.6727400140154","0.373744452230787","0","0.140154169586545","0.28030833917309","NA","83743000","San Miguel","Eastern Visayas","Visayas","0","0","0","0","0","0","0","0","1.23161053657532","0.959487199783325","0.738014042377472",1.232,0.96,0.738
"747","PH133907000","melor2015","243.475","28.8819983825832","82.4092633722502","0","1.83","1.83","0","0","0","0","1.83","0","0","1.33","6.18","4.58","9.51","0.79","0","0","100","0","0","0","0","0","0","0","0","NA","133907000","","National Capital Region","Luzon","52.8540570401273","0","0","52.8540570401273","0","0","0","0","13.536548614502","15.2914257049561","13.1258687973022",13.537,15.29,13.126
"748","PH037112000","melor2015","202.4125","24.6978714743724","76.5515149215928","3.56","10","10","3.56","0.04","0","3.51","9.51","0.49","0","3.52","65.51","32.61","18.52","6.81","1","6021","81.102585961921","10.7558965615232","0.426257459505541","0.596760443307758","6.35123614663257","0.0426257459505541","0.014208581983518","0.028417163967036","0.113668655868144","NA","37112000","San Narciso","Central Luzon","Luzon","246.978714743724","86.6895288750471","12.1019570224425","234.876757721282","87.9244224487657","0","0","0.987914858974896","1.05617940425873","1.03223979473114","3.96793031692505",1.056,1.03,3.968
"749","PH045644000","melor2015","351.735714285714","34.470534223122","63.0720693985116","6.25","1.41","1.41","6.25","0.14","0","6.11","1.3","0","0.11","7.38","117.22","23.83","37.35","5.26","1","70609","28.6708027824779","25.1363038165069","0.178605000940026","2.12445948486558","42.4797894341042","0.385410791502162","0.0094002632073698","0.0188005264147396","0.131603684903177","NA","45644000","San Narciso","CALABARZON","Luzon","48.603453254602","210.614964103275","0","44.8116944900586","215.440838894513","3.79175876454342","0","4.82587479123708","2.19464588165283","1.86121070384979","1.80581796169281",2.195,1.86,1.806
"750","PH015536000","melor2015","293.87","13.6942809132656","201.177265939292","0.37","0","0","0.37","0.37","0","0","0","0","0","12.58","407.9","47.29","62.44","9.98","0","0","77.892536579368","13.9308988073282","0.061477929423337","0.418049920078692","7.19291774253043","0","0.0245911717693348","0","0.061477929423337","NA","15536000","San Nicolas","Ilocos Region","Luzon","0","0","0","0","5.06688393790827","0","0","5.06688393790827","0.109193123877048","0.131744876503944","-0.59279453754425",0.109,0.13,-0.593
"751","PH041025000","melor2015","220.725","38.3024564631737","47.196748122147","0","0","0","0","0","0","0","0","0","0","5.1","51.77","27.95","25.55","5.67","1","3640","81.6677844846859","8.07064609881511","0.0894254415381176","0.178850883076235","9.94858037111558","0","0.0223563603845294","0.0223563603845294","0","0","41025000","San Nicolas","CALABARZON","Luzon","0","0","0","0","0","0","0","0","1.94407415390015","1.7282555103302","5.23465585708618",1.944,1.73,5.235
"752","PH133904000","melor2015","243.475","28.8819983825832","82.4092633722502","0","62.98","62.9","0","0","0","0","62.98","0","0","1.65","9.74","4.36","9.8","0.95","1","1554","100","0","0","0","0","0","0","0","0","NA","133904000","","National Capital Region","Luzon","1816.67769826448","0","0","1818.98825813509","0","0","0","0","16.0033092498779","16.498987197876","16.7234401702881",16.003,16.50,16.723
"753","PH043424000","melor2015","228.378571428571","29.3877989458114","69.0219534449305","0","0","0","0","0","0","0","0","0","0","4.47","180.31","30.26","22.75","6.39","1","3851","85.0891623346713","12.8068039744686","0.278015397775877","0.101993814568665","1.37362637362637","0.0230308613542146","0.0065802461012041","0.0296111074554188","0.0674475225373428","NA","43424000","","CALABARZON","Luzon","0","0","0","0","0","0","0","0","0.341702103614807","0.46941339969635","-0.0935974642634392",0.342,0.47,-0.094
"754","PH041026000","melor2015","283.975","47.6528093009408","29.9737103527748","0","0","0","0","0","0","0","0","0","0","1.6","109.12","3.43","8.46","0.78","1","2826","91.9254232641031","5.75776269792309","0.11652614983892","0.239906779080129","1.70676537117006","0.0137089588045787","0.0274179176091575","0.0411268764137363","0.0205634382068681","NA","41026000","San Pascual","CALABARZON","Luzon","0","0","0","0","0","0","0","0","0.432966351509094","0.620662987232208","1.01238286495209",0.433,0.62,1.012
"755","PH054120000","melor2015","482.7","60.8168343216291","14.6543408798555","2.23","0.33","0.33","2.23","0.03","0","2.2","0.33","0","0","5.19","58.86","17.48","28.05","3.76","1","126513","26.3672471738466","14.6247072003259","0.0916590284142988","3.3710153783481","52.8465220490885","0.234239739280986","0.0407373459619105","0.264792748752419","1.71096853040024","2.5053467766575","54120000","San Pascual","Bicol Region","Luzon","20.0695553261376","133.797035507584","0","20.0695553261376","135.621540537233","0","0","1.82450502964887","20.7723979949951","31.1890735626221","26.8975524902344",20.772,31.19,26.898
"756","PH082621000","melor2015","180.08","51.5885070454313","30.5458591355264","0","0","0","0","0","0","0","0","0","0","2.73","41.67","10.49","14.31","2.35","1","62572","34.2935948513638","21.207477781183","0.98069261415875","2.6662580447441","38.7680049034631","0.796812749003984","0.122586576769844","0.367759730309531","0.33711308611707","NA","82621000","San Policarpo","Eastern Visayas","Visayas","0","0","0","0","0","0","0","0","35.3306846618652","36.7613945007324","15.4891395568848",35.331,36.76,15.489
"757","PH015537000","melor2015","346.616666666666","14.3380610058562","192.074949267392","0.1","0","0","0.1","0.1","0","0","0","0","0","8.22","275.88","56.35","41.51","11.39","0","0","78.5178705323669","11.4721319670082","0.174956260934766","0.92476880779805","7.98550362409398","0.0124968757810547","0.0249937515621094","0.0249937515621094","0.0124968757810547","NA","15537000","San Quintin","Ilocos Region","Luzon","0","0","0","0","1.43380610058562","0","0","1.43380610058562","0.110629983246326","0.0842670723795891","0.428499013185501",0.111,0.08,0.428
"758","PH031422000","melor2015","255.37","24.0739932182494","102.070670051962","0","0","0","0","0","0","0","0","0","0","1.47","37.16","5.64","8.29","1.21","1","8129","91.5514035644642","5.58704820643055","0.0680241258899823","0.285701328737926","1.70513808897556","0.0408144755339893","0.0362795338079905","0.0589542424379846","0.326515804271915","NA","31422000","San Rafael","Central Luzon","Luzon","0","0","0","0","0","0","0","0","0.342577308416367","0.380449861288071","0.996508955955505",0.343,0.38,0.997
"759","PH063042000","melor2015","45.375","12.3011714852783","186.880249567874","0.01","0","0","0","0.01","0","0","0","0","0","7.81","196.89","38.61","39.61","8.27","0","0","38.7872451646628","54.9137480397282","0.575013068478829","0.130684788290643","2.43073706220596","0.0522739153162571","0","0.0261369576581285","0.0784108729743857","NA","63042000","San Rafael","Western Visayas","Visayas","0","0","0","0","0","0","0","0.123011714852783","0.364932954311371","0.203931644558907","-0.0406010150909424",0.365,0.20,-0.041
"760","PH060614000","melor2015","65.6166666666667","10.7680825042092","216.138460002319","0","0","0","0","0","0","0","0","0","0","14.82","522.89","44.58","73.88","8.99","0","0","27.1925824593403","64.265085879313","0.0911992704058367","0.136798905608755","7.88873689010488","0","0","0.0303997568019455","0.0151998784009727","NA","60614000","San Remigio","Western Visayas","Visayas","0","0","0","0","0","0","0","0","0.0650808736681938","0.14892590045929","0.677924871444702",0.065,0.15,0.678
"761","PH072243000","melor2015","31.43","11.0344116930342","193.901631871408","0.02","0.05","0.05","0.02","0.02","0","0","0","0","0.05","4.16","60.49","21.01","24.01","3.97","1","55637","55.8866430506355","37.8551087032021","1.26415225394179","0.0902965895672709","2.39633256928527","0.0764048065569215","0.166701396124192","1.50725845662291","0.465374730846704","NA","72243000","San Remigio","Central Visayas","Visayas","0.55172058465171","0","0","0","0.220688233860684","0.55172058465171","0","0.220688233860684","0.575756311416626","0.225479111075401","-0.392910778522491",0.576,0.23,-0.393
"762","PH086415000","melor2015","17.825","7.5642457363187","289.989241231961","13.53","0","0","13.5","5.3","0","8.23","0","0","0","19.32","260.98","45.73","95.99","9.35","1","24334","61.976320582878","27.7322404371585","0.273224043715847","0.63752276867031","9.15300546448088","0","0","0.0455373406193078","0","NA","86415000","San Ricardo","Eastern Visayas","Visayas","0","62.2537424099029","0","0","102.117317440302","0","0","40.0905024024891","0.142665445804596","0.199462801218033","-0.202968031167984",0.143,0.20,-0.203
"763","PH084820000","melor2015","212.31","59.5959299888071","15.0060455130657","1.82","4.1","4.1","1.82","0","0","1.82","4.03","0","0.07","7.35","72.92","29.94","38.55","6.3","1","9625","38.1339144215531","13.6291600633914","0.019809825673534","5.74484944532488","42.1156893819334","0.138668779714739","0","0","0.0396196513470681","37.4603803486529","84820000","San Roque","Eastern Visayas","Visayas","244.343312954109","108.464592579629","0","240.171597854893","108.464592579629","4.1717150992165","0","0","34.9710540771484","33.0318450927734","30.4203014373779",34.971,33.03,30.420
"764","PH086015000","melor2015","122.7","24.3072549030775","99.33343888988","0","0","0","0","0","0","0","0","0","0","1.52","8.62","9.23","9.49","1.81","1","336","39.9521531100478","36.3038277511962","0.538277511961722","0.897129186602871","20.8133971291866","0.41866028708134","0","0.299043062200957","0.239234449760765","NA","86015000","San Sebastian","Eastern Visayas","Visayas","0","0","0","0","0","0","0","0","2.53924918174744","2.30501794815063","1.94660806655884",2.539,2.31,1.947
"765","PH035418000","melor2015","242.5","24.4876004516728","93.1410919090493","0","0","0","0","0","0","0","0","0","0","0.56","7.62","1.9","4.16","0.35","0","0","91.2880812399786","6.56511669339034","0.0178157847853197","0.285052556565117","1.5766969535008","0","0.0089078923926598","0.0089078923926598","0","0","35418000","San Simon","Central Luzon","Luzon","0","0","0","0","0","0","0","0","0.354031890630722","0.432957589626312","0.0179948918521404",0.354,0.43,0.018
"766","PH175213000","melor2015","297.391666666667","53.6147267843659","1.11401293980261","3.59","4.73","4.73","3.59","2.45","0","1.14","4.69","0","0.04","13.41","576.81","37.02","65.8","8.25","1","10114","54.8650656102996","12.6764050507551","0.247586036147561","3.2186184699183","28.4723941569695","0.173310225303293","0.0247586036147561","0","0.0247586036147561","7.69992572418916","175213000","San Teodoro","MIMAROPA Region","Luzon","253.597657690051","61.1207885341771","0","251.453068618676","192.476869155874","2.14458907137464","0","131.356080621696","34.4208641052246","34.5805969238281","6.22805881500244",34.421,34.58,6.228
"767","PH051609000","melor2015","300.1125","18.6004224039588","132.529080792923","0","0","0","0","0","0","0","0","0","0","5.18","159.55","28.63","27.09","5.78","0","0","62.8237259816207","5.55555555555556","0.0417710944026733","4.72013366750209","26.5246449456976","0.0417710944026733","0.167084377610693","0.0417710944026733","0","NA","51609000","San Vicente","Bicol Region","Luzon","0","0","0","0","0","0","0","0","1.43381285667419","0.848521828651428","1.00647509098053",1.434,0.85,1.006
"768","PH084821000","melor2015","332.0625","44.9872078682146","36.8449070572568","0.39","0","0","0.38","0.39","0","0","0","0","0","11.29","60.18","26.52","54.1","6.16","1","11169","36.0146252285192","15.3564899451554","1.03595368677636","4.99695307739183","38.878732480195","2.07190737355271","0.12187690432663","0","0.914076782449726","1.58439975624619","84821000","San Vicente","Eastern Visayas","Visayas","0","0","0","0","17.0951389899215","0","0","17.5450110686037","26.9612426757812","25.9840202331543","1.78734040260315",26.961,25.98,1.787
"769","PH035419000","melor2015","234.966666666667","23.5109426920876","100.764186869197","0","0","0","0","0","0","0","0","0","0","0.59","10.62","1.95","4.24","0.36","0","0","94.424595712674","3.14968033095149","0.0282060925159834","0.300864986837157","1.9838285069575","0","0","0.0094020308386611","0.0188040616773223","NA","35419000","Santa Ana","Central Luzon","Luzon","0","0","0","0","0","0","0","0","0.354031890630722","0.323414921760559","-1.18698453903198",0.354,0.32,-1.187
"770","PH133914000","melor2015","194.275","28.9111104040548","84.9529269169005","3.91","4.72","4.72","3.91","0","0","3.91","2.71","2.01","0","0.72","7.28","2.2","5.8","0.41","0","0","100","0","0","0","0","0","0","0","0","NA","133914000","","National Capital Region","Luzon","136.460441107139","113.042441679854","58.1113319121501","78.3491091949885","113.042441679854","0","0","0","13.5860605239868","15.0321779251099","14.0010042190552",13.586,15.03,14.001
"771","PH015538000","melor2015","218.75","14.5446314245747","183.758452814059","0","0","0","0","0","0","0","0","0","0","0.69","11.45","2.34","4.8","0.46","0","0","81.3962429968142","13.2264088761947","0.609689113479073","0.505327913874547","3.25167527188839","0.0549269471602768","0.0109853894320553","0.0274634735801384","0.0549269471602768","NA","15538000","Santa Barbara","Ilocos Region","Luzon","0","0","0","0","0","0","0","0","0.145900741219521","0.13947357237339","1.09478843212128",0.146,0.14,1.095
"772","PH063043000","melor2015","30.41","9.81465326955913","229.635877594963","0","0","0","0","0","0","0","0","0","0","1.39","30.95","5.91","8.73","1.18","0","0","52.0047344281699","39.8431720668738","0.192336144400059","0.355082112738571","6.65039206983282","0.0517828081077082","0","0.0443852640923213","0.0221926320461606","NA","63043000","Santa Barbara","Western Visayas","Visayas","0","0","0","0","0","0","0","0","0.0619151219725609","0.14461874961853","0.026382090523839",0.062,0.14,0.026
"773","PH037113000","melor2015","197.116666666667","16.4119655486058","154.240122449354","1.85","16.84","16.8","1.85","0.14","0.03","1.68","16.78","0.04","0.01","9.98","320.48","34.38","47.97","7.52","1","30132","74.7222222222222","13.4283625730994","0.526315789473684","0.54093567251462","9.40058479532164","0.197368421052631","0.0146198830409356","0.087719298245614","0.138888888888889","NA","37113000","Santa Cruz","Central Luzon","Luzon","275.721021216577","27.5721021216577","0.656478621944232","275.392781905605","30.3621362649207","0.164119655486058","0.492358966458174","2.29767517680481","0.152694821357727","0.181453958153725","1.02030324935913",0.153,0.18,1.020
"774","PH043426000","melor2015","190.783333333334","26.1281352100131","97.4348035281743","0.05","0","0","0.05","0","0","0.05","0","0","0","0.9","12.15","3.4","6.09","0.66","1","13310","85.0079450131185","12.5789882118177","0.498872916743653","0.232807361147038","1.01622260818152","0.0258674845718931","0.0184767746942093","0.0406489043272606","0.0960792284098887","NA","43426000","Santa Cruz","CALABARZON","Luzon","0","1.30640676050066","0","0","1.30640676050066","0","0","0","0.317479163408279","0.345440804958344","-0.0808019787073135",0.317,0.35,-0.081
"775","PH133905000","melor2015","243.475","28.8819983825832","82.4092633722502","2.4","9.1","9.1","2.4","0","0","2.4","8.15","0.95","0","0.94","9.92","3.37","7.18","0.59","0","0","100","0","0","0","0","0","0","0","0","NA","133905000","","National Capital Region","Luzon","262.826185281507","69.3167961181997","27.437898463454","235.388286818053","69.3167961181997","0","0","0","13.6013765335083","15.0321779251099","14.9726829528809",13.601,15.03,14.973
"776","PH174005000","melor2015","337.555555555556","40.8847167120457","52.0107826917164","0","0","0","0","0","0","0","0","0","0","8.07","144.67","28.16","40","6.29","1","4089","64.0694267037343","26.2378841385529","0.323089638590427","0.345630776166504","8.1298369524382","0.150274250507176","0","0.142760537981817","0.112705687880382","0.0150274250507175","174005000","Santa Cruz","MIMAROPA Region","Luzon","0","0","0","0","0","0","0","0","1.22043526172638","1.86134219169617","-1.66636896133423",1.220,1.86,-1.666
"777","PH175111000","melor2015","249.360714285714","48.1693006923824","26.2739483987682","2.49","21.04","21","2.49","1.84","0","0.65","21.01","0.03","0","15.42","414.7","52.59","77.31","10.98","1","23569","45.3982898289829","8.60711071107111","0","7.87578757875788","36.7011701170117","0.922592259225923","0","0","0.0112511251125112","NA","175111000","Santa Cruz","MIMAROPA Region","Luzon","1011.55531454003","31.3100454500486","1.44507902077147","1012.03700754695","119.941558724032","0","0","88.6315132739836","6.21960115432739","5.35660362243652","1.97801160812378",6.220,5.36,1.978
"778","PH051610000","melor2015","221.9","19.8819904637737","127.641988800274","0.08","0.04","0.04","0.08","0.04","0","0.04","0","0","0.04","5.86","84.29","32.04","31.08","6.75","1","47982","49.2267479851884","12.9601394031801","0.141581354824657","5.69592681333043","29.8736658680026","0.315835329993465","0.0762361141363537","0.119799607928556","0.0326726203441516","NA","51610000","Santa Elena","Bicol Region","Luzon","0.795279618550948","0.795279618550948","0","0","1.5905592371019","0.795279618550948","0","0.795279618550948","0.974456548690796","0.853330612182617","-0.295738130807877",0.974,0.85,-0.296
"779","PH025012000","melor2015","343.364285714286","13.2010443890767","211.365981784108","0.71","0.15","0.15","0.71","0.67","0.04","0","0","0","0.15","18.98","944.37","41.5","94.9","8.83","0","0","59.1507659231389","36.9793066380005","0.0537489922063961","0.107497984412792","3.65493147003494","0","0","0","0.026874496103198","NA","25012000","Santa Fe","Cagayan Valley","Luzon","1.9801566583615","0","0","0","9.37274151624446","1.9801566583615","0.528041775563068","8.84469974068139","0.0288908239454031","0.0623880214989185","-0.323944360017776",0.029,0.06,-0.324
"780","PH072244000","melor2015","23.55","11.9588653499634","178.286021247117","1.77","0.11","0.11","1.77","0","0","1.77","0.11","0","0","1.73","18.28","7.14","8.73","1.7","1","16243","54.1151957136479","36.8507218336062","1.5329662152106","0.506027682690877","5.1793421640125","0.386962345587141","0.119065337103736","0.34231284417324","0.550677184104778","NA","72244000","Santa Fe","Central Visayas","Visayas","1.31547518849597","21.1671916694352","0","1.31547518849597","21.1671916694352","0","0","0","0.270191460847855","0.41040626168251","-0.431536585092545",0.270,0.41,-0.432
"781","PH083744000","melor2015","63.6","16.203371438526","155.932283749843","0","0","0","0","0","0","0","0","0","0","1.9","22.97","18.44","10.75","3.89","0","0","27.8389830508475","59.343220338983","6.97033898305085","0.233050847457627","3.15677966101695","0.529661016949152","0.0211864406779661","0.466101694915254","0.38135593220339","NA","83744000","Santa Fe","Eastern Visayas","Visayas","0","0","0","0","0","0","0","0","1.27873587608337","0.530122697353363","0.871251106262207",1.279,0.53,0.871
"782","PH175915000","melor2015","150.13","26.1273300511997","85.3341588421235","0","0","0","0","0","0","0","0","0","0","6.94","47.93","20.7","37.04","4.84","1","60100","39.501490111081","3.90138173936603","0","8.10078569493362","48.0628555946898","0.0270929287455974","0","0","0","NA","175915000","Santa Fe","MIMAROPA Region","Luzon","0","0","0","0","0","0","0","0","1.52429580688477","1.78568756580353","0.20479191839695",1.524,1.79,0.205
"783","PH036915000","melor2015","263.3875","18.505806048679","134.439317430212","0","0","0","0","0","0","0","0","0","0","2.43","73.17","11.36","13.09","2.49","0","0","77.1084337349398","16.9285839008207","0.104766893661603","0.288108957569408","5.09865549153134","0.0087305744718002","0.0087305744718002","0.0349222978872009","0.0873057447180024","NA","36915000","Santa Ignacia","Central Luzon","Luzon","0","0","0","0","0","0","0","0","0.326982945203781","0.219419568777084","0.0750683099031448",0.327,0.22,0.075
"784","PH056215000","melor2015","239.6","58.5797148964588","10.1270515829557","4.23","7.22","7.22","4.23","0","0","4.23","7.22","0","0","8.94","108.51","23.07","43.99","5.3","1","13346","36.0189573459716","4.59994424310008","0","19.0688597713967","39.6152773905771","0.139392249790912","0","0","0","34.5135210482297","56215000","Santa Magdalena","Bicol Region","Luzon","422.945541552433","247.792194012021","0","422.945541552433","247.792194012021","0","0","0","14.5874996185303","31.3045177459717","31.0519981384277",14.587,31.30,31.052
"785","PH086016000","melor2015","182.391666666667","33.1618380219518","62.9557193357062","0","0","0","0","0","0","0","0","0","0","6.34","65.65","23.37","34.67","4.98","1","17071","28.0163963642844","17.4478702548565","0.17822135091784","3.20798431652112","50.2405988237391","0.374264836927464","0.0891106754589199","0.142577080734272","0.0356442701835679","0.0891106754589199","86016000","Santa Margarita","Eastern Visayas","Visayas","0","0","0","0","0","0","0","0","4.17854738235474","2.68894124031067","-0.199059426784515",4.179,2.69,-0.199
"786","PH015539000","melor2015","307.825","14.4406659970774","189.03344248457","0","0","0","0","0","0","0","0","0","0","0.53","42.69","1.92","3.74","0.37","0","0","86.4197530864197","10.2157102157102","0.325600325600326","0.271333604666938","1.99430199430199","0.0135666802333469","0","0.0271333604666938","0.0678334011667345","NA","15539000","Santa Maria","Ilocos Region","Luzon","0","0","0","0","0","0","0","0","0.131279021501541","0.10721617937088","-0.0400035232305527",0.131,0.11,-0.040
"787","PH031423000","melor2015","251.4125","25.8211660605937","94.9572390797686","0.55","0","0","0.55","0","0","0.55","0","0","0","1.65","36.1","4.96","9.42","1.04","0","0","90.8710377768129","6.58619192357794","0.340425531914894","0.283108988276161","1.22448979591837","0.0260529743812418","0.0347372991749891","0.0816326530612245","0.15979157620495","NA","31423000","Santa Maria","Central Luzon","Luzon","0","14.2016413333265","0","0","14.2016413333265","0","0","0","0.321712523698807","0.300374835729599","-0.130479216575623",0.322,0.30,-0.130
"788","PH043427000","melor2015","188.2875","24.7136796507233","114.001462056005","0.03","0","0","0.03","0.03","0","0","0","0","0","9.51","211.87","32.99","47.92","7.12","0","0","71.6883860804812","26.2351424889016","0.200486896749248","0.157525418874409","1.08835743949592","0.0286409852498925","0","0.100243448374624","0.243448374624087","NA","43427000","Santa Maria","CALABARZON","Luzon","0","0","0","0","0.741410389521699","0","0","0.741410389521699","0.375537157058716","0.493740409612656","0.624680578708649",0.376,0.49,0.625
"789","PH175917000","melor2015","269.15","34.6827310220823","57.1611103745864","4.81","0.52","0.52","4.81","0.34","0","4.47","0.52","0","0","14.73","253.98","32.26","71.81","7.32","1","12916","45.0531914893617","13.936170212766","0.425531914893617","2.76595744680851","34.9468085106383","1.01063829787234","0.478723404255319","0.372340425531915","1.01063829787234","0","175917000","Santa Maria","MIMAROPA Region","Luzon","18.0350201314828","155.031807668708","0","18.0350201314828","166.823936216216","0","0","11.792128547508","3.27926349639893","3.07390308380127","-0.513534665107727",3.279,3.07,-0.514
"790","PH166721000","melor2015","121.675","7.64981090367827","275.368724462309","2.18","3.51","3.51","2.18","0","0","2.18","3.51","0","0","5.22","49.79","19.65","27.81","4.14","1","26806","42.9078014184397","23.0496453900709","0","2.12765957446809","31.9148936170213","0","0","0","0","NA","166721000","Santa Monica","Caraga","Mindanao","26.8508362719107","16.6765877700186","0","26.8508362719107","16.6765877700186","0","0","0","0.0671525746583939","0.175101414322853","1.10055339336395",0.067,0.18,1.101
"791","PH035420000","melor2015","214.375","25.0014703011887","85.4824582365483","0","0","0","0","0","0","0","0","0","0","0.76","25.12","2.48","5.01","0.51","0","0","90.6002265005662","6.20611551528879","0.181200453001132","0.44167610419026","1.97055492638732","0.0339750849377123","0","0.0339750849377123","0.0906002265005662","NA","35420000","Santa Rita","Central Luzon","Luzon","0","0","0","0","0","0","0","0","0.329536527395248","0.279872447252274","1.20867359638214",0.330,0.28,1.209
"792","PH086017000","melor2015","70.55","19.812207706627","125.211330989971","0.08","0","0","0.08","0.08","0","0","0","0","0","4.51","36.3","21.78","24.91","4.53","1","57621","24.4676030811056","31.4000906207522","1.72179429089261","1.0081558676937","39.8278205709107","0.385138196647032","0.0679655641141821","0.385138196647032","0.453103760761214","NA","86017000","Santa Rita","Eastern Visayas","Visayas","0","0","0","0","1.58497661653016","0","0","1.58497661653016","1.27323532104492","0.728490948677063","-0.736191093921661",1.273,0.73,-0.736
"793","PH034928000","melor2015","407.64","18.8698718273328","140.072134248634","0","0","0","0","0","0","0","0","0","0","0.7","38.05","2.76","4.71","0.58","0","0","84.9224088383677","10.3071715946101","0.491729995529727","0.223513634331694","3.11641867296762","0.0766332460565808","0.0510888307043872","0.185197011303404","0.293760776550227","NA","34928000","Santa Rosa","Central Luzon","Luzon","0","0","0","0","0","0","0","0","0.224697470664978","0.32079890370369","-0.952649831771851",0.225,0.32,-0.953
"794","PH041027000","melor2015","247.025","43.3890885420699","34.7975458315574","0","0","0","0","0","0","0","0","0","0","3.17","123.88","16.33","16.09","3.54","1","5849","85.9649122807018","9.69653864390706","0.0474158368895211","0.165955429113324","3.50877192982456","0.0237079184447605","0","0","0.0237079184447605","0.0237079184447605","41027000","Santa Teresita","CALABARZON","Luzon","0","0","0","0","0","0","0","0","0.747792065143585","0.771898567676544","0.567973494529724",0.748,0.77,0.568
"795","PH034929000","melor2015","384.9875","17.4121642064797","154.929105072668","0","0","0","0","0","0","0","0","0","0","0.54","44.37","1.76","4","0.32","0","0","77.371899651766","14.0075332243622","0.156349939592069","0.497477080520219","7.17788359036316","0.0497477080520218","0.0071068154360031","0.0923886006680406","0.248738540260109","NA","34929000","Santo Domingo","Central Luzon","Luzon","0","0","0","0","0","0","0","0","0.184513494372368","0.145129576325417","-1.03015530109406",0.185,0.15,-1.030
"796","PH050516000","melor2015","169.366666666667","38.0299408052205","54.5682938839157","2.16","0","0","2.16","0","0","2.16","0","0","0","8.97","308.5","37.58","41.74","8","1","14660","60.3371544167229","2.37356709372893","0.0269723533378287","18.4895482130816","18.1389076196898","0.445043830074174","0.0674308833445718","0.040458530006743","0.040458530006743","0.0269723533378287","50516000","Santo Domingo","Bicol Region","Luzon","0","82.1446721392763","0","0","82.1446721392763","0","0","0","2.63583660125732","2.87763857841492","1.67845988273621",2.636,2.88,1.678
"797","PH086018000","melor2015","124.2","25.5094427030302","84.044854470009","0.54","0","0","0.54","0.54","0","0","0","0","0","14.31","133.33","36.02","68.95","7.77","1","17184","40.8088235294118","14.1911764705882","0.0367647058823529","6.91176470588235","37.6838235294118","0.294117647058823","0","0.0735294117647058","0","NA","86018000","Santo Ni�o","Eastern Visayas","Visayas","0","0","0","0","13.7750990596363","0","0","13.7750990596363","1.72947061061859","2.08973956108093","1.63226640224457",1.729,2.09,1.632
"798","PH013317000","melor2015","188.7125","12.5294562962685","216.231440955286","0","0","0","0","0","0","0","0","0","0","4.56","41.56","23.15","23.38","5.15","1","25689","76.3371949716539","19.7313285679073","1.1831402514173","0.147892531427163","1.7130884890313","0.0862706433325117","0.0246487552378604","0.0862706433325117","0.345082573330047","NA","13317000","Santo Tomas","Ilocos Region","Luzon","0","0","0","0","0","0","0","0","0.0897526815533638","0.0497238226234913","2.14921259880066",0.090,0.05,2.149
"799","PH015540000","melor2015","265.4","15.2720908074424","175.71982826384","0","0","0","0","0","0","0","0","0","0","0.57","25.86","2.28","4.09","0.41","0","0","85.9496704613541","9.1372079089275","0.269622528460156","0.359496704613541","1.37807070101857","0.0599161174355901","0","0.0599161174355901","0.11983223487118","NA","15540000","Santo Tomas","Ilocos Region","Luzon","0","0","0","0","0","0","0","0","0.144068092107773","0.114522069692612","0.292744815349579",0.144,0.11,0.293
"800","PH035421000","melor2015","227.1125","24.4876004516728","93.1410919090493","0","0","0","0","0","0","0","0","0","0","0.56","5.8","2.14","4.32","0.32","0","0","87.5734870317003","11.3775216138329","0.0115273775216138","0.0691642651296829","0.84149855907781","0","0","0","0","NA","35421000","Sto. Tomas","Central Luzon","Luzon","0","0","0","0","0","0","0","0","0.338918954133987","0.428575098514557","1.06647932529449",0.339,0.43,1.066
"801","PH041028000","melor2015","236.866666666667","31.5662772435121","66.1600111995622","0","0","0","0","0","0","0","0","0","0","4.7","267.11","37.34","24.4","7.38","0","0","91.1747946246261","5.42523386675531","0.301533786029726","0.235053896196401","2.34579039840448","0.0261170995773778","0.0284913813571394","0.0902227076309416","0.237428177976162","NA","41028000","","CALABARZON","Luzon","0","0","0","0","0","0","0","0","0.341860115528107","0.29634502530098","2.35118365287781",0.342,0.30,2.351
"802","PH013318000","melor2015","163.2","10.0232901788799","267.055405036428","0.82","0.09","0.09","0.82","0.74","0.09","0","0","0","0.09","14.41","371.18","48.34","73.02","9.37","0","0","67.7697841726619","29.4604316546763","0.0719424460431654","0","2.01438848920863","0","0","0","0","NA","13318000","Santol","Ilocos Region","Luzon","0.902096116099191","0","0","0","8.21909794668152","0.902096116099191","0.902096116099191","7.41723473237113","0.0482016541063786","0.0842755138874054","0.233841478824615",0.048,0.08,0.234
"803","PH061915000","melor2015","67.85","15.3264304847406","152.479240858878","0","0","0","0","0","0","0","0","0","0","5.36","41.91","25.75","28.51","5.39","1","16513","37.0782836554209","43.6292171634458","0.311169341631182","0.638716017032427","17.0324271208647","0.0327546675401244","0.212905339010809","0.376678676711431","0.393056010481494","NA","61915000","Sapi-An","Western Visayas","Visayas","0","0","0","0","0","0","0","0","1.08156096935272","0.869091272354126","0.688082277774811",1.082,0.87,0.688
"804","PH063044000","melor2015","48.025","14.1160863342674","162.877850409793","0.09","0","0","0.09","0.09","0","0","0","0","0","6.86","133.04","32.86","35.06","7.04","0","0","46.9212010364274","44.7797591830514","2.94162475232434","0.213382106386222","1.66133211400701","0.106691053193111","0.0762078951379362","0.25148605395519","2.6367931717726","NA","63044000","Sara","Western Visayas","Visayas","0","0","0","0","1.27044777008407","0","0","1.27044777008407","0.478795170783997","0.429138451814651","0.238285720348358",0.479,0.43,0.238
"805","PH045645000","melor2015","247.466666666666","29.8386861519497","69.2118755661396","0.67","1.07","1.07","0.67","0.02","0","0.66","1.07","0","0","3.85","207.28","37.25","20.01","6.96","1","21443","79.0425469655294","17.2938491250658","0.172645871130099","0.198981681980453","2.55749985368994","0.0204834084391642","0.026335810850354","0.0409668168783285","0.362848949493767","NA","45645000","Sariaya","CALABARZON","Luzon","31.9273941825862","19.6935328602868","0","31.9273941825862","19.9919197218063","0","0","0.596773723038994","0.466539680957794","0.330609619617462","0.969817757606506",0.467,0.33,0.970
"806","PH035422000","melor2015","209.5","27.5240746032666","73.1659029128847","0.46","15.89","15.8","0.46","0","0","0.46","15.71","0.17","0","0.85","4.42","3.92","6.47","0.6","1","8071","83.8825214899714","7.43194842406877","1.32521489971347","0.376074498567335","2.39971346704871","0.0179083094555873","0.0716332378223495","0.0895415472779369","3.70702005730659","NA","35422000","Sasmuan","Central Luzon","Luzon","434.880378731612","12.6610743175026","4.67909268255532","432.403212017318","12.6610743175026","0","0","0","0.345962733030319","0.761420905590057","-1.13667571544647",0.346,0.76,-1.137
"807","PH034917000","melor2015","380.083333333334","16.5252352806162","164.946137186074","0","0","0","0","0","0","0","0","0","0","0.69","69.66","2.88","4.52","0.59","0","0","80.4728407468133","11.5988787221664","0.275030412016713","0.322631829481144","6.2675199661501","0.0317342783096207","0.0687576030041783","0.100491881313799","0.179827577087851","NA","34917000","","Central Luzon","Luzon","0","0","0","0","0","0","0","0","0.167853444814682","0.104274220764637","0.25597807765007",0.168,0.10,0.256
"808","PH060615000","melor2015","114.0625","17.0480374121702","139.734857163572","0","0","0","0","0","0","0","0","0","0","15.52","265.28","43.66","77.56","9.34","1","20275","56.2139091137334","31.4335927692694","0.527240773286467","0.97916143610344","10.0928948029124","0","0.0251067034898317","0.0251067034898317","0.401707255837308","NA","60615000","Sebaste","Western Visayas","Visayas","0","0","0","0","0","0","0","0","0.660343766212463","0.552431881427765","-0.155004739761353",0.660,0.55,-0.155
"809","PH060616000","melor2015","50.8214285714286","10.0090758966669","234.633841246138","0.07","0","0","0.07","0.07","0","0","0","0","0","8.97","212.44","39.61","44.48","8.17","0","0","47.9220385257091","44.9188533292886","0.0910056120127407","0.250265433035037","6.38556044289398","0.0075838010010617","0.0075838010010617","0.0075838010010617","0","NA","60616000","Sibalom","Western Visayas","Visayas","0","0","0","0","0.700635312766683","0","0","0.700635312766683","0.0224545728415251","0.101151421666145","0.24557688832283",0.022,0.10,0.246
"810","PH067905000","melor2015","20.68","8.4853822393537","256.480560545264","0","0","0","0","0","0","0","0","0","0","4.1","86.2","15.84","21.55","3.55","1","32003","38.305152979066","40.8615136876006","0.462962962962963","0.785024154589372","18.3574879227053","0","0","0","0","NA","67905000","Sibunag","Western Visayas","Visayas","0","0","0","0","0","0","0","0","0.679146707057953","0.372979432344437","0.228246361017227",0.679,0.37,0.228
"811","PH061916000","melor2015","53.4625","14.7537451625166","156.699331794588","0","0","0","0","0","0","0","0","0","0","3.04","38.62","16.11","17.41","3.38","0","0","41.7197884171979","51.8106605181066","0.84090600840906","0.12206700122067","4.28590804285908","0.12206700122067","0.01356300013563","0.16275600162756","0.39332700393327","NA","61916000","Sigma","Western Visayas","Visayas","0","0","0","0","0","0","0","0","0.612695157527924","0.398913472890854","0.639994263648987",0.613,0.40,0.640
"812","PH086416000","melor2015","26.1","10.9241384524103","220.750966282434","0.6","0","0","0.6","0.6","0","0","0","0","0","10.49","324.61","32.84","52.33","6.91","1","23419","51.8087855297158","40.2454780361757","0.0645994832041343","0.258397932816538","7.59043927648579","0","0","0","0","NA","86416000","Silago","Eastern Visayas","Visayas","0","0","0","0","6.55448307144618","0","0","6.55448307144618","0.0283393505960703","0.0697887539863586","-0.894065856933594",0.028,0.07,-0.894
"813","PH042118000","melor2015","212.2","35.8347697253587","59.2162793934202","0","0","0","0","0","0","0","0","0","0","2.66","313.25","11.67","14.59","2.16","0","0","90.1985569073577","7.07150506486895","0.540720844086305","0.138691385333825","1.02701848633275","0.038622917434736","0.0263338073418654","0.0983128807429644","0.323028036726883","NA","42118000","Silang","CALABARZON","Luzon","0","0","0","0","0","0","0","0","0.359998792409897","0.558569431304932","0.57020890712738",0.360,0.56,0.570
"814","PH084822000","melor2015","213.814285714286","50.8734724175188","32.5244889313023","0","0","0","0","0","0","0","0","0","0","8.96","103.81","25.03","48.87","5.47","0","0","14.8990825688073","29.0275229357798","0","0.880733944954128","54.3119266055046","0.18348623853211","0","0.073394495412844","0.293577981651376","24.8073394495413","84822000","Silvino Lobos","Eastern Visayas","Visayas","0","0","0","0","0","0","0","0","25.0342788696289","26.465311050415","20.2949771881104",25.034,26.47,20.295
"815","PH043429000","melor2015","189.47","22.3769260980555","129.305640013476","0","0","0","0","0","0","0","0","0","0","8.48","282.66","29.8","43.51","6.46","1","869","73.2531569452796","21.8159951894167","0.336740829825616","0.180396873120866","3.63199037883343","0.0601322910402886","0.0120264582080577","0.120264582080577","0.10823812387252","NA","43429000","Siniloan","CALABARZON","Luzon","0","0","0","0","0","0","0","0","0.379449367523193","0.463574916124344","-0.15803462266922",0.379,0.46,-0.158
"816","PH051734000","melor2015","333.49375","24.989673326421","94.0107775921096","0.65","1.76","1.76","0.65","0","0","0.65","1.76","0","0","4.55","110.48","15.35","24.38","3.42","1","18002","48.6267814726841","22.3426365795724","0.0742280285035629","2.04127078384798","26.291567695962","0.051959619952494","0.0148456057007125","0.0668052256532066","0.103919239904988","NA","51734000","Sipocot","Bicol Region","Luzon","43.981825054501","16.2432876621736","0","43.981825054501","16.2432876621736","0","0","0","0.624480187892914","1.63447201251984","0.743287563323975",0.624,1.63,0.743
"817","PH051735000","melor2015","251.9","19.2381276586967","127.055092669205","4.8","0.63","0.63","4.8","0","0","4.8","0.63","0","0","3.24","25.72","14.81","17.24","3.44","1","135919","26.4221158958001","4.41254651780968","0.106326422115896","10.9782030834662","56.7783094098884","0.478468899521531","0.478468899521531","0.159489633173844","0.13290802764487","NA","51735000","Siruma","Bicol Region","Luzon","12.1200204249789","92.3430127617442","0","12.1200204249789","92.3430127617442","0","0","0","1.59391903877258","1.03039574623108","3.71578669548035",1.594,1.03,3.716
"818","PH015541000","melor2015","221.275","13.4578978843995","202.973266663487","0.24","0","0","0.24","0.24","0","0","0","0","0","9.4","280.41","39.34","46.01","8.41","0","0","86.004557538929","9.38093429548044","0.303835928598557","0.531712875047474","3.16179263197873","0.0284846183061146","0.0189897455374098","0.0569692366122293","0.132928218761869","NA","15541000","Sison","Ilocos Region","Luzon","0","0","0","0","3.22989549225588","0","0","3.22989549225588","0.109952203929424","0.100769110023975","1.34434044361115",0.110,0.10,1.344
"819","PH175214000","melor2015","251.514285714286","60.7547763108571","4.83250450051097","0.07","0.07","0.07","0.07","0.07","0","0","0","0","0.07","6.83","117.17","28.93","36.58","6.16","1","8553","62.9887342611001","21.9240114866357","0.110448420587586","1.18179810028717","13.1212723658052","0.0220896841175171","0","0.242986525292688","0.0662690523525513","22.1117738016346","175214000","Socorro","MIMAROPA Region","Luzon","4.25283434176","0","0","0","4.25283434176","4.25283434176","0","4.25283434176","3.66448903083801","4.23826265335083","5.86693525314331",3.664,4.24,5.867
"820","PH072247000","melor2015","32.57","9.94349944546817","221.14201772961","0.04","0.08","0.08","0.04","0.04","0","0","0","0","0.08","6.16","206.47","23.89","36.84","4.9","1","11980","49.203897338403","43.1440114068441","0.392110266159696","0.0950570342205323","5.83412547528517","0.0475285171102661","0","0","0.0356463878326996","NA","72247000","Sogod","Central Visayas","Visayas","0.795479955637454","0","0","0","0.397739977818727","0.795479955637454","0","0.397739977818727","0.163135662674904","0.195962369441986","0.0962255820631981",0.163,0.20,0.096
"821","PH086417000","melor2015","23.2916666666667","10.2124179079724","234.839323345374","4.71","0","0","4.71","0.45","0","4.26","0","0","0","14.63","392.14","42.33","75.11","8.92","1","10474","62.1375896555208","33.5286392564906","0.19193857965451","0.212142640670775","3.03060915243964","0.0202040610162642","0.0101020305081321","0.181836549146378","0.0202040610162642","NA","86417000","Sogod","Eastern Visayas","Visayas","0","43.5049002879624","0","0","48.10048834655","0","0","4.59558805858758","0.172135904431343","0.165286123752594","-0.33359569311142",0.172,0.17,-0.334
"822","PH025013000","melor2015","385.64","10.6053529203554","264.74015907495","0.19","0","0","0.19","0.18","0.01","0","0","0","0","4.78","330.06","35.8","24.28","7.41","0","0","83.5652402205303","13.6124967182988","0.426621160409556","0.210028878970859","1.58177999474928","0.0328170123391966","0.0065634024678393","0.0393804148070359","0.183775269099501","NA","25013000","Solano","Cagayan Valley","Luzon","0","0","0","0","2.01501705486753","0","0.106053529203554","1.90896352566397","0.12822213768959","0.0886245295405388","2.48676490783691",0.128,0.09,2.487
"823","PH015542000","melor2015","186.783333333333","13.6227884885554","193.221062700196","2.03","0.54","0.54","2.03","0.04","0","1.99","0.54","0","0","6.02","88.04","23.8","31.06","5.17","1","44951","62.786235128566","22.2719713445056","0.383778943328643","0.882691569655878","12.4472303952923","0.140718945887169","0","0.0639631572214404","0.0895484201100166","NA","15542000","Sual","Ilocos Region","Luzon","7.35630578381992","27.1093490922252","0","7.35630578381992","27.6542606317675","0","0","0.544911539542216","0.210463047027588","0.115145348012447","0.112861476838589",0.210,0.12,0.113
"824","PH037114000","melor2015","182.544444444444","29.9030689592351","48.9182205454436","2.91","15.46","15.4","2.91","0.25","0","2.65","15.39","0.02","0.04","11.93","240.29","35.83","58.29","7.73","1","34967","81.8012924071082","8.01292407108239","0.420032310177706","0.880452342487884","7.06785137318255","0.226171243941842","0.0403877221324717","0.605815831987076","0.415993537964459","NA","37114000","Subic","Central Luzon","Luzon","460.507261972221","79.243132741973","0.598061379184702","460.208231282628","87.0179306713741","1.1961227583694","0","7.47576723980877","1.71291351318359","1.00731754302979","-3.75008130073547",1.713,1.01,-3.750
"825","PH013319000","melor2015","152.525","8.43478916056292","278.085923382517","2.32","0.04","0.04","2.32","0.64","0","1.68","0","0","0.04","11.04","171.66","41.22","54.9","8.54","0","0","76.9026077700905","19.1591271953167","0","0.159659393294305","3.19318786588611","0","0","0.0532197977647684","0.0266098988823842","NA","13319000","Sudipen","Ilocos Region","Luzon","0.337391566422517","14.1704457897457","0","0","19.568710852506","0.337391566422517","0","5.39826506276027","0.0868936628103256","0.0798638164997101","-0.0496679693460464",0.087,0.08,-0.050
"826","PH012931000","melor2015","170.15","9.66394350766221","268.547293323217","1.17","0","0","1.17","1.17","0","0","0","0","0","21.27","553.47","86.7","113.59","12.44","0","0","63.0153121319199","25.9128386336867","0.117785630153121","0.471142520612485","9.89399293286219","0","0","0","0","NA","12931000","Sugpon","Ilocos Region","Luzon","0","0","0","0","11.3068139039648","0","0","11.3068139039648","0.044094379991293","0.0540368519723415","-0.334456652402878",0.044,0.05,-0.334
"827","PH082622000","melor2015","136.97","28.4162183694311","79.3483463990234","0","0","0","0","0","0","0","0","0","0","8.14","143.18","30.8","44.59","6.27","1","27402","46.7945205479452","41.0684931506849","0.328767123287671","0.931506849315068","10.1643835616438","0.0547945205479452","0.0273972602739726","0.136986301369863","0.191780821917808","NA","82622000","Sulat","Eastern Visayas","Visayas","0","0","0","0","0","0","0","0","4.33440637588501","3.59980368614197","2.89563417434692",4.334,3.60,2.896
"828","PH166724000","melor2015","84.0307692307693","7.3718327912228","290.438319303607","2.41","14.24","14.2","2.42","0.03","0.01","2.37","14.2","0.01","0.03","7.64","77.4","29","38.18","6.37","1","1471","58.1597824829342","28.9974545875275","0.242971190558834","1.30452389216707","10.4448686798565","0.286358903158625","0.0462802267731111","0.133055651972695","0.133055651972695","NA","166724000","","Caraga","Mindanao","104.680025635364","17.471243715198","0.073718327912228","104.680025635364","17.8398353547592","0.221154983736684","0.073718327912228","0.221154983736684","0.11421712487936","0.154026091098785","-0.342762857675552",0.114,0.15,-0.343
"829","PH012932000","melor2015","153.033333333333","5.81172641243042","294.641486250685","5.12","0.09","0.09","5.12","5.08","0.04","0","0","0","0.09","19.19","474.24","55.95","97.86","10.81","0","0","70.6848217861434","23.5482579094914","0","0.160192230676812","3.44413295955146","0","0","0","0","NA","12932000","Suyo","Ilocos Region","Luzon","0.523055377118738","0","0","0","29.7560392316438","0.523055377118738","0.232469056497217","29.5235701751465","0.095852717757225","0.0484294071793556","0.152829751372337",0.096,0.05,0.153
"830","PH041029000","melor2015","247.025","45.3207260804449","31.1317629843718","0.37","0.02","0.02","0.37","0","0","0.37","0.02","0","0","2.35","75.33","6.7","12.19","1.52","1","1932","88.1008403361345","6.98319327731092","0.0672268907563025","0.428571428571429","3.43697478991597","0","0.0840336134453781","0.0588235294117647","0.596638655462185","NA","41029000","Taal","CALABARZON","Luzon","0.906414521608898","16.7686686497646","0","0.906414521608898","16.7686686497646","0","0","0","0.752966523170471","0.219319373369217","1.47168374061584",0.753,0.22,1.472
"831","PH083745000","melor2015","57.525","15.6060493948731","154.952933531309","0","0","0","0","0","0","0","0","0","0","7.16","62.43","19.22","36.34","4.41","1","41540","27.1782964682879","54.0999633386289","2.87180740559697","0.329952340217524","9.91079066357082","0.733227422705609","0.109984113405841","1.71086398631309","1.51533667359159","NA","83745000","Tabango","Eastern Visayas","Visayas","0","0","0","0","0","0","0","0","1.03564667701721","0.616572558879852","1.31033611297607",1.036,0.62,1.310
"832","PH072248000","melor2015","32.075","11.145385144719","198.645608629837","0.04","0.12","0.12","0.04","0.04","0","0","0","0","0.12","6.2","112.17","22.13","34.55","4.59","1","17672","39.0241343126967","53.8614900314795","0.902413431269675","0.0944386149003148","5.02623294858342","0.0944386149003148","0.0209863588667366","0.0314795383001049","0.146904512067156","NA","72248000","Tabogon","Central Visayas","Visayas","1.33744621736628","0","0","0","0.44581540578876","1.33744621736628","0","0.44581540578876","0.294337928295135","0.224167689681053","-0.0557844936847687",0.294,0.22,-0.056
"833","PH083746000","melor2015","73.8","14.2492621747147","176.35882999481","0","0","0","0","0","0","0","0","0","0","0.78","20.13","2.62","5.32","0.51","0","0","61.7519826964672","33.0209084354722","0.829127613554434","0.396539293439077","2.95602018745494","0.180245133381399","0.0720980533525594","0.108147080028839","0.360490266762797","NA","83746000","Tabontabon","Eastern Visayas","Visayas","0","0","0","0","0","0","0","0","0.487787455320358","0.542064607143402","0.274234771728516",0.488,0.54,0.274
"834","PH072249000","melor2015","33.5833333333333","10.2732145966452","210.494804068906","0.06","0","0","0.06","0.06","0","0","0","0","0","5.61","103.13","19.94","34.69","3.93","1","23383","42.2974036191975","46.4516129032258","0.42486231313926","0.34618410700236","9.67741935483871","0.0944138473642801","0.01573564122738","0.33044846577498","0.11014948859166","NA","72249000","Tabuelan","Central Visayas","Visayas","0","0","0","0","0.616392875798712","0","0","0.616392875798712","0.206642299890518","0.332121104001999","-0.0991112887859344",0.207,0.33,-0.099
"835","PH083747000","melor2015","62.3785714285715","17.3814070367544","145.058421119681","0","0","0","0","0","0","0","0","0","0","8.01","64.97","41.33","42.58","8.39","1","58912","56.5471024000323","36.6665993823298","2.90870188328859","0.207908600956783","1.68143557861166","0.333057467552129","0.0686300236168022","0.298742455743727","0.654003754465998","NA","83747000","","Eastern Visayas","Visayas","0","0","0","0","0","0","0","0","0.616173803806305","0.274881511926651","0.721125483512878",0.616,0.27,0.721
"836","PH144410000","melor2015","228.975","5.27670363008849","295.49591954581","4.58","0.07","0.07","4.58","4.54","0.05","0","0","0","0.07","18.36","1132.88","42.09","90.88","8.76","0","0","80.9084457061746","14.833215046132","0.118287201324817","0","0.42583392476934","0","0","0","0.0236574402649633","NA","144410000","Tadian","Cordillera Administrative Region","Luzon","0.369369254106194","0","0","0","24.1673026258053","0.369369254106194","0.263835181504425","23.9562344806017","0.0442150197923183","0.102429144084454","0.874114573001862",0.044,0.10,0.874
"837","PH082623000","melor2015","154.6","31.7740116996549","68.3677638478159","0.06","0","0","0.06","0","0.06","0","0","0","0","9.17","113.36","34.29","51.78","6.95","1","27181","40.5393053016453","32.9067641681901","0.411334552102377","1.43967093235832","23.5374771480804","0.36563071297989","0.0685557586837294","0.159963436928702","0.319926873857404","NA","82623000","Taft","Eastern Visayas","Visayas","0","0","0","0","1.90644070197929","0","1.90644070197929","0","4.16197061538696","4.04189538955688","-2.25310182571411",4.162,4.04,-2.253
"838","PH086024000","melor2015","90.8","27.4320645832444","75.1691098062993","0.31","0","0","0.31","0.31","0","0","0","0","0","15.31","126.39","25.57","73.87","6.23","1","3204","40.4164442071543","18.7399893219434","0","3.25680726107848","37.1062466631073","0.160170848905499","0.0533902829684997","0","0","NA","86024000","Tagapul-An","Eastern Visayas","Visayas","0","0","0","0","8.50394002080576","0","0","8.50394002080576","2.18068599700928","1.55444252490997","-0.482081651687622",2.181,1.55,-0.482
"839","PH042119000","melor2015","221.19","38.1497755198767","51.37440719352","0.1","0.03","0.03","0.1","0.1","0","0","0","0","0.03","8.82","543.86","48.75","45.66","9.56","0","0","88.5152482935688","7.28912267518317","0.989416995428643","0.0751455945895172","0.500970630596781","0.025048531529839","0.125242657649195","0.106456259001816","1.77218360573611","NA","42119000","","CALABARZON","Luzon","1.1444932655963","0","0","0","3.81497755198767","1.1444932655963","0","3.81497755198767","0.671546220779419","0.362681984901428","-0.954026460647583",0.672,0.36,-0.954
"840","PH045646000","melor2015","296.1625","21.3026312534212","117.266399301871","2.7","0.65","0.65","2.7","0.05","0","2.64","0.65","0","0","6.46","162.22","29.1","33.7","6.25","1","36870","59.379031564462","18.5774490410252","0.129010062784897","1.91794960006881","19.4891201513718","0.0946073793755913","0.0258020125569794","0.0602046959662853","0.14621140448955","NA","45646000","Tagkawayan","CALABARZON","Luzon","13.8467103147238","56.238946509032","0","13.8467103147238","57.5171043842372","0","0","1.06513156267106","0.515787839889526","0.549112677574158","0.511868894100189",0.516,0.55,0.512
"841","PH012933000","melor2015","143.225","7.44114422471729","288.590141917247","1.85","16.44","16.4","1.85","0.02","0","1.83","16.42","0.02","0","4.26","46.79","30.54","22.09","6.32","1","9137","79.5219029674988","16.3330193122939","0.0824305228450306","0.223739990579369","2.06076307112577","0.0353273669335845","0","0.023551577955723","0.047103155911446","NA","12933000","Tagudin","Ilocos Region","Luzon","122.034765285364","13.6172939312326","0.148822884494346","122.183588169858","13.766116815727","0","0","0.148822884494346","0.11084920912981","0.0944868847727776","0.049428328871727",0.111,0.09,0.049
"842","PH137607000","melor2015","157.783333333333","29.627656840124","82.8902255877839","0","0","0","0","0","0","0","0","0","0","1.21","13.56","4.54","7.44","0.95","1","12238","87.4874262425983","11.3226037270172","0.152440605199573","0.0352583712706494","0.508135350665243","0.0062220655183499","0.0114071201169748","0.122367288527548","0.140514979622735","NA","137607000","","National Capital Region","Luzon","0","0","0","0","0","0","0","0","0.286837160587311","0.414552956819534","-0.0561594590544701",0.287,0.41,-0.056
"843","PH086019000","melor2015","89.075","19.9770578379155","124.634298454314","0","0","0","0","0","0","0","0","0","0","9.91","82.37","29.35","51.09","6.48","1","43462","29.0593169562612","26.2432594367885","0.11983223487118","2.69622528460156","41.8214499700419","0.0599161174355901","0","0","0","NA","86019000","Talalora","Eastern Visayas","Visayas","0","0","0","0","0","0","0","0","1.86075973510742","0.922248244285583","2.09510517120361",1.861,0.92,2.095
"844","PH034930000","melor2015","385.783333333333","17.2810217503228","157.43822610367","0","0","0","0","0","0","0","0","0","0","0.53","51.03","1.73","3.78","0.32","0","0","86.7831493193268","9.14710401257727","0.114338800157216","0.589559438310644","2.47614964090471","0.0178654375245649","0.0178654375245649","0.0750348376031729","0.110765712652303","NA","34930000","Talavera","Central Luzon","Luzon","0","0","0","0","0","0","0","0","0.237282603979111","0.142482817173004","1.10375583171844",0.237,0.14,1.104
"845","PH071243000","melor2015","20.2071428571429","8.16865523899552","278.16275212952","0","0","0","0","0","0","0","0","0","0","3.12","49.78","15.24","17.63","3.1","1","3162","54.3231502242152","25.4834641255605","0.210201793721973","0.819786995515695","18.2034753363229","0.119114349775785","0.0280269058295964","0.126121076233184","0.0910874439461883","NA","71243000","Talibon","Central Visayas","Visayas","0","0","0","0","0","0","0","0","0.295268416404724","0.19094355404377","-0.0510594770312309",0.295,0.19,-0.051
"846","PH041030000","melor2015","218.5375","35.1846171607678","59.0857531892927","0.38","0","0","0.38","0.38","0","0","0","0","0","10.63","172.48","37.87","53.57","7.71","1","12175","87.8162106350026","8.4047496128033","0.0413009808982963","0.175529168817759","3.13887454827052","0.010325245224574","0","0.103252452245741","0.0826019617965926","NA","41030000","Talisay","CALABARZON","Luzon","0","0","0","0","13.3701545210918","0","0","13.3701545210918","0.444298982620239","0.42714786529541","0.942343592643738",0.444,0.43,0.942
"847","PH051611000","melor2015","277.85","17.7520431766318","138.741694339935","1.35","1.13","1.13","1.35","0","0","1.35","1.13","0","0","0.59","10.21","2.06","4.05","0.4","1","9096","67.6779865540424","4.48198586450612","0","6.8608860541286","20.5826581623858","0.0344768143423547","0","0.0517152215135321","0.0344768143423547","NA","51611000","Talisay","Bicol Region","Luzon","20.0598087895939","23.9652582884529","0","20.0598087895939","23.9652582884529","0","0","0","0.451693654060364","0.390418857336044","1.31527769565582",0.452,0.39,1.315
"848","PH034931000","melor2015","350.3375","16.202187286541","167.833702158862","0","0","0","0","0","0","0","0","0","0","1.23","76.33","5.24","7.33","1.08","0","0","56.2326869806094","18.005540166205","0.0346260387811634","1.05609418282548","24.2901662049861","0.0173130193905817","0.0173130193905817","0.0692520775623268","0.0346260387811634","NA","34931000","Talugtug","Central Luzon","Luzon","0","0","0","0","0","0","0","0","0.186073794960976","0.187673285603523","0.893827259540558",0.186,0.19,0.894
"849","PH083748000","melor2015","68.15","14.7867659800414","169.68571571504","0","0","0","0","0","0","0","0","0","0","1.25","10.84","9.56","7.84","1.83","1","7942","42.5729244577412","48.8631264023934","2.56544502617801","0.463724756918474","4.33059087509349","0.388930441286462","0.0373971578160059","0.134629768137622","0.224382946896036","NA","83748000","Tanauan","Eastern Visayas","Visayas","0","0","0","0","0","0","0","0","0.650336921215057","0.489500105381012","-1.40845608711243",0.650,0.49,-1.408
"850","PH045812000","melor2015","190.94375","25.0039078258377","114.136383157158","0.45","0.03","0.03","0.45","0.45","0","0","0","0","0.03","12.24","366.12","38.13","61.32","8.17","1","4607","70.2666614303106","22.2126222361858","0.471272041786121","0.223854219848408","4.62632054353375","0.109963476416762","0.0314181361190747","0.18065428268468","0.50661744492008","NA","45812000","Tanay","CALABARZON","Luzon","0.750117234775131","0","0","0","11.251758521627","0.750117234775131","0","11.251758521627","0.461184769868851","0.285273045301437","-1.01061391830444",0.461,0.29,-1.011
"851","PH060417000","melor2015","124.2","18.3520720075032","127.899994116612","0","0","0","0","0","0","0","0","0","0","9.31","122.39","33.22","48.3","7.26","1","12303","48.6788617886179","16.1585365853659","0.0609756097560975","7.29674796747967","27.479674796748","0.0609756097560975","0","0.040650406504065","0.121951219512195","NA","60417000","Tangalan","Western Visayas","Visayas","0","0","0","0","0","0","0","0","1.56303524971008","1.22437596321106","2.48341226577759",1.563,1.22,2.483
"852","PH042120000","melor2015","229.4875","36.7500244978989","55.496579422519","1.9","0.75","0.75","1.9","0","0","1.9","0.73","0.01","0.01","1.08","29.95","3.53","6.76","0.7","1","12270","88.2999329509052","8.85420546822618","0.128510765104671","0.679803322655144","1.30559487446919","0.042836921701557","0.0093123742829471","0.214184608507785","0.115473441108545","NA","42120000","Tanza","CALABARZON","Luzon","27.5625183734242","69.8250465460079","0.367500244978989","26.8275178834662","69.8250465460079","0.367500244978989","0","0","0.583344399929047","0.648585498332977","3.04332518577576",0.583,0.65,3.043
"853","PH061917000","melor2015","76.3181818181818","13.3874249083364","175.14932214363","0","0","0","0","0","0","0","0","0","0","11.18","363.14","44.9","58.5","9.26","0","0","26.1617330907888","59.8065156275839","0.239788324789152","0.339011079874318","12.9485695386142","0.0165371258475277","0.0082685629237638","0.0496113775425831","0.0909541921614023","NA","61917000","Tapaz","Western Visayas","Visayas","0","0","0","0","0","0","0","0","0.670160233974457","0.224942490458488","0.0355120003223419",0.670,0.22,0.036
"854","PH086020000","melor2015","144.166666666667","26.8284677306288","83.6547987917305","0","0","0","0","0","0","0","0","0","0","7.03","35.55","22.34","38.42","4.86","1","92928","40.3590798578642","11.8384140639611","0.355339442678137","4.03964840097251","41.5934168692725","0.411445670469422","0.149616607443426","0.43014774639985","0.729380961286703","NA","86020000","Tarangnan","Eastern Visayas","Visayas","0","0","0","0","0","0","0","0","2.29822969436646","2.29104685783386","-0.242148637771606",2.298,2.29,-0.242
"855","PH041032000","melor2015","291.99","44.7366406794624","35.9497543054505","0","0","0","0","0","0","0","0","0","0","4.68","175.14","24.87","25.34","5.11","0","0","76.5538388960962","16.5467625899281","0.129732279749971","0.330227621181743","5.87333411958958","0.0117938436136336","0.0117938436136336","0.0943507489090694","0.117938436136337","0","41032000","Taysan","CALABARZON","Luzon","0","0","0","0","0","0","0","0","0.973304688930511","1.17590057849884","0.106026500463486",0.973,1.18,0.106
"856","PH045813000","melor2015","138.5","27.4072008711136","95.2306231400383","0.01","0.02","0.02","0.01","0.01","0","0","0","0","0.02","2.53","34.8","14.23","13.99","2.98","1","9353","81.0502629798865","17.0336420988694","0.67228978864976","0.0717845359543892","0.368585982688883","0.0124242466074904","0.0151851902980438","0.149090959289885","0.172558980659589","NA","45813000","Taytay","CALABARZON","Luzon","0.548144017422272","0","0","0","0.274072008711136","0.548144017422272","0","0.274072008711136","0.311276406049728","0.322255313396454","-0.541416525840759",0.311,0.32,-0.541
"857","PH175320000","melor2015","101.331428571429","6.79069369554167","274.576252110303","3.4","1.14","1.14","3.4","0.15","0.02","3.22","1.1","0.01","0.02","10.05","94.16","32.55","51.1","7.18","1","23887","23.4477583942975","23.5915713124492","0.037516413430876","1.13799787406991","50.2282248483712","0.0437691490026886","0","0.0250109422872506","0.0437691490026886","NA","175320000","Taytay","MIMAROPA Region","Luzon","7.7413908129175","21.8660336996442","0.0679069369554167","7.46976306509584","23.0883585648417","0.135813873910833","0.135813873910833","1.01860405433125","0.0926541090011597","0.0936933755874634","0.249165162444115",0.093,0.09,0.249
"858","PH015543000","melor2015","298.125","14.0381628332522","195.822750322362","0","0","0","0","0","0","0","0","0","0","0.6","59.91","1.84","4.1","0.36","0","0","80.7868252516011","13.9575073701332","0.345633831452679","0.243976822201891","3.66981803395344","0.0406628037003151","0.0101657009250787","0.0609942055504727","0.213479719426654","NA","15543000","Tayug","Ilocos Region","Luzon","0","0","0","0","0","0","0","0","0.126652240753174","0.0836016610264778","-0.278195440769196",0.127,0.08,-0.278
"859","PH045814000","melor2015","157.925","25.9500060091882","105.674800096957","0.14","0","0","0.14","0.14","0","0","0","0","0","4.18","81.37","19.34","21.9","4.28","0","0","85.8399821042428","11.8410260234136","0.723286854075013","0.11184848258892","0.827678771158005","0.0447393930355678","0.0149131310118559","0.0596525240474237","0.208783834165983","NA","45814000","Teresa","CALABARZON","Luzon","0","0","0","0","3.63300084128635","0","0","3.63300084128635","0.369075119495392","0.326409339904785","0.108334667980671",0.369,0.33,0.108
"860","PH042121000","melor2015","262.216666666667","40.4908594174004","38.1273328521202","3.3","17.24","17.2","3.3","0.07","0","3.23","17.24","0","0","11.04","121.56","35.02","56.47","7.86","1","29117","67.688219663419","23.170947741364","0.283436669619132","0.265721877767936","7.12134632418069","0.0177147918511957","0.106288751107174","0.159433126660762","0.761736049601417","0.141718334809566","42121000","Ternate","CALABARZON","Luzon","696.442781979287","130.785475918203","0","698.062416355983","133.619836077421","0","0","2.83436015921803","1.64594233036041","2.53054094314575","3.14126467704773",1.646,2.53,3.141
"861","PH045648000","melor2015","236.13","32.2470049135397","60.3362180869657","0.01","0","0","0.01","0.01","0","0","0","0","0","3.18","99.96","24.99","16.84","5.33","1","2529","79.3915735630637","17.7771795216943","0.713420379593485","0.07627765064836","1.1262170772199","0.0673038093956117","0.0358953650109929","0.0717907300219859","0.251267555076951","NA","45648000","Tiaong","CALABARZON","Luzon","0","0","0","0","0.322470049135397","0","0","0.322470049135397","0.392508983612061","0.34327444434166","0.667144656181335",0.393,0.34,0.667
"862","PH060617000","melor2015","98.3374999999999","13.4382938684307","178.86923731865","0","0","0","0","0","0","0","0","0","0","15.16","306.18","52.11","77.38","10.52","1","14586","47.2645596021178","37.2693726937269","1.25140381838601","0.481309160917696","10.5406706240975","0.529440077009466","0.032087277394513","0.288785496550618","1.92523664367078","NA","60617000","Tibiao","Western Visayas","Visayas","0","0","0","0","0","0","0","0","0.557579755783081","0.518157660961151","-0.506705641746521",0.558,0.52,-0.507
"863","PH051736000","melor2015","187.575","25.6691345886987","90.2069980800969","0.26","0.08","0.08","0.26","0.04","0","0.23","0.08","0","0","4.8","195.74","32.08","23.49","6.38","1","1588","52.1670744494932","10.0314575323314","0.0611674239776302","2.77001048584411","33.2576022369801","0.183502271932891","0.0524292205522544","0.200978678783642","0.253407899335897","NA","51736000","Tigaon","Bicol Region","Luzon","2.0535307670959","5.9039009554007","0","2.0535307670959","6.67397499306166","0","0","1.02676538354795","3.1143913269043","3.06471657752991","4.73063659667969",3.114,3.06,4.731
"864","PH063045000","melor2015","34.125","9.22929153139873","243.008550045697","0","0","0","0","0","0","0","0","0","0","2.76","43.76","12.7","14.98","2.75","1","9019","48.962717979555","37.6277811184606","0.112748045700541","0.879434756464221","11.7558628983764","0.0526157546602525","0.007516536380036","0.0526157546602525","0.105231509320505","NA","63045000","Tigbauan","Western Visayas","Visayas","0","0","0","0","0","0","0","0","0.171061992645264","0.381018251180649","0.0623330175876617",0.171,0.38,0.062
"865","PH051737000","melor2015","195.6875","24.59340978282","95.2404412146831","2.56","0.61","0.61","2.56","0.03","0","2.53","0.57","0.03","0","4.75","127.63","29.75","25.09","5.71","1","126660","31.5658657829329","8.23228138886797","0.0225954658431874","8.09670859380884","51.6155758077879","0.135572795059125","0","0.0301272877909166","0.0903818633727498","NA","51737000","Tinambac","Bicol Region","Luzon","15.0019799675202","62.2213267505346","0.7378022934846","14.0182435762074","62.9591290440192","0","0","0.7378022934846","1.51098585128784","1.74085676670074","-0.823277354240417",1.511,1.74,-0.823
"866","PH041033000","melor2015","283.05","53.4275422634189","15.2035415109445","0","0","0","0","0","0","0","0","0","0","13.09","126.3","29.37","65.75","6.65","1","5030","64.7015293537247","8.95411938825851","0.0740009866798224","2.39269856931426","23.2363098174642","0.148001973359645","0","0","0","NA","41033000","Tingloy","CALABARZON","Luzon","0","0","0","0","0","0","0","0","6.72615623474121","32.0080795288086","4.91683578491211",6.726,32.01,4.917
"867","PH142710000","melor2015","334.221428571428","10.595697673313","262.270694316038","2.43","0.05","0.05","2.43","2.43","0","0","0","0","0.05","24.27","1557.78","45.37","122.86","9.32","0","0","52.7939949958299","41.7570197386711","0.194606616624965","0","4.28134556574923","0.278009452321379","0.0278009452321378","0.0278009452321378","0.111203780928552","NA","142710000","Tinoc","Cordillera Administrative Region","Luzon","0.52978488366565","0","0","0","25.7475453461506","0.52978488366565","0","25.7475453461506","0.0409965515136719","0.145067438483238","0.256865590810776",0.041,0.15,0.257
"868","PH050518000","melor2015","167.275","30.8662274695503","69.891051806225","0","0","0","0","0","0","0","0","0","0","13.51","417.56","51.44","68.17","10.11","1","18316","64.8838268792711","9.00227790432802","0.0364464692482915","4.80182232346241","20.8473804100228","0.0546697038724373","0.0182232346241457","0.0637813211845102","0.218678815489749","NA","50518000","Tiwi","Bicol Region","Luzon","0","0","0","0","0","0","0","0","3.85630035400391","2.73421907424927","6.08562803268433",3.856,2.73,6.086
"869","PH060607000","melor2015","39.9875","8.74175514261323","262.763649399981","0","0","0","0","0","0","0","0","0","0","7.84","121.81","22.77","39.36","5.15","1","16878","36.5292146291709","40.0845111467288","0.0145708873670406","0.990820340958764","22.1331779105348","0","0","0.0291417747340813","0","NA","60607000","Tobias Fornier","Western Visayas","Visayas","0","0","0","0","0","0","0","0","0.105492047965527","0.135910183191299","-0.118637688457966",0.105,0.14,-0.119
"870","PH072251000","melor2015","14.95","7.8184985772571","261.7203061288","3.21","4.3","4.3","3.21","0.67","0","2.53","4.29","0.01","0","10.81","219.04","39.06","54.97","8.47","1","22753","59.1389050208542","30.7560318884959","0.517396124808616","0.300934480756032","7.40193231613959","0.150467240378016","0.256058286257325","0.72329866427327","0.335251570666807","NA","72251000","","Central Visayas","Visayas","33.6195438822055","19.7808014004605","0.078184985772571","33.541358896433","25.0973804329953","0","0","5.23839404676226","0.122354909777641","0.338278770446777","0.324948817491531",0.122,0.34,0.325
"871","PH083749000","melor2015","72.95","14.3065381878514","175.107415904847","0.05","0","0","0.05","0.05","0","0","0","0","0","5.35","39.06","33.74","26.99","7.3","1","9488","40.2623211446741","53.0206677265501","3.61685214626391","0.158982511923688","1.05325914149444","0.357710651828299","0.0794912559618442","0.119236883942766","0.715421303656598","NA","83749000","Tolosa","Eastern Visayas","Visayas","0","0","0","0","0.71532690939257","0","0","0.71532690939257","0.487322866916656","0.484564900398254","-0.341126203536987",0.487,0.48,-0.341
"872","PH086418000","melor2015","22.175","9.07710038073489","257.69831082435","3.4","0.85","0.85","3.4","0","0","3.4","0.77","0","0.09","11.38","266.41","30.23","57.12","6.67","1","11758","51.947339550192","41.8266593527153","0.137136588041689","0.301700493691717","5.34832693362589","0","0","0.0274273176083379","0","NA","86418000","Tomas Oppus","Eastern Visayas","Visayas","7.71553532362466","30.8621412944986","0","6.98936729316587","30.8621412944986","0.81693903426614","0","0","0.148455739021301","0.100817307829857","0.134589418768883",0.148,0.10,0.135
"873","PH133901000","melor2015","243.475","28.8819983825832","82.4092633722502","0.53","47.16","47.1","0.53","0","0","0.53","47.15","0.01","0","0.8","6.09","4.03","5.8","0.66","1","24059","100","0","0","0","0","0","0","0","0","NA","133901000","","National Capital Region","Luzon","1360.34212381967","15.3074591427691","0.288819983825832","1361.7862237388","15.3074591427691","0","0","0","15.2261714935303","16.2868137359619","17.3239593505859",15.226,16.29,17.324
"874","PH174006000","melor2015","316.835714285714","54.9504212176642","30.8250567786773","0","0","0","0","0","0","0","0","0","0","11.4","237.34","34.55","56.23","7.52","1","42588","62.8300510576222","21.2545587162655","0.0729394602479941","0.598103574033552","15.127644055434","0.0145878920495988","0.0145878920495988","0.0145878920495988","0.0291757840991976","0.729394602479942","174006000","Torrijos","MIMAROPA Region","Luzon","0","0","0","0","0","0","0","0","2.67742562294006","2.66069531440735","0.9625483751297",2.677,2.66,0.963
"875","PH042122000","melor2015","219.433333333333","36.590408425393","58.1910545972281","0","0.03","0.03","0","0","0","0","0","0","0.03","1.84","125.37","5.44","10.65","1.06","0","0","93.8893123951822","4.17746607714591","0.277481323372465","0.0945266046653453","0.908675102912029","0.0243939624942826","0.0213447171824973","0.0609849062357066","0.222594907760329","NA","42122000","","CALABARZON","Luzon","1.09771225276179","0","0","0","0","1.09771225276179","0","0","0.379921853542328","0.58798086643219","0.325748294591904",0.380,0.59,0.326
"876","PH071244000","melor2015","13.55","7.6165103231725","293.642652005058","0","0","0","0","0","0","0","0","0","0","2.49","51.63","13.32","14.49","2.68","0","0","56.2271864505767","17.1995911811943","0.0730033581544751","1.28485910351876","24.7043363994744","0.0730033581544751","0","0.014600671630895","0.20440940283253","NA","71244000","Trinidad","Central Visayas","Visayas","0","0","0","0","0","0","0","0","0.0515849776566029","0.0938306301832199","-0.2429289072752",0.052,0.09,-0.243
"877","PH141113000","melor2015","217.725","12.8125509950651","213.887801497752","0.15","0","0","0.15","0.11","0.01","0.03","0","0","0","21.53","906.28","47.66","108.26","9.59","0","0","90.3353411849321","7.89355389732986","0.287692169378765","0.0179807605861727","0.359615211723456","0.0089903802930863","0.0089903802930863","0.0179807605861727","0.0719230423446911","NA","141113000","Tuba","Cordillera Administrative Region","Luzon","0","0.384376529851953","0","0","1.92188264925976","0","0.128125509950651","1.40938060945716","0.0980407223105431","0.10969877243042","0.399164617061615",0.098,0.11,0.399
"878","PH168507000","melor2015","31.25","9.51165037817429","241.516037559706","3.88","3.39","3.39","3.88","0.81","0","3.07","3.23","0","0.16","10.68","100.13","37.72","53.44","8.08","1","28803","38.7166938553562","35.8890701468189","0","1.1963023382273","23.9804241435563","0.108754758020663","0","0","0","NA","168507000","Tubajon","Caraga","Mindanao","32.2444947820108","29.2007666609951","0","30.722630721503","36.9052034673162","1.52186406050789","0","7.70443680632118","0.0478848740458488","0.0900072380900383","-0.237447813153267",0.048,0.09,-0.237
"879","PH013320000","melor2015","187.416666666667","12.2298670848884","222.312621022279","1.37","0","0","1.37","0","0","1.37","0","0","0","7.13","85.82","31.7","35.95","6.74","0","0","79.2686754551161","15.8976773383553","0.423728813559322","0.156936597614564","2.54237288135593","0","0.0156936597614563","0.109855618330195","0.0784682988072818","NA","13320000","Tubao","Ilocos Region","Luzon","0","16.7549179062971","0","0","16.7549179062971","0","0","0","0.103230349719524","0.105024732649326","0.550881206989288",0.103,0.11,0.551
"880","PH141114000","melor2015","227.02","11.3258928582661","243.202066700747","2.35","0.15","0.15","2.35","2.32","0.03","0","0","0","0.15","17.06","1137.31","37.79","85.2","8.14","0","0","94.5770627919045","4.67047223663726","0.0518941359626362","0.0259470679813181","0.570835495588998","0","0","0","0.0518941359626362","NA","141114000","Tublay","Cordillera Administrative Region","Luzon","1.69888392873991","0","0","0","26.6158482169253","1.69888392873991","0.339776785747983","26.2760714311773","0.116653449833393","0.137026503682137","-0.58248233795166",0.117,0.14,-0.582
"881","PH063046000","melor2015","47.4125","9.78953932920038","232.732716486283","0.74","0","0","0.74","0.69","0.05","0","0","0","0","13.36","394.23","42.29","67.33","8.71","0","0","38.0785123966942","58.5537190082645","0.0619834710743801","0.0413223140495867","2.56198347107438","0","0","0","0","NA","63046000","Tubungan","Western Visayas","Visayas","0","0","0","0","7.24425910360828","0","0.489476966460019","6.75478213714826","0.0625519752502441","0.0794530957937241","0.107866920530796",0.063,0.08,0.108
"882","PH072252000","melor2015","24.9333333333333","9.6386969933059","221.890499549146","0.48","0.06","0.06","0.48","0.48","0","0","0","0","0.06","9.16","160.44","30.22","50.94","6.7","1","28017","32.9036997462268","37.0642446907974","0.120208361159343","0.948310404701482","28.1287565112862","0.0734606651529317","0","0.160277814879124","0.0934953920128222","NA","72252000","Tuburan","Central Visayas","Visayas","0.578321819598354","0","0","0","4.62657455678683","0.578321819598354","0","4.62657455678683","0.175075650215149","0.122674472630024","0.274521172046661",0.175,0.12,0.275
"883","PH072253000","melor2015","8.725","10.7075433273805","226.1495281442","0","0","0","0","0","0","0","0","0","0","5.39","93.83","19.48","26.13","4.3","1","18433","46.5360899528473","34.2401160681901","0.0725426187885382","0.83424011606819","18.0268407689518","0","0","0","0","NA","72253000","Tudela","Central Visayas","Visayas","0","0","0","0","0","0","0","0","0.213814601302147","0.149741217494011","1.7840324640274",0.214,0.15,1.784
"884","PH083750000","melor2015","62.7","16.352666408279","154.2022973702","0","0","0","0","0","0","0","0","0","0","1.25","46.43","3.58","7.55","0.75","0","0","65.8490566037736","27.3584905660377","0.817610062893082","0.691823899371069","4.15094339622642","0.125786163522012","0.0628930817610062","0.251572327044025","0.566037735849057","NA","83750000","Tunga","Eastern Visayas","Visayas","0","0","0","0","0","0","0","0","0.555264711380005","0.128061056137085","0.459970831871033",0.555,0.13,0.460
"885","PH041034000","melor2015","235.26","46.3619842055331","27.5092411913142","0","0","0","0","0","0","0","0","0","0","3.84","130.23","24.46","19.65","5.1","0","0","82.9778752242376","12.158660554116","0.169423958540961","1.55471397249352","2.72074945186366","0.0597966912497508","0","0.10962726729121","0.099661152082918","NA","41034000","Tuy","CALABARZON","Luzon","0","0","0","0","0","0","0","0","1.5164715051651","1.53912901878357","1.32939672470093",1.516,1.54,1.329
"886","PH071246000","melor2015","12.0388888888889","7.67633505347068","292.554609153923","0.01","0","0","0.01","0.01","0","0","0","0","0","3.11","47.14","21.59","17.04","4.42","1","15741","52.1897147010721","22.4544188018656","0.121146041553092","1.10242897813314","23.7022230298625","0.109031437397783","0.0121146041553092","0.0424011145435822","0.030286510388273","NA","71246000","Ubay","Central Visayas","Visayas","0","0","0","0","0.0767633505347068","0","0","0.0767633505347068","0.345384299755096","0.151258260011673","-0.409952312707901",0.345,0.15,-0.410
"887","PH015544000","melor2015","356.966666666667","15.3915672347919","178.162796774016","0.06","0","0","0.06","0.06","0","0","0","0","0","3.79","149.99","34.59","19.8","6.99","0","0","73.3733733733734","11.1405523170229","0.0765471353706647","1.33663074839545","13.3663074839545","0.0412176882765118","0.0058882411823588","0.0412176882765118","0.0706588941883059","NA","15544000","Umingan","Ilocos Region","Luzon","0","0","0","0","0.923494034087514","0","0","0.923494034087514","0.152728095650673","0.10268110781908","1.35532975196838",0.153,0.10,1.355
"888","PH045649000","melor2015","284.9125","26.3834960378352","95.8252129640645","2.07","2.4","2.4","2.07","0","0","2.07","2.35","0","0.05","3.95","46.29","14.35","21.64","3.14","1","20613","54.0667530784187","18.5029163966299","0.113415424497732","1.92806221646144","24.1412832145172","0.243033052495139","0.0324044069993519","0.113415424497732","0.0486066104990278","NA","45649000","Unisan","CALABARZON","Luzon","63.3203904908045","54.6138367983189","0","62.0012156889127","54.6138367983189","1.31917480189176","0","0","1.16029763221741","1.79611814022064","0.919033586978912",1.160,1.80,0.919
"889","PH015545000","melor2015","234.35","15.7109411013678","165.988598861657","0.36","0","0","0.36","0","0","0.36","0","0","0","0.93","14.12","2.88","6.2","0.58","0","0","69.5430984833941","19.6678825110386","0.220771741217124","0.671913995008639","8.66769053561144","0.0287963140717988","0.0095987713572662","0.0575926281435976","0.0959877135726627","NA","15545000","Urbiztondo","Ilocos Region","Luzon","0","5.65593879649241","0","0","5.65593879649241","0","0","0","0.116698555648327","0.104739733040333","0.965131342411041",0.117,0.10,0.965
"890","PH054121000","melor2015","182.625","31.0992822110751","61.694928005512","0","0","0","0","0","0","0","0","0","0","4.67","81.71","21.15","24.26","4.62","1","34121","28.8191434021155","23.0535807178776","0.364140801109762","2.1068146349922","40.3676088087394","0.728281602219525","0.0260100572221258","0.164730362406797","0.919022021848448","NA","54121000","Uson","Bicol Region","Luzon","0","0","0","0","0","0","0","0","1.42932236194611","3.10034513473511","-4.7952709197998",1.429,3.10,-4.795
"891","PH060618000","melor2015","74.335","11.7454470122269","199.867304145178","0","0","0","0","0","0","0","0","0","0","18.24","551.3","51.53","92.63","10.39","0","0","37.0754035172248","53.0956396049145","0.0722717417489761","0.0481811611659841","8.88942423512407","0","0","0.024090580582992","0.0481811611659841","NA","60618000","Valderrama","Western Visayas","Visayas","0","0","0","0","0","0","0","0","0.158887341618538","0.144474044442177","0.430770426988602",0.159,0.14,0.431
"892","PH036917000","melor2015","336.7375","18.310654866659","141.168790086954","0","0","0","0","0","0","0","0","0","0","0.54","26.67","1.81","4.02","0.33","0","0","84.369803791154","9.40472231459927","0.31260392417692","0.458929165281011","4.77552377785168","0.0931160625207848","0.033255736614566","0.106418357166611","0.113069504489524","NA","36917000","Victoria","Central Luzon","Luzon","0","0","0","0","0","0","0","0","0.295772194862366","0.230304852128029","-0.822403371334076",0.296,0.23,-0.822
"893","PH043430000","melor2015","220.8","27.3153104860217","89.6136077811461","0","0","0","0","0","0","0","0","0","0","0.8","9.75","2.79","5.51","0.56","1","8348","87.3287010229685","10.7411696583671","0.135109052306504","0.0965064659332175","0.945763366145532","0","0.0096506465933217","0.038602586373287","0.193012931866435","NA","43430000","Victoria","CALABARZON","Luzon","0","0","0","0","0","0","0","0","0.315435081720352","0.335495501756668","0.599514663219452",0.315,0.34,0.600
"894","PH084823000","melor2015","265.825","51.0761777322398","29.4217125455311","1.8","6.25","6.25","1.8","0.12","0","1.68","6.25","0","0","6.67","133.45","23.86","35.12","5.33","1","13107","43.4579439252336","19.5638629283489","0.186915887850467","3.61370716510903","32.4922118380062","0.311526479750779","0.0311526479750778","0.155763239875389","0.0311526479750778","5.57632398753894","84823000","Victoria","Eastern Visayas","Visayas","319.226110826499","85.8079785901629","0","319.226110826499","91.9371199180316","0","0","6.12914132786878","13.1907186508179","5.62969875335693","5.79872179031372",13.191,5.63,5.799
"895","PH175215000","melor2015","270.26875","58.2045613404858","5.59342788055315","0.1","0","0","0.1","0.1","0","0","0","0","0","5.31","127.16","29.96","27.96","6.1","1","19748","66.1061151079137","13.8039568345324","0.242805755395683","1.86151079136691","17.3920863309353","0.026978417266187","0","0.0449640287769784","0.026978417266187","24.6492805755396","175215000","Victoria","MIMAROPA Region","Luzon","0","0","0","0","5.82045613404858","0","0","5.82045613404858","6.45980930328369","7.41809177398682","25.3321533203125",6.460,7.42,25.332
"896","PH052010000","melor2015","128.725","20.1194757573403","118.67618556313","5.94","1.17","1.17","5.94","1.49","0","4.46","1.17","0","0","11.05","146.52","33.45","57.45","7.31","1","38265","41.5006947660954","8.80037054191755","0.0926354793886058","7.82769800833719","40.3195924038907","0.32422417786012","0.0231588698471514","0.231588698471515","0.208429828624363","NA","52010000","Viga","Bicol Region","Luzon","23.5397866360881","89.7328618777377","0","23.5397866360881","119.509685998601","0","0","29.978018878437","1.86431539058685","2.06827211380005","3.57773637771606",1.864,2.07,3.578
"897","PH083751000","melor2015","46.77","15.1422786907496","160.434672667097","0","0","0","0","0","0","0","0","0","0","6.61","87.16","19.92","33.38","4.57","1","30333","37.7520787537035","57.6889993309758","1.0322087355443","0.105132371212845","2.11220491254898","0.0955748829207684","0.0764599063366147","0.238937207301921","0.305839625346459","NA","83751000","Villaba","Eastern Visayas","Visayas","0","0","0","0","0","0","0","0","0.90438848733902","0.68474006652832","-0.203969746828079",0.904,0.68,-0.204
"898","PH086021000","melor2015","97.6","21.1887622657947","116.761543415882","0.06","0.06","0.06","0.06","0","0","0.06","0.06","0","0","4.02","34.53","16.94","22.48","3.54","1","5","32.7275786639744","35.2347299343766","0.925458522631668","0.94228504122497","28.4536429412754","0.656234225138819","0.016826518593303","0.21874474171294","0.302877334679455","NA","86021000","Villareal","Eastern Visayas","Visayas","1.27132573594768","1.27132573594768","0","1.27132573594768","1.27132573594768","0","0","0","2.11847138404846","1.46899282932281","0.889899969100952",2.118,1.47,0.890
"899","PH015547000","melor2015","273.6875","15.2958654413067","174.681148570249","0","0","0","0","0","0","0","0","0","0","0.79","32.39","3.27","5.16","0.67","0","0","80.4320557491289","13.4564459930314","0.209059233449477","0.383275261324042","4.70383275261324","0.0278745644599303","0","0.0348432055749128","0.0975609756097561","NA","15547000","Villasis","Ilocos Region","Luzon","0","0","0","0","0","0","0","0","0.117988236248493","0.0919307842850685","0.0324325636029243",0.118,0.09,0.032
"900","PH025014000","melor2015","378.45","10.4334301608478","267.816971521173","0.06","0.09","0.09","0.06","0.06","0","0","0","0","0.09","7.7","448.6","36.03","37.53","7.71","0","0","73.7102951115116","22.3473755350304","0.202748366749268","0.0901103852218968","3.06375309754449","0.0225275963054742","0","0.0675827889164226","0.0225275963054742","NA","25014000","Villaverde","Cagayan Valley","Luzon","0.939008714476302","0","0","0","0.626005809650868","0.939008714476302","0","0.626005809650868","0.0899724140763283","0.0789238139986992","0.387732714414597",0.090,0.08,0.388
"901","PH051612000","melor2015","233.15","17.3225272909192","143.567145911097","4.15","3.05","3.05","4.15","0","0","4.15","2.91","0.13","0","2.08","11.13","17.24","11.42","3.66","1","37565","47.4252491694352","3.64410299003322","0.0311461794019933","12.1989202657807","36.1918604651163","0.28031561461794","0.0103820598006644","0.0311461794019933","0.103820598006645","0","51612000","Vinzons","Bicol Region","Luzon","52.8337082373036","71.8884882573147","2.2519285478195","50.4085544165749","71.8884882573147","0","0","0","0.487383872270584","0.610607266426086","0.495870351791382",0.487,0.61,0.496
"902","PH052011000","melor2015","105.7125","25.7130852938656","90.48793574153","1.05","10.84","10.8","1.05","0.42","0","0.63","10.84","0","0","9.98","166.73","39.8","51.31","8.55","1","28828","66.051611177965","15.4231849177698","0.247359272630031","3.03516512902794","14.0326246824442","0.260730044123546","0.0200561572402727","0.113651557694879","0.0869100147078486","NA","52011000","Virac","Bicol Region","Luzon","277.701321173749","16.1992437351353","0","278.729844585503","26.9987395585589","0","0","10.7994958234236","1.9727578163147","2.07766032218933","0.953895151615143",1.973,2.08,0.954
"903","PH034932000","melor2015","335.525","19.151807808677","135.104405846476","0","0","0","0","0","0","0","0","0","0","0.51","19.92","1.79","3.92","0.31","0","0","79.9945365142961","11.9468220724822","0.0910580950646512","0.528136951374977","7.05700236751047","0.0546348570387907","0.0091058095064651","0.0455290475323256","0.100163904571116","NA","34932000","Zaragoza","Central Luzon","Luzon","0","0","0","0","0","0","0","0","0.39644867181778","0.242416307330132","-0.552353203296661",0.396,0.24,-0.552
"904","PH063047000","melor2015","21.8166666666667","9.80202256207836","228.93371665479","0","0","0","0","0","0","0","0","0","0","0.56","6.95","1.86","3.84","0.38","1","6278","55.2325581395349","32.4897400820793","0.256497948016416","0.341997264021888","11.1320109439124","0.0512995896032831","0.0170998632010943","0.0170998632010943","0.0170998632010943","NA","63047000","Zarraga","Western Visayas","Visayas","0","0","0","0","0","0","0","0","0.898268401622772","0.715776801109314","3.43732595443726",0.898,0.72,3.437
"905","PH086023000","melor2015","137.725","22.509141629804","108.43729717722","0.9","0","0","0.9","0.9","0","0","0","0","0","10.25","83.41","27.97","50.53","6.27","1","69390","34.5432174715472","36.081205782836","0","1.78406644109505","27.3761919409412","0","0","0.09227929867733","0","NA","86023000","Zumarraga","Eastern Visayas","Visayas","0","0","0","0","20.2582274668236","0","0","20.2582274668236","2.76351523399353","1.57283127307892","2.44557857513428",2.764,1.57,2.446
